[     218ms] [INFO] %cDownload the React DevTools for a better development experience: https://react.dev/link/react-devtools font-weight:bold @ http://localhost:5173/node_modules/.vite/deps/react-dom_client.js?v=fdad505b:14333
[     369ms] [VERBOSE] [DOM] Input elements should have autocomplete attributes (suggested: "current-password"): (More info: https://goo.gl/9p2vKq) %o @ http://localhost:5173/:0
[  266684ms] [LOG] [vite] server connection lost. Polling for restart... @ http://localhost:5173/@vite/client:998
[  268151ms] [ERROR] Failed to load resource: net::ERR_CONNECTION_REFUSED @ http://localhost:8080/api/chat/history?user1=kai_test&user2=jade_test:0
[  268175ms] [LOG] Failed to load chat history @ http://localhost:5173/src/App.jsx:1066
[  270146ms] [ERROR] Failed to load resource: net::ERR_CONNECTION_REFUSED @ http://localhost:8080/api/chat/history?user1=kai_test&user2=jade_test:0
[  270146ms] [LOG] Failed to load chat history @ http://localhost:5173/src/App.jsx:1066
[  271628ms] [ERROR] Failed to load resource: net::ERR_CONNECTION_REFUSED @ http://localhost:8080/api/auth/users:0
[  271629ms] [LOG] Failed to load contacts @ http://localhost:5173/src/App.jsx:1009
[  271631ms] [ERROR] Failed to load resource: net::ERR_CONNECTION_REFUSED @ http://localhost:8080/api/groups/mine?username=kai_test:0
[  271631ms] [LOG] Failed to load groups @ http://localhost:5173/src/App.jsx:1019
[  272323ms] [ERROR] Failed to load resource: net::ERR_CONNECTION_REFUSED @ http://localhost:8080/api/chat/history?user1=kai_test&user2=jade_test:0
[  272323ms] [LOG] Failed to load chat history @ http://localhost:5173/src/App.jsx:1066
[  274152ms] [ERROR] Failed to load resource: net::ERR_CONNECTION_REFUSED @ http://localhost:8080/api/chat/history?user1=kai_test&user2=jade_test:0
[  274152ms] [LOG] Failed to load chat history @ http://localhost:5173/src/App.jsx:1066
[  276069ms] [ERROR] Failed to load resource: net::ERR_CONNECTION_REFUSED @ http://localhost:8080/api/auth/users:0
[  276071ms] [LOG] Failed to load contacts @ http://localhost:5173/src/App.jsx:1009
[  276074ms] [ERROR] Failed to load resource: net::ERR_CONNECTION_REFUSED @ http://localhost:8080/api/groups/mine?username=kai_test:0
[  276075ms] [LOG] Failed to load groups @ http://localhost:5173/src/App.jsx:1019
[  276149ms] [ERROR] Failed to load resource: net::ERR_CONNECTION_REFUSED @ http://localhost:8080/api/chat/history?user1=kai_test&user2=jade_test:0
[  276151ms] [LOG] Failed to load chat history @ http://localhost:5173/src/App.jsx:1066
[  278166ms] [ERROR] Failed to load resource: net::ERR_CONNECTION_REFUSED @ http://localhost:8080/api/chat/history?user1=kai_test&user2=jade_test:0
[  278166ms] [LOG] Failed to load chat history @ http://localhost:5173/src/App.jsx:1066
[  280171ms] [ERROR] Failed to load resource: net::ERR_CONNECTION_REFUSED @ http://localhost:8080/api/chat/history?user1=kai_test&user2=jade_test:0
[  280171ms] [LOG] Failed to load chat history @ http://localhost:5173/src/App.jsx:1066
[  281013ms] [ERROR] Failed to load resource: net::ERR_CONNECTION_REFUSED @ http://localhost:8080/api/auth/users:0
[  281013ms] [LOG] Failed to load contacts @ http://localhost:5173/src/App.jsx:1009
[  281013ms] [ERROR] Failed to load resource: net::ERR_CONNECTION_REFUSED @ http://localhost:8080/api/groups/mine?username=kai_test:0
[  281013ms] [LOG] Failed to load groups @ http://localhost:5173/src/App.jsx:1019
[  283296ms] [ERROR] Failed to load resource: net::ERR_CONNECTION_REFUSED @ http://localhost:8080/api/chat/history?user1=kai_test&user2=jade_test:0
[  283297ms] [LOG] Failed to load chat history @ http://localhost:5173/src/App.jsx:1066
[  284327ms] [ERROR] Failed to load resource: net::ERR_CONNECTION_REFUSED @ http://localhost:8080/api/chat/history?user1=kai_test&user2=jade_test:0
[  284327ms] [LOG] Failed to load chat history @ http://localhost:5173/src/App.jsx:1066
[  287215ms] [ERROR] Failed to load resource: net::ERR_CONNECTION_REFUSED @ http://localhost:8080/api/auth/users:0
[  287216ms] [LOG] Failed to load contacts @ http://localhost:5173/src/App.jsx:1009
[  287220ms] [ERROR] Failed to load resource: net::ERR_CONNECTION_REFUSED @ http://localhost:8080/api/groups/mine?username=kai_test:0
[  287221ms] [LOG] Failed to load groups @ http://localhost:5173/src/App.jsx:1019
[  287222ms] [ERROR] Failed to load resource: net::ERR_CONNECTION_REFUSED @ http://localhost:8080/api/chat/history?user1=kai_test&user2=jade_test:0
[  287224ms] [LOG] Failed to load chat history @ http://localhost:5173/src/App.jsx:1066
[  288142ms] [ERROR] Failed to load resource: net::ERR_CONNECTION_REFUSED @ http://localhost:8080/api/chat/history?user1=kai_test&user2=jade_test:0
[  288142ms] [LOG] Failed to load chat history @ http://localhost:5173/src/App.jsx:1066
[  290152ms] [ERROR] Failed to load resource: net::ERR_CONNECTION_REFUSED @ http://localhost:8080/api/chat/history?user1=kai_test&user2=jade_test:0
[  290153ms] [LOG] Failed to load chat history @ http://localhost:5173/src/App.jsx:1066
[  290915ms] [ERROR] Failed to load resource: net::ERR_CONNECTION_REFUSED @ http://localhost:8080/api/auth/users:0
[  290915ms] [LOG] Failed to load contacts @ http://localhost:5173/src/App.jsx:1009
[  290916ms] [ERROR] Failed to load resource: net::ERR_CONNECTION_REFUSED @ http://localhost:8080/api/groups/mine?username=kai_test:0
[  290916ms] [LOG] Failed to load groups @ http://localhost:5173/src/App.jsx:1019
[  292148ms] [ERROR] Failed to load resource: net::ERR_CONNECTION_REFUSED @ http://localhost:8080/api/chat/history?user1=kai_test&user2=jade_test:0
[  292148ms] [LOG] Failed to load chat history @ http://localhost:5173/src/App.jsx:1066
[  294148ms] [ERROR] Failed to load resource: net::ERR_CONNECTION_REFUSED @ http://localhost:8080/api/chat/history?user1=kai_test&user2=jade_test:0
[  294148ms] [LOG] Failed to load chat history @ http://localhost:5173/src/App.jsx:1066
[  295919ms] [ERROR] Failed to load resource: net::ERR_CONNECTION_REFUSED @ http://localhost:8080/api/auth/users:0
[  295919ms] [LOG] Failed to load contacts @ http://localhost:5173/src/App.jsx:1009
[  295920ms] [ERROR] Failed to load resource: net::ERR_CONNECTION_REFUSED @ http://localhost:8080/api/groups/mine?username=kai_test:0
[  295921ms] [LOG] Failed to load groups @ http://localhost:5173/src/App.jsx:1019
[  296140ms] [ERROR] Failed to load resource: net::ERR_CONNECTION_REFUSED @ http://localhost:8080/api/chat/history?user1=kai_test&user2=jade_test:0
[  296140ms] [LOG] Failed to load chat history @ http://localhost:5173/src/App.jsx:1066
[  298156ms] [ERROR] Failed to load resource: net::ERR_CONNECTION_REFUSED @ http://localhost:8080/api/chat/history?user1=kai_test&user2=jade_test:0
[  298156ms] [LOG] Failed to load chat history @ http://localhost:5173/src/App.jsx:1066
[  300147ms] [ERROR] Failed to load resource: net::ERR_CONNECTION_REFUSED @ http://localhost:8080/api/chat/history?user1=kai_test&user2=jade_test:0
[  300147ms] [LOG] Failed to load chat history @ http://localhost:5173/src/App.jsx:1066
[  300912ms] [ERROR] Failed to load resource: net::ERR_CONNECTION_REFUSED @ http://localhost:8080/api/auth/users:0
[  300913ms] [LOG] Failed to load contacts @ http://localhost:5173/src/App.jsx:1009
[  300913ms] [ERROR] Failed to load resource: net::ERR_CONNECTION_REFUSED @ http://localhost:8080/api/groups/mine?username=kai_test:0
[  300913ms] [LOG] Failed to load groups @ http://localhost:5173/src/App.jsx:1019
[  302157ms] [ERROR] Failed to load resource: net::ERR_CONNECTION_REFUSED @ http://localhost:8080/api/chat/history?user1=kai_test&user2=jade_test:0
[  302160ms] [LOG] Failed to load chat history @ http://localhost:5173/src/App.jsx:1066
[  304187ms] [ERROR] Failed to load resource: net::ERR_CONNECTION_REFUSED @ http://localhost:8080/api/chat/history?user1=kai_test&user2=jade_test:0
[  304187ms] [LOG] Failed to load chat history @ http://localhost:5173/src/App.jsx:1066
[  305915ms] [ERROR] Failed to load resource: net::ERR_CONNECTION_REFUSED @ http://localhost:8080/api/auth/users:0
[  305917ms] [LOG] Failed to load contacts @ http://localhost:5173/src/App.jsx:1009
[  305921ms] [ERROR] Failed to load resource: net::ERR_CONNECTION_REFUSED @ http://localhost:8080/api/groups/mine?username=kai_test:0
[  305921ms] [LOG] Failed to load groups @ http://localhost:5173/src/App.jsx:1019
[  306144ms] [ERROR] Failed to load resource: net::ERR_CONNECTION_REFUSED @ http://localhost:8080/api/chat/history?user1=kai_test&user2=jade_test:0
[  306144ms] [LOG] Failed to load chat history @ http://localhost:5173/src/App.jsx:1066
[  308140ms] [ERROR] Failed to load resource: net::ERR_CONNECTION_REFUSED @ http://localhost:8080/api/chat/history?user1=kai_test&user2=jade_test:0
[  308140ms] [LOG] Failed to load chat history @ http://localhost:5173/src/App.jsx:1066
[  310145ms] [ERROR] Failed to load resource: net::ERR_CONNECTION_REFUSED @ http://localhost:8080/api/chat/history?user1=kai_test&user2=jade_test:0
[  310146ms] [LOG] Failed to load chat history @ http://localhost:5173/src/App.jsx:1066
[  310917ms] [ERROR] Failed to load resource: net::ERR_CONNECTION_REFUSED @ http://localhost:8080/api/auth/users:0
[  310918ms] [LOG] Failed to load contacts @ http://localhost:5173/src/App.jsx:1009
[  310921ms] [ERROR] Failed to load resource: net::ERR_CONNECTION_REFUSED @ http://localhost:8080/api/groups/mine?username=kai_test:0
[  310921ms] [LOG] Failed to load groups @ http://localhost:5173/src/App.jsx:1019
[  312153ms] [ERROR] Failed to load resource: net::ERR_CONNECTION_REFUSED @ http://localhost:8080/api/chat/history?user1=kai_test&user2=jade_test:0
[  312153ms] [LOG] Failed to load chat history @ http://localhost:5173/src/App.jsx:1066
[  314367ms] [ERROR] Failed to load resource: net::ERR_CONNECTION_REFUSED @ http://localhost:8080/api/chat/history?user1=kai_test&user2=jade_test:0
[  314367ms] [LOG] Failed to load chat history @ http://localhost:5173/src/App.jsx:1066
[  315920ms] [ERROR] Failed to load resource: net::ERR_CONNECTION_REFUSED @ http://localhost:8080/api/auth/users:0
[  315921ms] [LOG] Failed to load contacts @ http://localhost:5173/src/App.jsx:1009
[  315921ms] [ERROR] Failed to load resource: net::ERR_CONNECTION_REFUSED @ http://localhost:8080/api/groups/mine?username=kai_test:0
[  315921ms] [LOG] Failed to load groups @ http://localhost:5173/src/App.jsx:1019
[  316137ms] [ERROR] Failed to load resource: net::ERR_CONNECTION_REFUSED @ http://localhost:8080/api/chat/history?user1=kai_test&user2=jade_test:0
[  316137ms] [LOG] Failed to load chat history @ http://localhost:5173/src/App.jsx:1066
[  318153ms] [ERROR] Failed to load resource: net::ERR_CONNECTION_REFUSED @ http://localhost:8080/api/chat/history?user1=kai_test&user2=jade_test:0
[  318154ms] [LOG] Failed to load chat history @ http://localhost:5173/src/App.jsx:1066
[  320143ms] [ERROR] Failed to load resource: net::ERR_CONNECTION_REFUSED @ http://localhost:8080/api/chat/history?user1=kai_test&user2=jade_test:0
[  320143ms] [LOG] Failed to load chat history @ http://localhost:5173/src/App.jsx:1066
[  320908ms] [ERROR] Failed to load resource: net::ERR_CONNECTION_REFUSED @ http://localhost:8080/api/auth/users:0
[  320909ms] [LOG] Failed to load contacts @ http://localhost:5173/src/App.jsx:1009
[  320911ms] [ERROR] Failed to load resource: net::ERR_CONNECTION_REFUSED @ http://localhost:8080/api/groups/mine?username=kai_test:0
[  320911ms] [LOG] Failed to load groups @ http://localhost:5173/src/App.jsx:1019
[  322150ms] [ERROR] Failed to load resource: net::ERR_CONNECTION_REFUSED @ http://localhost:8080/api/chat/history?user1=kai_test&user2=jade_test:0
[  322151ms] [LOG] Failed to load chat history @ http://localhost:5173/src/App.jsx:1066
[  324147ms] [ERROR] Failed to load resource: net::ERR_CONNECTION_REFUSED @ http://localhost:8080/api/chat/history?user1=kai_test&user2=jade_test:0
[  324148ms] [LOG] Failed to load chat history @ http://localhost:5173/src/App.jsx:1066
[  325905ms] [ERROR] Failed to load resource: net::ERR_CONNECTION_REFUSED @ http://localhost:8080/api/auth/users:0
[  325905ms] [LOG] Failed to load contacts @ http://localhost:5173/src/App.jsx:1009
[  325908ms] [ERROR] Failed to load resource: net::ERR_CONNECTION_REFUSED @ http://localhost:8080/api/groups/mine?username=kai_test:0
[  325908ms] [LOG] Failed to load groups @ http://localhost:5173/src/App.jsx:1019
[  326139ms] [ERROR] Failed to load resource: net::ERR_CONNECTION_REFUSED @ http://localhost:8080/api/chat/history?user1=kai_test&user2=jade_test:0
[  326140ms] [LOG] Failed to load chat history @ http://localhost:5173/src/App.jsx:1066
[  328148ms] [ERROR] Failed to load resource: net::ERR_CONNECTION_REFUSED @ http://localhost:8080/api/chat/history?user1=kai_test&user2=jade_test:0
[  328148ms] [LOG] Failed to load chat history @ http://localhost:5173/src/App.jsx:1066
[  330148ms] [ERROR] Failed to load resource: net::ERR_CONNECTION_REFUSED @ http://localhost:8080/api/chat/history?user1=kai_test&user2=jade_test:0
[  330148ms] [LOG] Failed to load chat history @ http://localhost:5173/src/App.jsx:1066
[  330910ms] [ERROR] Failed to load resource: net::ERR_CONNECTION_REFUSED @ http://localhost:8080/api/auth/users:0
[  330910ms] [LOG] Failed to load contacts @ http://localhost:5173/src/App.jsx:1009
[  330912ms] [ERROR] Failed to load resource: net::ERR_CONNECTION_REFUSED @ http://localhost:8080/api/groups/mine?username=kai_test:0
[  330913ms] [LOG] Failed to load groups @ http://localhost:5173/src/App.jsx:1019
[  332139ms] [ERROR] Failed to load resource: net::ERR_CONNECTION_REFUSED @ http://localhost:8080/api/chat/history?user1=kai_test&user2=jade_test:0
[  332140ms] [LOG] Failed to load chat history @ http://localhost:5173/src/App.jsx:1066
[  334148ms] [ERROR] Failed to load resource: net::ERR_CONNECTION_REFUSED @ http://localhost:8080/api/chat/history?user1=kai_test&user2=jade_test:0
[  334148ms] [LOG] Failed to load chat history @ http://localhost:5173/src/App.jsx:1066
[  335911ms] [ERROR] Failed to load resource: net::ERR_CONNECTION_REFUSED @ http://localhost:8080/api/auth/users:0
[  335913ms] [LOG] Failed to load contacts @ http://localhost:5173/src/App.jsx:1009
[  335913ms] [ERROR] Failed to load resource: net::ERR_CONNECTION_REFUSED @ http://localhost:8080/api/groups/mine?username=kai_test:0
[  335913ms] [LOG] Failed to load groups @ http://localhost:5173/src/App.jsx:1019
[  336144ms] [ERROR] Failed to load resource: net::ERR_CONNECTION_REFUSED @ http://localhost:8080/api/chat/history?user1=kai_test&user2=jade_test:0
[  336144ms] [LOG] Failed to load chat history @ http://localhost:5173/src/App.jsx:1066
[  338143ms] [ERROR] Failed to load resource: net::ERR_CONNECTION_REFUSED @ http://localhost:8080/api/chat/history?user1=kai_test&user2=jade_test:0
[  338143ms] [LOG] Failed to load chat history @ http://localhost:5173/src/App.jsx:1066
[  340179ms] [ERROR] Failed to load resource: net::ERR_CONNECTION_REFUSED @ http://localhost:8080/api/chat/history?user1=kai_test&user2=jade_test:0
[  340179ms] [LOG] Failed to load chat history @ http://localhost:5173/src/App.jsx:1066
[  340922ms] [ERROR] Failed to load resource: net::ERR_CONNECTION_REFUSED @ http://localhost:8080/api/auth/users:0
[  340922ms] [LOG] Failed to load contacts @ http://localhost:5173/src/App.jsx:1009
[  340923ms] [ERROR] Failed to load resource: net::ERR_CONNECTION_REFUSED @ http://localhost:8080/api/groups/mine?username=kai_test:0
[  340923ms] [LOG] Failed to load groups @ http://localhost:5173/src/App.jsx:1019
[  342143ms] [ERROR] Failed to load resource: net::ERR_CONNECTION_REFUSED @ http://localhost:8080/api/chat/history?user1=kai_test&user2=jade_test:0
[  342143ms] [LOG] Failed to load chat history @ http://localhost:5173/src/App.jsx:1066
[  344336ms] [ERROR] Failed to load resource: net::ERR_CONNECTION_REFUSED @ http://localhost:8080/api/chat/history?user1=kai_test&user2=jade_test:0
[  344336ms] [LOG] Failed to load chat history @ http://localhost:5173/src/App.jsx:1066
[  346612ms] [ERROR] Failed to load resource: net::ERR_CONNECTION_REFUSED @ http://localhost:8080/api/auth/users:0
[  346615ms] [LOG] Failed to load contacts @ http://localhost:5173/src/App.jsx:1009
[  346615ms] [ERROR] Failed to load resource: net::ERR_CONNECTION_REFUSED @ http://localhost:8080/api/groups/mine?username=kai_test:0
[  346615ms] [LOG] Failed to load groups @ http://localhost:5173/src/App.jsx:1019
[  346615ms] [ERROR] Failed to load resource: net::ERR_CONNECTION_REFUSED @ http://localhost:8080/api/chat/history?user1=kai_test&user2=jade_test:0
[  346615ms] [LOG] Failed to load chat history @ http://localhost:5173/src/App.jsx:1066
[  348150ms] [ERROR] Failed to load resource: net::ERR_CONNECTION_REFUSED @ http://localhost:8080/api/chat/history?user1=kai_test&user2=jade_test:0
[  348150ms] [LOG] Failed to load chat history @ http://localhost:5173/src/App.jsx:1066
[  350150ms] [ERROR] Failed to load resource: net::ERR_CONNECTION_REFUSED @ http://localhost:8080/api/chat/history?user1=kai_test&user2=jade_test:0
[  350150ms] [LOG] Failed to load chat history @ http://localhost:5173/src/App.jsx:1066
[  350909ms] [ERROR] Failed to load resource: net::ERR_CONNECTION_REFUSED @ http://localhost:8080/api/auth/users:0
[  350909ms] [LOG] Failed to load contacts @ http://localhost:5173/src/App.jsx:1009
[  350910ms] [ERROR] Failed to load resource: net::ERR_CONNECTION_REFUSED @ http://localhost:8080/api/groups/mine?username=kai_test:0
[  350911ms] [LOG] Failed to load groups @ http://localhost:5173/src/App.jsx:1019
[  352140ms] [ERROR] Failed to load resource: net::ERR_CONNECTION_REFUSED @ http://localhost:8080/api/chat/history?user1=kai_test&user2=jade_test:0
[  352140ms] [LOG] Failed to load chat history @ http://localhost:5173/src/App.jsx:1066
[  354144ms] [ERROR] Failed to load resource: net::ERR_CONNECTION_REFUSED @ http://localhost:8080/api/chat/history?user1=kai_test&user2=jade_test:0
[  354145ms] [LOG] Failed to load chat history @ http://localhost:5173/src/App.jsx:1066
[  355910ms] [ERROR] Failed to load resource: net::ERR_CONNECTION_REFUSED @ http://localhost:8080/api/auth/users:0
[  355910ms] [LOG] Failed to load contacts @ http://localhost:5173/src/App.jsx:1009
[  355913ms] [ERROR] Failed to load resource: net::ERR_CONNECTION_REFUSED @ http://localhost:8080/api/groups/mine?username=kai_test:0
[  355914ms] [LOG] Failed to load groups @ http://localhost:5173/src/App.jsx:1019
[  356151ms] [ERROR] Failed to load resource: net::ERR_CONNECTION_REFUSED @ http://localhost:8080/api/chat/history?user1=kai_test&user2=jade_test:0
[  356151ms] [LOG] Failed to load chat history @ http://localhost:5173/src/App.jsx:1066
[  358154ms] [ERROR] Failed to load resource: net::ERR_CONNECTION_REFUSED @ http://localhost:8080/api/chat/history?user1=kai_test&user2=jade_test:0
[  358155ms] [LOG] Failed to load chat history @ http://localhost:5173/src/App.jsx:1066
[  360150ms] [ERROR] Failed to load resource: net::ERR_CONNECTION_REFUSED @ http://localhost:8080/api/chat/history?user1=kai_test&user2=jade_test:0
[  360150ms] [LOG] Failed to load chat history @ http://localhost:5173/src/App.jsx:1066
[  360917ms] [ERROR] Failed to load resource: net::ERR_CONNECTION_REFUSED @ http://localhost:8080/api/auth/users:0
[  360917ms] [LOG] Failed to load contacts @ http://localhost:5173/src/App.jsx:1009
[  360920ms] [ERROR] Failed to load resource: net::ERR_CONNECTION_REFUSED @ http://localhost:8080/api/groups/mine?username=kai_test:0
[  360921ms] [LOG] Failed to load groups @ http://localhost:5173/src/App.jsx:1019
[  362143ms] [ERROR] Failed to load resource: net::ERR_CONNECTION_REFUSED @ http://localhost:8080/api/chat/history?user1=kai_test&user2=jade_test:0
[  362143ms] [LOG] Failed to load chat history @ http://localhost:5173/src/App.jsx:1066
[  364140ms] [ERROR] Failed to load resource: net::ERR_CONNECTION_REFUSED @ http://localhost:8080/api/chat/history?user1=kai_test&user2=jade_test:0
[  364140ms] [LOG] Failed to load chat history @ http://localhost:5173/src/App.jsx:1066
[  365905ms] [ERROR] Failed to load resource: net::ERR_CONNECTION_REFUSED @ http://localhost:8080/api/auth/users:0
[  365905ms] [LOG] Failed to load contacts @ http://localhost:5173/src/App.jsx:1009
[  365907ms] [ERROR] Failed to load resource: net::ERR_CONNECTION_REFUSED @ http://localhost:8080/api/groups/mine?username=kai_test:0
[  365907ms] [LOG] Failed to load groups @ http://localhost:5173/src/App.jsx:1019
[  366139ms] [ERROR] Failed to load resource: net::ERR_CONNECTION_REFUSED @ http://localhost:8080/api/chat/history?user1=kai_test&user2=jade_test:0
[  366140ms] [LOG] Failed to load chat history @ http://localhost:5173/src/App.jsx:1066
[  368145ms] [ERROR] Failed to load resource: net::ERR_CONNECTION_REFUSED @ http://localhost:8080/api/chat/history?user1=kai_test&user2=jade_test:0
[  368146ms] [LOG] Failed to load chat history @ http://localhost:5173/src/App.jsx:1066
[  370141ms] [ERROR] Failed to load resource: net::ERR_CONNECTION_REFUSED @ http://localhost:8080/api/chat/history?user1=kai_test&user2=jade_test:0
[  370141ms] [LOG] Failed to load chat history @ http://localhost:5173/src/App.jsx:1066
[  370909ms] [ERROR] Failed to load resource: net::ERR_CONNECTION_REFUSED @ http://localhost:8080/api/auth/users:0
[  370909ms] [LOG] Failed to load contacts @ http://localhost:5173/src/App.jsx:1009
[  370910ms] [ERROR] Failed to load resource: net::ERR_CONNECTION_REFUSED @ http://localhost:8080/api/groups/mine?username=kai_test:0
[  370910ms] [LOG] Failed to load groups @ http://localhost:5173/src/App.jsx:1019
[  372154ms] [ERROR] Failed to load resource: net::ERR_CONNECTION_REFUSED @ http://localhost:8080/api/chat/history?user1=kai_test&user2=jade_test:0
[  372154ms] [LOG] Failed to load chat history @ http://localhost:5173/src/App.jsx:1066
[  374150ms] [ERROR] Failed to load resource: net::ERR_CONNECTION_REFUSED @ http://localhost:8080/api/chat/history?user1=kai_test&user2=jade_test:0
[  374151ms] [LOG] Failed to load chat history @ http://localhost:5173/src/App.jsx:1066
[  376080ms] [ERROR] Failed to load resource: net::ERR_CONNECTION_REFUSED @ http://localhost:8080/api/auth/users:0
[  376080ms] [LOG] Failed to load contacts @ http://localhost:5173/src/App.jsx:1009
[  376083ms] [ERROR] Failed to load resource: net::ERR_CONNECTION_REFUSED @ http://localhost:8080/api/groups/mine?username=kai_test:0
[  376084ms] [LOG] Failed to load groups @ http://localhost:5173/src/App.jsx:1019
[  376142ms] [ERROR] Failed to load resource: net::ERR_CONNECTION_REFUSED @ http://localhost:8080/api/chat/history?user1=kai_test&user2=jade_test:0
[  376142ms] [LOG] Failed to load chat history @ http://localhost:5173/src/App.jsx:1066
[  378217ms] [ERROR] Failed to load resource: net::ERR_CONNECTION_REFUSED @ http://localhost:8080/api/chat/history?user1=kai_test&user2=jade_test:0
[  378217ms] [LOG] Failed to load chat history @ http://localhost:5173/src/App.jsx:1066
[  380145ms] [ERROR] Failed to load resource: net::ERR_CONNECTION_REFUSED @ http://localhost:8080/api/chat/history?user1=kai_test&user2=jade_test:0
[  380145ms] [LOG] Failed to load chat history @ http://localhost:5173/src/App.jsx:1066
[  380915ms] [ERROR] Failed to load resource: net::ERR_CONNECTION_REFUSED @ http://localhost:8080/api/auth/users:0
[  380915ms] [LOG] Failed to load contacts @ http://localhost:5173/src/App.jsx:1009
[  380917ms] [ERROR] Failed to load resource: net::ERR_CONNECTION_REFUSED @ http://localhost:8080/api/groups/mine?username=kai_test:0
[  380920ms] [LOG] Failed to load groups @ http://localhost:5173/src/App.jsx:1019
[  382154ms] [ERROR] Failed to load resource: net::ERR_CONNECTION_REFUSED @ http://localhost:8080/api/chat/history?user1=kai_test&user2=jade_test:0
[  382156ms] [LOG] Failed to load chat history @ http://localhost:5173/src/App.jsx:1066
[  384154ms] [ERROR] Failed to load resource: net::ERR_CONNECTION_REFUSED @ http://localhost:8080/api/chat/history?user1=kai_test&user2=jade_test:0
[  384154ms] [LOG] Failed to load chat history @ http://localhost:5173/src/App.jsx:1066
[  385935ms] [ERROR] Failed to load resource: net::ERR_CONNECTION_REFUSED @ http://localhost:8080/api/auth/users:0
[  385938ms] [LOG] Failed to load contacts @ http://localhost:5173/src/App.jsx:1009
[  385940ms] [ERROR] Failed to load resource: net::ERR_CONNECTION_REFUSED @ http://localhost:8080/api/groups/mine?username=kai_test:0
[  385942ms] [LOG] Failed to load groups @ http://localhost:5173/src/App.jsx:1019
[  386151ms] [ERROR] Failed to load resource: net::ERR_CONNECTION_REFUSED @ http://localhost:8080/api/chat/history?user1=kai_test&user2=jade_test:0
[  386151ms] [LOG] Failed to load chat history @ http://localhost:5173/src/App.jsx:1066
[  388144ms] [ERROR] Failed to load resource: net::ERR_CONNECTION_REFUSED @ http://localhost:8080/api/chat/history?user1=kai_test&user2=jade_test:0
[  388144ms] [LOG] Failed to load chat history @ http://localhost:5173/src/App.jsx:1066
[  390139ms] [ERROR] Failed to load resource: net::ERR_CONNECTION_REFUSED @ http://localhost:8080/api/chat/history?user1=kai_test&user2=jade_test:0
[  390139ms] [LOG] Failed to load chat history @ http://localhost:5173/src/App.jsx:1066
[  390915ms] [ERROR] Failed to load resource: net::ERR_CONNECTION_REFUSED @ http://localhost:8080/api/auth/users:0
[  390915ms] [LOG] Failed to load contacts @ http://localhost:5173/src/App.jsx:1009
[  390916ms] [ERROR] Failed to load resource: net::ERR_CONNECTION_REFUSED @ http://localhost:8080/api/groups/mine?username=kai_test:0
[  390917ms] [LOG] Failed to load groups @ http://localhost:5173/src/App.jsx:1019
[  392152ms] [ERROR] Failed to load resource: net::ERR_CONNECTION_REFUSED @ http://localhost:8080/api/chat/history?user1=kai_test&user2=jade_test:0
[  392152ms] [LOG] Failed to load chat history @ http://localhost:5173/src/App.jsx:1066
[  394149ms] [ERROR] Failed to load resource: net::ERR_CONNECTION_REFUSED @ http://localhost:8080/api/chat/history?user1=kai_test&user2=jade_test:0
[  394149ms] [LOG] Failed to load chat history @ http://localhost:5173/src/App.jsx:1066
[  395919ms] [ERROR] Failed to load resource: net::ERR_CONNECTION_REFUSED @ http://localhost:8080/api/auth/users:0
[  395919ms] [LOG] Failed to load contacts @ http://localhost:5173/src/App.jsx:1009
[  395919ms] [ERROR] Failed to load resource: net::ERR_CONNECTION_REFUSED @ http://localhost:8080/api/groups/mine?username=kai_test:0
[  395919ms] [LOG] Failed to load groups @ http://localhost:5173/src/App.jsx:1019
[  396146ms] [ERROR] Failed to load resource: net::ERR_CONNECTION_REFUSED @ http://localhost:8080/api/chat/history?user1=kai_test&user2=jade_test:0
[  396146ms] [LOG] Failed to load chat history @ http://localhost:5173/src/App.jsx:1066
[  398152ms] [ERROR] Failed to load resource: net::ERR_CONNECTION_REFUSED @ http://localhost:8080/api/chat/history?user1=kai_test&user2=jade_test:0
[  398153ms] [LOG] Failed to load chat history @ http://localhost:5173/src/App.jsx:1066
[  400145ms] [ERROR] Failed to load resource: net::ERR_CONNECTION_REFUSED @ http://localhost:8080/api/chat/history?user1=kai_test&user2=jade_test:0
[  400146ms] [LOG] Failed to load chat history @ http://localhost:5173/src/App.jsx:1066
[  400912ms] [ERROR] Failed to load resource: net::ERR_CONNECTION_REFUSED @ http://localhost:8080/api/auth/users:0
[  400912ms] [LOG] Failed to load contacts @ http://localhost:5173/src/App.jsx:1009
[  400913ms] [ERROR] Failed to load resource: net::ERR_CONNECTION_REFUSED @ http://localhost:8080/api/groups/mine?username=kai_test:0
[  400913ms] [LOG] Failed to load groups @ http://localhost:5173/src/App.jsx:1019
[  402143ms] [ERROR] Failed to load resource: net::ERR_CONNECTION_REFUSED @ http://localhost:8080/api/chat/history?user1=kai_test&user2=jade_test:0
[  402143ms] [LOG] Failed to load chat history @ http://localhost:5173/src/App.jsx:1066
[  404149ms] [ERROR] Failed to load resource: net::ERR_CONNECTION_REFUSED @ http://localhost:8080/api/chat/history?user1=kai_test&user2=jade_test:0
[  404149ms] [LOG] Failed to load chat history @ http://localhost:5173/src/App.jsx:1066
[  405905ms] [ERROR] Failed to load resource: net::ERR_CONNECTION_REFUSED @ http://localhost:8080/api/auth/users:0
[  405905ms] [LOG] Failed to load contacts @ http://localhost:5173/src/App.jsx:1009
[  405907ms] [ERROR] Failed to load resource: net::ERR_CONNECTION_REFUSED @ http://localhost:8080/api/groups/mine?username=kai_test:0
[  405908ms] [LOG] Failed to load groups @ http://localhost:5173/src/App.jsx:1019
[  406140ms] [ERROR] Failed to load resource: net::ERR_CONNECTION_REFUSED @ http://localhost:8080/api/chat/history?user1=kai_test&user2=jade_test:0
[  406140ms] [LOG] Failed to load chat history @ http://localhost:5173/src/App.jsx:1066
[  408150ms] [ERROR] Failed to load resource: net::ERR_CONNECTION_REFUSED @ http://localhost:8080/api/chat/history?user1=kai_test&user2=jade_test:0
[  408150ms] [LOG] Failed to load chat history @ http://localhost:5173/src/App.jsx:1066
[  410152ms] [ERROR] Failed to load resource: net::ERR_CONNECTION_REFUSED @ http://localhost:8080/api/chat/history?user1=kai_test&user2=jade_test:0
[  410152ms] [LOG] Failed to load chat history @ http://localhost:5173/src/App.jsx:1066
[  410906ms] [ERROR] Failed to load resource: net::ERR_CONNECTION_REFUSED @ http://localhost:8080/api/auth/users:0
[  410906ms] [LOG] Failed to load contacts @ http://localhost:5173/src/App.jsx:1009
[  410908ms] [ERROR] Failed to load resource: net::ERR_CONNECTION_REFUSED @ http://localhost:8080/api/groups/mine?username=kai_test:0
[  410908ms] [LOG] Failed to load groups @ http://localhost:5173/src/App.jsx:1019
[  412145ms] [ERROR] Failed to load resource: net::ERR_CONNECTION_REFUSED @ http://localhost:8080/api/chat/history?user1=kai_test&user2=jade_test:0
[  412145ms] [LOG] Failed to load chat history @ http://localhost:5173/src/App.jsx:1066
[  414143ms] [ERROR] Failed to load resource: net::ERR_CONNECTION_REFUSED @ http://localhost:8080/api/chat/history?user1=kai_test&user2=jade_test:0
[  414143ms] [LOG] Failed to load chat history @ http://localhost:5173/src/App.jsx:1066
[  415924ms] [ERROR] Failed to load resource: net::ERR_CONNECTION_REFUSED @ http://localhost:8080/api/auth/users:0
[  415924ms] [LOG] Failed to load contacts @ http://localhost:5173/src/App.jsx:1009
[  415924ms] [ERROR] Failed to load resource: net::ERR_CONNECTION_REFUSED @ http://localhost:8080/api/groups/mine?username=kai_test:0
[  415925ms] [LOG] Failed to load groups @ http://localhost:5173/src/App.jsx:1019
[  416147ms] [ERROR] Failed to load resource: net::ERR_CONNECTION_REFUSED @ http://localhost:8080/api/chat/history?user1=kai_test&user2=jade_test:0
[  416150ms] [LOG] Failed to load chat history @ http://localhost:5173/src/App.jsx:1066
[  418139ms] [ERROR] Failed to load resource: net::ERR_CONNECTION_REFUSED @ http://localhost:8080/api/chat/history?user1=kai_test&user2=jade_test:0
[  418140ms] [LOG] Failed to load chat history @ http://localhost:5173/src/App.jsx:1066
[  420148ms] [ERROR] Failed to load resource: net::ERR_CONNECTION_REFUSED @ http://localhost:8080/api/chat/history?user1=kai_test&user2=jade_test:0
[  420148ms] [LOG] Failed to load chat history @ http://localhost:5173/src/App.jsx:1066
[  420913ms] [ERROR] Failed to load resource: net::ERR_CONNECTION_REFUSED @ http://localhost:8080/api/auth/users:0
[  420916ms] [LOG] Failed to load contacts @ http://localhost:5173/src/App.jsx:1009
[  420918ms] [ERROR] Failed to load resource: net::ERR_CONNECTION_REFUSED @ http://localhost:8080/api/groups/mine?username=kai_test:0
[  420918ms] [LOG] Failed to load groups @ http://localhost:5173/src/App.jsx:1019
[  422141ms] [ERROR] Failed to load resource: net::ERR_CONNECTION_REFUSED @ http://localhost:8080/api/chat/history?user1=kai_test&user2=jade_test:0
[  422141ms] [LOG] Failed to load chat history @ http://localhost:5173/src/App.jsx:1066
[  424147ms] [ERROR] Failed to load resource: net::ERR_CONNECTION_REFUSED @ http://localhost:8080/api/chat/history?user1=kai_test&user2=jade_test:0
[  424148ms] [LOG] Failed to load chat history @ http://localhost:5173/src/App.jsx:1066
[  425973ms] [ERROR] Failed to load resource: net::ERR_CONNECTION_REFUSED @ http://localhost:8080/api/auth/users:0
[  425973ms] [LOG] Failed to load contacts @ http://localhost:5173/src/App.jsx:1009
[  425975ms] [ERROR] Failed to load resource: net::ERR_CONNECTION_REFUSED @ http://localhost:8080/api/groups/mine?username=kai_test:0
[  425975ms] [LOG] Failed to load groups @ http://localhost:5173/src/App.jsx:1019
[  426152ms] [ERROR] Failed to load resource: net::ERR_CONNECTION_REFUSED @ http://localhost:8080/api/chat/history?user1=kai_test&user2=jade_test:0
[  426152ms] [LOG] Failed to load chat history @ http://localhost:5173/src/App.jsx:1066
[  428147ms] [ERROR] Failed to load resource: net::ERR_CONNECTION_REFUSED @ http://localhost:8080/api/chat/history?user1=kai_test&user2=jade_test:0
[  428147ms] [LOG] Failed to load chat history @ http://localhost:5173/src/App.jsx:1066
[  431272ms] [ERROR] Failed to load resource: net::ERR_CONNECTION_REFUSED @ http://localhost:8080/api/chat/history?user1=kai_test&user2=jade_test:0
[  431273ms] [LOG] Failed to load chat history @ http://localhost:5173/src/App.jsx:1066
[  431276ms] [ERROR] Failed to load resource: net::ERR_CONNECTION_REFUSED @ http://localhost:8080/api/auth/users:0
[  431278ms] [LOG] Failed to load contacts @ http://localhost:5173/src/App.jsx:1009
[  431282ms] [ERROR] Failed to load resource: net::ERR_CONNECTION_REFUSED @ http://localhost:8080/api/groups/mine?username=kai_test:0
[  431283ms] [LOG] Failed to load groups @ http://localhost:5173/src/App.jsx:1019
[  432143ms] [ERROR] Failed to load resource: net::ERR_CONNECTION_REFUSED @ http://localhost:8080/api/chat/history?user1=kai_test&user2=jade_test:0
[  432144ms] [LOG] Failed to load chat history @ http://localhost:5173/src/App.jsx:1066
[  434160ms] [ERROR] Failed to load resource: net::ERR_CONNECTION_REFUSED @ http://localhost:8080/api/chat/history?user1=kai_test&user2=jade_test:0
[  434161ms] [LOG] Failed to load chat history @ http://localhost:5173/src/App.jsx:1066
[  435912ms] [ERROR] Failed to load resource: net::ERR_CONNECTION_REFUSED @ http://localhost:8080/api/auth/users:0
[  435912ms] [LOG] Failed to load contacts @ http://localhost:5173/src/App.jsx:1009
[  435918ms] [ERROR] Failed to load resource: net::ERR_CONNECTION_REFUSED @ http://localhost:8080/api/groups/mine?username=kai_test:0
[  435918ms] [LOG] Failed to load groups @ http://localhost:5173/src/App.jsx:1019
[  436144ms] [ERROR] Failed to load resource: net::ERR_CONNECTION_REFUSED @ http://localhost:8080/api/chat/history?user1=kai_test&user2=jade_test:0
[  436145ms] [LOG] Failed to load chat history @ http://localhost:5173/src/App.jsx:1066
[  438149ms] [ERROR] Failed to load resource: net::ERR_CONNECTION_REFUSED @ http://localhost:8080/api/chat/history?user1=kai_test&user2=jade_test:0
[  438149ms] [LOG] Failed to load chat history @ http://localhost:5173/src/App.jsx:1066
[  440153ms] [ERROR] Failed to load resource: net::ERR_CONNECTION_REFUSED @ http://localhost:8080/api/chat/history?user1=kai_test&user2=jade_test:0
[  440156ms] [LOG] Failed to load chat history @ http://localhost:5173/src/App.jsx:1066
[  440954ms] [ERROR] Failed to load resource: net::ERR_CONNECTION_REFUSED @ http://localhost:8080/api/auth/users:0
[  440955ms] [LOG] Failed to load contacts @ http://localhost:5173/src/App.jsx:1009
[  440961ms] [ERROR] Failed to load resource: net::ERR_CONNECTION_REFUSED @ http://localhost:8080/api/groups/mine?username=kai_test:0
[  440961ms] [LOG] Failed to load groups @ http://localhost:5173/src/App.jsx:1019
[  442142ms] [ERROR] Failed to load resource: net::ERR_CONNECTION_REFUSED @ http://localhost:8080/api/chat/history?user1=kai_test&user2=jade_test:0
[  442144ms] [LOG] Failed to load chat history @ http://localhost:5173/src/App.jsx:1066
[  444178ms] [ERROR] Failed to load resource: net::ERR_CONNECTION_REFUSED @ http://localhost:8080/api/chat/history?user1=kai_test&user2=jade_test:0
[  444178ms] [LOG] Failed to load chat history @ http://localhost:5173/src/App.jsx:1066
[  445916ms] [ERROR] Failed to load resource: net::ERR_CONNECTION_REFUSED @ http://localhost:8080/api/auth/users:0
[  445917ms] [LOG] Failed to load contacts @ http://localhost:5173/src/App.jsx:1009
[  445919ms] [ERROR] Failed to load resource: net::ERR_CONNECTION_REFUSED @ http://localhost:8080/api/groups/mine?username=kai_test:0
[  445920ms] [LOG] Failed to load groups @ http://localhost:5173/src/App.jsx:1019
[  446153ms] [ERROR] Failed to load resource: net::ERR_CONNECTION_REFUSED @ http://localhost:8080/api/chat/history?user1=kai_test&user2=jade_test:0
[  446155ms] [LOG] Failed to load chat history @ http://localhost:5173/src/App.jsx:1066
[  448146ms] [ERROR] Failed to load resource: net::ERR_CONNECTION_REFUSED @ http://localhost:8080/api/chat/history?user1=kai_test&user2=jade_test:0
[  448146ms] [LOG] Failed to load chat history @ http://localhost:5173/src/App.jsx:1066
[  450152ms] [ERROR] Failed to load resource: net::ERR_CONNECTION_REFUSED @ http://localhost:8080/api/chat/history?user1=kai_test&user2=jade_test:0
[  450152ms] [LOG] Failed to load chat history @ http://localhost:5173/src/App.jsx:1066
[  450928ms] [ERROR] Failed to load resource: net::ERR_CONNECTION_REFUSED @ http://localhost:8080/api/auth/users:0
[  450928ms] [LOG] Failed to load contacts @ http://localhost:5173/src/App.jsx:1009
[  450936ms] [ERROR] Failed to load resource: net::ERR_CONNECTION_REFUSED @ http://localhost:8080/api/groups/mine?username=kai_test:0
[  450936ms] [LOG] Failed to load groups @ http://localhost:5173/src/App.jsx:1019
[  452209ms] [ERROR] Failed to load resource: net::ERR_CONNECTION_REFUSED @ http://localhost:8080/api/chat/history?user1=kai_test&user2=jade_test:0
[  452209ms] [LOG] Failed to load chat history @ http://localhost:5173/src/App.jsx:1066
[  454145ms] [ERROR] Failed to load resource: net::ERR_CONNECTION_REFUSED @ http://localhost:8080/api/chat/history?user1=kai_test&user2=jade_test:0
[  454145ms] [LOG] Failed to load chat history @ http://localhost:5173/src/App.jsx:1066
[  455914ms] [ERROR] Failed to load resource: net::ERR_CONNECTION_REFUSED @ http://localhost:8080/api/auth/users:0
[  455914ms] [LOG] Failed to load contacts @ http://localhost:5173/src/App.jsx:1009
[  455915ms] [ERROR] Failed to load resource: net::ERR_CONNECTION_REFUSED @ http://localhost:8080/api/groups/mine?username=kai_test:0
[  455918ms] [LOG] Failed to load groups @ http://localhost:5173/src/App.jsx:1019
[  456143ms] [ERROR] Failed to load resource: net::ERR_CONNECTION_REFUSED @ http://localhost:8080/api/chat/history?user1=kai_test&user2=jade_test:0
[  456143ms] [LOG] Failed to load chat history @ http://localhost:5173/src/App.jsx:1066
[  458141ms] [ERROR] Failed to load resource: net::ERR_CONNECTION_REFUSED @ http://localhost:8080/api/chat/history?user1=kai_test&user2=jade_test:0
[  458142ms] [LOG] Failed to load chat history @ http://localhost:5173/src/App.jsx:1066
[  460144ms] [ERROR] Failed to load resource: net::ERR_CONNECTION_REFUSED @ http://localhost:8080/api/chat/history?user1=kai_test&user2=jade_test:0
[  460144ms] [LOG] Failed to load chat history @ http://localhost:5173/src/App.jsx:1066
[  460918ms] [ERROR] Failed to load resource: net::ERR_CONNECTION_REFUSED @ http://localhost:8080/api/auth/users:0
[  460918ms] [LOG] Failed to load contacts @ http://localhost:5173/src/App.jsx:1009
[  460918ms] [ERROR] Failed to load resource: net::ERR_CONNECTION_REFUSED @ http://localhost:8080/api/groups/mine?username=kai_test:0
[  460918ms] [LOG] Failed to load groups @ http://localhost:5173/src/App.jsx:1019
[  462154ms] [ERROR] Failed to load resource: net::ERR_CONNECTION_REFUSED @ http://localhost:8080/api/chat/history?user1=kai_test&user2=jade_test:0
[  462154ms] [LOG] Failed to load chat history @ http://localhost:5173/src/App.jsx:1066
[  464142ms] [ERROR] Failed to load resource: net::ERR_CONNECTION_REFUSED @ http://localhost:8080/api/chat/history?user1=kai_test&user2=jade_test:0
[  464142ms] [LOG] Failed to load chat history @ http://localhost:5173/src/App.jsx:1066
[  465910ms] [ERROR] Failed to load resource: net::ERR_CONNECTION_REFUSED @ http://localhost:8080/api/auth/users:0
[  465910ms] [LOG] Failed to load contacts @ http://localhost:5173/src/App.jsx:1009
[  465914ms] [ERROR] Failed to load resource: net::ERR_CONNECTION_REFUSED @ http://localhost:8080/api/groups/mine?username=kai_test:0
[  465914ms] [LOG] Failed to load groups @ http://localhost:5173/src/App.jsx:1019
[  466144ms] [ERROR] Failed to load resource: net::ERR_CONNECTION_REFUSED @ http://localhost:8080/api/chat/history?user1=kai_test&user2=jade_test:0
[  466144ms] [LOG] Failed to load chat history @ http://localhost:5173/src/App.jsx:1066
[  468149ms] [ERROR] Failed to load resource: net::ERR_CONNECTION_REFUSED @ http://localhost:8080/api/chat/history?user1=kai_test&user2=jade_test:0
[  468149ms] [LOG] Failed to load chat history @ http://localhost:5173/src/App.jsx:1066
[  470150ms] [ERROR] Failed to load resource: net::ERR_CONNECTION_REFUSED @ http://localhost:8080/api/chat/history?user1=kai_test&user2=jade_test:0
[  470150ms] [LOG] Failed to load chat history @ http://localhost:5173/src/App.jsx:1066
[  470927ms] [ERROR] Failed to load resource: net::ERR_CONNECTION_REFUSED @ http://localhost:8080/api/auth/users:0
[  470927ms] [LOG] Failed to load contacts @ http://localhost:5173/src/App.jsx:1009
[  470928ms] [ERROR] Failed to load resource: net::ERR_CONNECTION_REFUSED @ http://localhost:8080/api/groups/mine?username=kai_test:0
[  470928ms] [LOG] Failed to load groups @ http://localhost:5173/src/App.jsx:1019
[  472149ms] [ERROR] Failed to load resource: net::ERR_CONNECTION_REFUSED @ http://localhost:8080/api/chat/history?user1=kai_test&user2=jade_test:0
[  472149ms] [LOG] Failed to load chat history @ http://localhost:5173/src/App.jsx:1066
[  474165ms] [ERROR] Failed to load resource: net::ERR_CONNECTION_REFUSED @ http://localhost:8080/api/chat/history?user1=kai_test&user2=jade_test:0
[  474165ms] [LOG] Failed to load chat history @ http://localhost:5173/src/App.jsx:1066
[  475930ms] [ERROR] Failed to load resource: net::ERR_CONNECTION_REFUSED @ http://localhost:8080/api/auth/users:0
[  475930ms] [LOG] Failed to load contacts @ http://localhost:5173/src/App.jsx:1009
[  475931ms] [ERROR] Failed to load resource: net::ERR_CONNECTION_REFUSED @ http://localhost:8080/api/groups/mine?username=kai_test:0
[  475931ms] [LOG] Failed to load groups @ http://localhost:5173/src/App.jsx:1019
[  476164ms] [ERROR] Failed to load resource: net::ERR_CONNECTION_REFUSED @ http://localhost:8080/api/chat/history?user1=kai_test&user2=jade_test:0
[  476164ms] [LOG] Failed to load chat history @ http://localhost:5173/src/App.jsx:1066
[  478139ms] [ERROR] Failed to load resource: net::ERR_CONNECTION_REFUSED @ http://localhost:8080/api/chat/history?user1=kai_test&user2=jade_test:0
[  478140ms] [LOG] Failed to load chat history @ http://localhost:5173/src/App.jsx:1066
[  480156ms] [ERROR] Failed to load resource: net::ERR_CONNECTION_REFUSED @ http://localhost:8080/api/chat/history?user1=kai_test&user2=jade_test:0
[  480156ms] [LOG] Failed to load chat history @ http://localhost:5173/src/App.jsx:1066
[  480911ms] [ERROR] Failed to load resource: net::ERR_CONNECTION_REFUSED @ http://localhost:8080/api/auth/users:0
[  480911ms] [LOG] Failed to load contacts @ http://localhost:5173/src/App.jsx:1009
[  480915ms] [ERROR] Failed to load resource: net::ERR_CONNECTION_REFUSED @ http://localhost:8080/api/groups/mine?username=kai_test:0
[  480915ms] [LOG] Failed to load groups @ http://localhost:5173/src/App.jsx:1019
[  482150ms] [ERROR] Failed to load resource: net::ERR_CONNECTION_REFUSED @ http://localhost:8080/api/chat/history?user1=kai_test&user2=jade_test:0
[  482150ms] [LOG] Failed to load chat history @ http://localhost:5173/src/App.jsx:1066
[  484150ms] [ERROR] Failed to load resource: net::ERR_CONNECTION_REFUSED @ http://localhost:8080/api/chat/history?user1=kai_test&user2=jade_test:0
[  484150ms] [LOG] Failed to load chat history @ http://localhost:5173/src/App.jsx:1066
[  485909ms] [ERROR] Failed to load resource: net::ERR_CONNECTION_REFUSED @ http://localhost:8080/api/auth/users:0
[  485910ms] [LOG] Failed to load contacts @ http://localhost:5173/src/App.jsx:1009
[  485910ms] [ERROR] Failed to load resource: net::ERR_CONNECTION_REFUSED @ http://localhost:8080/api/groups/mine?username=kai_test:0
[  485910ms] [LOG] Failed to load groups @ http://localhost:5173/src/App.jsx:1019
[  486144ms] [ERROR] Failed to load resource: net::ERR_CONNECTION_REFUSED @ http://localhost:8080/api/chat/history?user1=kai_test&user2=jade_test:0
[  486144ms] [LOG] Failed to load chat history @ http://localhost:5173/src/App.jsx:1066
[  488152ms] [ERROR] Failed to load resource: net::ERR_CONNECTION_REFUSED @ http://localhost:8080/api/chat/history?user1=kai_test&user2=jade_test:0
[  488153ms] [LOG] Failed to load chat history @ http://localhost:5173/src/App.jsx:1066
[  490144ms] [ERROR] Failed to load resource: net::ERR_CONNECTION_REFUSED @ http://localhost:8080/api/chat/history?user1=kai_test&user2=jade_test:0
[  490144ms] [LOG] Failed to load chat history @ http://localhost:5173/src/App.jsx:1066
[  490914ms] [ERROR] Failed to load resource: net::ERR_CONNECTION_REFUSED @ http://localhost:8080/api/auth/users:0
[  490914ms] [LOG] Failed to load contacts @ http://localhost:5173/src/App.jsx:1009
[  490917ms] [ERROR] Failed to load resource: net::ERR_CONNECTION_REFUSED @ http://localhost:8080/api/groups/mine?username=kai_test:0
[  490917ms] [LOG] Failed to load groups @ http://localhost:5173/src/App.jsx:1019
[  492156ms] [ERROR] Failed to load resource: net::ERR_CONNECTION_REFUSED @ http://localhost:8080/api/chat/history?user1=kai_test&user2=jade_test:0
[  492156ms] [LOG] Failed to load chat history @ http://localhost:5173/src/App.jsx:1066
[  494174ms] [ERROR] Failed to load resource: net::ERR_CONNECTION_REFUSED @ http://localhost:8080/api/chat/history?user1=kai_test&user2=jade_test:0
[  494176ms] [LOG] Failed to load chat history @ http://localhost:5173/src/App.jsx:1066
[  495926ms] [ERROR] Failed to load resource: net::ERR_CONNECTION_REFUSED @ http://localhost:8080/api/auth/users:0
[  495926ms] [LOG] Failed to load contacts @ http://localhost:5173/src/App.jsx:1009
[  495926ms] [ERROR] Failed to load resource: net::ERR_CONNECTION_REFUSED @ http://localhost:8080/api/groups/mine?username=kai_test:0
[  495926ms] [LOG] Failed to load groups @ http://localhost:5173/src/App.jsx:1019
[  496152ms] [ERROR] Failed to load resource: net::ERR_CONNECTION_REFUSED @ http://localhost:8080/api/chat/history?user1=kai_test&user2=jade_test:0
[  496152ms] [LOG] Failed to load chat history @ http://localhost:5173/src/App.jsx:1066
[  498149ms] [ERROR] Failed to load resource: net::ERR_CONNECTION_REFUSED @ http://localhost:8080/api/chat/history?user1=kai_test&user2=jade_test:0
[  498149ms] [LOG] Failed to load chat history @ http://localhost:5173/src/App.jsx:1066
[  500140ms] [ERROR] Failed to load resource: net::ERR_CONNECTION_REFUSED @ http://localhost:8080/api/chat/history?user1=kai_test&user2=jade_test:0
[  500140ms] [LOG] Failed to load chat history @ http://localhost:5173/src/App.jsx:1066
[  500905ms] [ERROR] Failed to load resource: net::ERR_CONNECTION_REFUSED @ http://localhost:8080/api/auth/users:0
[  500905ms] [LOG] Failed to load contacts @ http://localhost:5173/src/App.jsx:1009
[  500905ms] [ERROR] Failed to load resource: net::ERR_CONNECTION_REFUSED @ http://localhost:8080/api/groups/mine?username=kai_test:0
[  500906ms] [LOG] Failed to load groups @ http://localhost:5173/src/App.jsx:1019
[  502152ms] [ERROR] Failed to load resource: net::ERR_CONNECTION_REFUSED @ http://localhost:8080/api/chat/history?user1=kai_test&user2=jade_test:0
[  502152ms] [LOG] Failed to load chat history @ http://localhost:5173/src/App.jsx:1066
[  504146ms] [ERROR] Failed to load resource: net::ERR_CONNECTION_REFUSED @ http://localhost:8080/api/chat/history?user1=kai_test&user2=jade_test:0
[  504146ms] [LOG] Failed to load chat history @ http://localhost:5173/src/App.jsx:1066
[  505907ms] [ERROR] Failed to load resource: net::ERR_CONNECTION_REFUSED @ http://localhost:8080/api/auth/users:0
[  505907ms] [LOG] Failed to load contacts @ http://localhost:5173/src/App.jsx:1009
[  505909ms] [ERROR] Failed to load resource: net::ERR_CONNECTION_REFUSED @ http://localhost:8080/api/groups/mine?username=kai_test:0
[  505910ms] [LOG] Failed to load groups @ http://localhost:5173/src/App.jsx:1019
[  506143ms] [ERROR] Failed to load resource: net::ERR_CONNECTION_REFUSED @ http://localhost:8080/api/chat/history?user1=kai_test&user2=jade_test:0
[  506143ms] [LOG] Failed to load chat history @ http://localhost:5173/src/App.jsx:1066
[  508148ms] [ERROR] Failed to load resource: net::ERR_CONNECTION_REFUSED @ http://localhost:8080/api/chat/history?user1=kai_test&user2=jade_test:0
[  508148ms] [LOG] Failed to load chat history @ http://localhost:5173/src/App.jsx:1066
[  510153ms] [ERROR] Failed to load resource: net::ERR_CONNECTION_REFUSED @ http://localhost:8080/api/chat/history?user1=kai_test&user2=jade_test:0
[  510153ms] [LOG] Failed to load chat history @ http://localhost:5173/src/App.jsx:1066
[  510918ms] [ERROR] Failed to load resource: net::ERR_CONNECTION_REFUSED @ http://localhost:8080/api/auth/users:0
[  510919ms] [LOG] Failed to load contacts @ http://localhost:5173/src/App.jsx:1009
[  510920ms] [ERROR] Failed to load resource: net::ERR_CONNECTION_REFUSED @ http://localhost:8080/api/groups/mine?username=kai_test:0
[  510923ms] [LOG] Failed to load groups @ http://localhost:5173/src/App.jsx:1019
[  512144ms] [ERROR] Failed to load resource: net::ERR_CONNECTION_REFUSED @ http://localhost:8080/api/chat/history?user1=kai_test&user2=jade_test:0
[  512144ms] [LOG] Failed to load chat history @ http://localhost:5173/src/App.jsx:1066
[  514141ms] [ERROR] Failed to load resource: net::ERR_CONNECTION_REFUSED @ http://localhost:8080/api/chat/history?user1=kai_test&user2=jade_test:0
[  514141ms] [LOG] Failed to load chat history @ http://localhost:5173/src/App.jsx:1066
[  515950ms] [ERROR] Failed to load resource: net::ERR_CONNECTION_REFUSED @ http://localhost:8080/api/auth/users:0
[  515950ms] [LOG] Failed to load contacts @ http://localhost:5173/src/App.jsx:1009
[  515951ms] [ERROR] Failed to load resource: net::ERR_CONNECTION_REFUSED @ http://localhost:8080/api/groups/mine?username=kai_test:0
[  515951ms] [LOG] Failed to load groups @ http://localhost:5173/src/App.jsx:1019
[  516153ms] [ERROR] Failed to load resource: net::ERR_CONNECTION_REFUSED @ http://localhost:8080/api/chat/history?user1=kai_test&user2=jade_test:0
[  516154ms] [LOG] Failed to load chat history @ http://localhost:5173/src/App.jsx:1066
[  518148ms] [ERROR] Failed to load resource: net::ERR_CONNECTION_REFUSED @ http://localhost:8080/api/chat/history?user1=kai_test&user2=jade_test:0
[  518148ms] [LOG] Failed to load chat history @ http://localhost:5173/src/App.jsx:1066
[  520140ms] [ERROR] Failed to load resource: net::ERR_CONNECTION_REFUSED @ http://localhost:8080/api/chat/history?user1=kai_test&user2=jade_test:0
[  520140ms] [LOG] Failed to load chat history @ http://localhost:5173/src/App.jsx:1066
[  520907ms] [ERROR] Failed to load resource: net::ERR_CONNECTION_REFUSED @ http://localhost:8080/api/auth/users:0
[  520907ms] [LOG] Failed to load contacts @ http://localhost:5173/src/App.jsx:1009
[  520908ms] [ERROR] Failed to load resource: net::ERR_CONNECTION_REFUSED @ http://localhost:8080/api/groups/mine?username=kai_test:0
[  520909ms] [LOG] Failed to load groups @ http://localhost:5173/src/App.jsx:1019
[  522147ms] [ERROR] Failed to load resource: net::ERR_CONNECTION_REFUSED @ http://localhost:8080/api/chat/history?user1=kai_test&user2=jade_test:0
[  522147ms] [LOG] Failed to load chat history @ http://localhost:5173/src/App.jsx:1066
[  524204ms] [ERROR] Failed to load resource: net::ERR_CONNECTION_REFUSED @ http://localhost:8080/api/chat/history?user1=kai_test&user2=jade_test:0
[  524204ms] [LOG] Failed to load chat history @ http://localhost:5173/src/App.jsx:1066
[  525905ms] [ERROR] Failed to load resource: net::ERR_CONNECTION_REFUSED @ http://localhost:8080/api/auth/users:0
[  525905ms] [LOG] Failed to load contacts @ http://localhost:5173/src/App.jsx:1009
[  525905ms] [ERROR] Failed to load resource: net::ERR_CONNECTION_REFUSED @ http://localhost:8080/api/groups/mine?username=kai_test:0
[  525906ms] [LOG] Failed to load groups @ http://localhost:5173/src/App.jsx:1019
[  526145ms] [ERROR] Failed to load resource: net::ERR_CONNECTION_REFUSED @ http://localhost:8080/api/chat/history?user1=kai_test&user2=jade_test:0
[  526145ms] [LOG] Failed to load chat history @ http://localhost:5173/src/App.jsx:1066
[  528525ms] [ERROR] Failed to load resource: net::ERR_CONNECTION_REFUSED @ http://localhost:8080/api/chat/history?user1=kai_test&user2=jade_test:0
[  528525ms] [LOG] Failed to load chat history @ http://localhost:5173/src/App.jsx:1066
[  530154ms] [ERROR] Failed to load resource: net::ERR_CONNECTION_REFUSED @ http://localhost:8080/api/chat/history?user1=kai_test&user2=jade_test:0
[  530155ms] [LOG] Failed to load chat history @ http://localhost:5173/src/App.jsx:1066
[  530986ms] [ERROR] Failed to load resource: net::ERR_CONNECTION_REFUSED @ http://localhost:8080/api/auth/users:0
[  530986ms] [LOG] Failed to load contacts @ http://localhost:5173/src/App.jsx:1009
[  531005ms] [ERROR] Failed to load resource: net::ERR_CONNECTION_REFUSED @ http://localhost:8080/api/groups/mine?username=kai_test:0
[  531010ms] [LOG] Failed to load groups @ http://localhost:5173/src/App.jsx:1019
[  532161ms] [ERROR] Failed to load resource: net::ERR_CONNECTION_REFUSED @ http://localhost:8080/api/chat/history?user1=kai_test&user2=jade_test:0
[  532162ms] [LOG] Failed to load chat history @ http://localhost:5173/src/App.jsx:1066
[  534143ms] [ERROR] Failed to load resource: net::ERR_CONNECTION_REFUSED @ http://localhost:8080/api/chat/history?user1=kai_test&user2=jade_test:0
[  534143ms] [LOG] Failed to load chat history @ http://localhost:5173/src/App.jsx:1066
[  536086ms] [ERROR] Failed to load resource: net::ERR_CONNECTION_REFUSED @ http://localhost:8080/api/auth/users:0
[  536086ms] [LOG] Failed to load contacts @ http://localhost:5173/src/App.jsx:1009
[  536087ms] [ERROR] Failed to load resource: net::ERR_CONNECTION_REFUSED @ http://localhost:8080/api/groups/mine?username=kai_test:0
[  536087ms] [LOG] Failed to load groups @ http://localhost:5173/src/App.jsx:1019
[  536142ms] [ERROR] Failed to load resource: net::ERR_CONNECTION_REFUSED @ http://localhost:8080/api/chat/history?user1=kai_test&user2=jade_test:0
[  536142ms] [LOG] Failed to load chat history @ http://localhost:5173/src/App.jsx:1066
[  538143ms] [ERROR] Failed to load resource: net::ERR_CONNECTION_REFUSED @ http://localhost:8080/api/chat/history?user1=kai_test&user2=jade_test:0
[  538143ms] [LOG] Failed to load chat history @ http://localhost:5173/src/App.jsx:1066
[  540156ms] [ERROR] Failed to load resource: net::ERR_CONNECTION_REFUSED @ http://localhost:8080/api/chat/history?user1=kai_test&user2=jade_test:0
[  540156ms] [LOG] Failed to load chat history @ http://localhost:5173/src/App.jsx:1066
[  540914ms] [ERROR] Failed to load resource: net::ERR_CONNECTION_REFUSED @ http://localhost:8080/api/auth/users:0
[  540914ms] [LOG] Failed to load contacts @ http://localhost:5173/src/App.jsx:1009
[  540916ms] [ERROR] Failed to load resource: net::ERR_CONNECTION_REFUSED @ http://localhost:8080/api/groups/mine?username=kai_test:0
[  540916ms] [LOG] Failed to load groups @ http://localhost:5173/src/App.jsx:1019
[  542147ms] [ERROR] Failed to load resource: net::ERR_CONNECTION_REFUSED @ http://localhost:8080/api/chat/history?user1=kai_test&user2=jade_test:0
[  542147ms] [LOG] Failed to load chat history @ http://localhost:5173/src/App.jsx:1066
[  544149ms] [ERROR] Failed to load resource: net::ERR_CONNECTION_REFUSED @ http://localhost:8080/api/chat/history?user1=kai_test&user2=jade_test:0
[  544152ms] [LOG] Failed to load chat history @ http://localhost:5173/src/App.jsx:1066
[  546048ms] [ERROR] Failed to load resource: net::ERR_CONNECTION_REFUSED @ http://localhost:8080/api/auth/users:0
[  546048ms] [LOG] Failed to load contacts @ http://localhost:5173/src/App.jsx:1009
[  546049ms] [ERROR] Failed to load resource: net::ERR_CONNECTION_REFUSED @ http://localhost:8080/api/groups/mine?username=kai_test:0
[  546049ms] [LOG] Failed to load groups @ http://localhost:5173/src/App.jsx:1019
[  546146ms] [ERROR] Failed to load resource: net::ERR_CONNECTION_REFUSED @ http://localhost:8080/api/chat/history?user1=kai_test&user2=jade_test:0
[  546146ms] [LOG] Failed to load chat history @ http://localhost:5173/src/App.jsx:1066
[  551120ms] [ERROR] Failed to load resource: net::ERR_CONNECTION_REFUSED @ http://localhost:8080/api/chat/history?user1=kai_test&user2=jade_test:0
[  551121ms] [LOG] Failed to load chat history @ http://localhost:5173/src/App.jsx:1066
[  551128ms] [ERROR] Failed to load resource: net::ERR_CONNECTION_REFUSED @ http://localhost:8080/api/chat/history?user1=kai_test&user2=jade_test:0
[  551128ms] [LOG] Failed to load chat history @ http://localhost:5173/src/App.jsx:1066
[  551132ms] [ERROR] Failed to load resource: net::ERR_CONNECTION_REFUSED @ http://localhost:8080/api/auth/users:0
[  551132ms] [LOG] Failed to load contacts @ http://localhost:5173/src/App.jsx:1009
[  551136ms] [ERROR] Failed to load resource: net::ERR_CONNECTION_REFUSED @ http://localhost:8080/api/groups/mine?username=kai_test:0
[  551137ms] [LOG] Failed to load groups @ http://localhost:5173/src/App.jsx:1019
[  552588ms] [ERROR] Failed to load resource: net::ERR_CONNECTION_REFUSED @ http://localhost:8080/api/chat/history?user1=kai_test&user2=jade_test:0
[  552588ms] [LOG] Failed to load chat history @ http://localhost:5173/src/App.jsx:1066
[  555856ms] [ERROR] Failed to load resource: net::ERR_CONNECTION_REFUSED @ http://localhost:8080/api/chat/history?user1=kai_test&user2=jade_test:0
[  555860ms] [LOG] Failed to load chat history @ http://localhost:5173/src/App.jsx:1066
[  555950ms] [ERROR] Failed to load resource: net::ERR_CONNECTION_REFUSED @ http://localhost:8080/api/auth/users:0
[  555957ms] [LOG] Failed to load contacts @ http://localhost:5173/src/App.jsx:1009
[  555959ms] [ERROR] Failed to load resource: net::ERR_CONNECTION_REFUSED @ http://localhost:8080/api/groups/mine?username=kai_test:0
[  555960ms] [LOG] Failed to load groups @ http://localhost:5173/src/App.jsx:1019
[  556139ms] [ERROR] Failed to load resource: net::ERR_CONNECTION_REFUSED @ http://localhost:8080/api/chat/history?user1=kai_test&user2=jade_test:0
[  556140ms] [LOG] Failed to load chat history @ http://localhost:5173/src/App.jsx:1066
[  558138ms] [ERROR] Failed to load resource: net::ERR_CONNECTION_REFUSED @ http://localhost:8080/api/chat/history?user1=kai_test&user2=jade_test:0
[  558138ms] [LOG] Failed to load chat history @ http://localhost:5173/src/App.jsx:1066
[  560152ms] [ERROR] Failed to load resource: net::ERR_CONNECTION_REFUSED @ http://localhost:8080/api/chat/history?user1=kai_test&user2=jade_test:0
[  560152ms] [LOG] Failed to load chat history @ http://localhost:5173/src/App.jsx:1066
[  560917ms] [ERROR] Failed to load resource: net::ERR_CONNECTION_REFUSED @ http://localhost:8080/api/auth/users:0
[  560917ms] [LOG] Failed to load contacts @ http://localhost:5173/src/App.jsx:1009
[  560918ms] [ERROR] Failed to load resource: net::ERR_CONNECTION_REFUSED @ http://localhost:8080/api/groups/mine?username=kai_test:0
[  560918ms] [LOG] Failed to load groups @ http://localhost:5173/src/App.jsx:1019
[  562152ms] [ERROR] Failed to load resource: net::ERR_CONNECTION_REFUSED @ http://localhost:8080/api/chat/history?user1=kai_test&user2=jade_test:0
[  562152ms] [LOG] Failed to load chat history @ http://localhost:5173/src/App.jsx:1066
[  564151ms] [ERROR] Failed to load resource: net::ERR_CONNECTION_REFUSED @ http://localhost:8080/api/chat/history?user1=kai_test&user2=jade_test:0
[  564151ms] [LOG] Failed to load chat history @ http://localhost:5173/src/App.jsx:1066
[  565912ms] [ERROR] Failed to load resource: net::ERR_CONNECTION_REFUSED @ http://localhost:8080/api/auth/users:0
[  565912ms] [LOG] Failed to load contacts @ http://localhost:5173/src/App.jsx:1009
[  565915ms] [ERROR] Failed to load resource: net::ERR_CONNECTION_REFUSED @ http://localhost:8080/api/groups/mine?username=kai_test:0
[  565916ms] [LOG] Failed to load groups @ http://localhost:5173/src/App.jsx:1019
[  566151ms] [ERROR] Failed to load resource: net::ERR_CONNECTION_REFUSED @ http://localhost:8080/api/chat/history?user1=kai_test&user2=jade_test:0
[  566151ms] [LOG] Failed to load chat history @ http://localhost:5173/src/App.jsx:1066
[  568143ms] [ERROR] Failed to load resource: net::ERR_CONNECTION_REFUSED @ http://localhost:8080/api/chat/history?user1=kai_test&user2=jade_test:0
[  568143ms] [LOG] Failed to load chat history @ http://localhost:5173/src/App.jsx:1066
[  570148ms] [ERROR] Failed to load resource: net::ERR_CONNECTION_REFUSED @ http://localhost:8080/api/chat/history?user1=kai_test&user2=jade_test:0
[  570148ms] [LOG] Failed to load chat history @ http://localhost:5173/src/App.jsx:1066
[  570913ms] [ERROR] Failed to load resource: net::ERR_CONNECTION_REFUSED @ http://localhost:8080/api/auth/users:0
[  570913ms] [LOG] Failed to load contacts @ http://localhost:5173/src/App.jsx:1009
[  570914ms] [ERROR] Failed to load resource: net::ERR_CONNECTION_REFUSED @ http://localhost:8080/api/groups/mine?username=kai_test:0
[  570914ms] [LOG] Failed to load groups @ http://localhost:5173/src/App.jsx:1019
[  572146ms] [ERROR] Failed to load resource: net::ERR_CONNECTION_REFUSED @ http://localhost:8080/api/chat/history?user1=kai_test&user2=jade_test:0
[  572146ms] [LOG] Failed to load chat history @ http://localhost:5173/src/App.jsx:1066
[  574145ms] [ERROR] Failed to load resource: net::ERR_CONNECTION_REFUSED @ http://localhost:8080/api/chat/history?user1=kai_test&user2=jade_test:0
[  574145ms] [LOG] Failed to load chat history @ http://localhost:5173/src/App.jsx:1066
[  575922ms] [ERROR] Failed to load resource: net::ERR_CONNECTION_REFUSED @ http://localhost:8080/api/auth/users:0
[  575922ms] [LOG] Failed to load contacts @ http://localhost:5173/src/App.jsx:1009
[  575923ms] [ERROR] Failed to load resource: net::ERR_CONNECTION_REFUSED @ http://localhost:8080/api/groups/mine?username=kai_test:0
[  575923ms] [LOG] Failed to load groups @ http://localhost:5173/src/App.jsx:1019
[  576151ms] [ERROR] Failed to load resource: net::ERR_CONNECTION_REFUSED @ http://localhost:8080/api/chat/history?user1=kai_test&user2=jade_test:0
[  576152ms] [LOG] Failed to load chat history @ http://localhost:5173/src/App.jsx:1066
[  578141ms] [ERROR] Failed to load resource: net::ERR_CONNECTION_REFUSED @ http://localhost:8080/api/chat/history?user1=kai_test&user2=jade_test:0
[  578142ms] [LOG] Failed to load chat history @ http://localhost:5173/src/App.jsx:1066
[  582460ms] [ERROR] Failed to load resource: net::ERR_CONNECTION_REFUSED @ http://localhost:8080/api/chat/history?user1=kai_test&user2=jade_test:0
[  582460ms] [LOG] Failed to load chat history @ http://localhost:5173/src/App.jsx:1066
[  582465ms] [ERROR] Failed to load resource: net::ERR_CONNECTION_REFUSED @ http://localhost:8080/api/auth/users:0
[  582465ms] [LOG] Failed to load contacts @ http://localhost:5173/src/App.jsx:1009
[  582467ms] [ERROR] Failed to load resource: net::ERR_CONNECTION_REFUSED @ http://localhost:8080/api/groups/mine?username=kai_test:0
[  582467ms] [LOG] Failed to load groups @ http://localhost:5173/src/App.jsx:1019
[  584151ms] [ERROR] Failed to load resource: net::ERR_CONNECTION_REFUSED @ http://localhost:8080/api/chat/history?user1=kai_test&user2=jade_test:0
[  584151ms] [LOG] Failed to load chat history @ http://localhost:5173/src/App.jsx:1066
[  585909ms] [ERROR] Failed to load resource: net::ERR_CONNECTION_REFUSED @ http://localhost:8080/api/auth/users:0
[  585909ms] [LOG] Failed to load contacts @ http://localhost:5173/src/App.jsx:1009
[  585912ms] [ERROR] Failed to load resource: net::ERR_CONNECTION_REFUSED @ http://localhost:8080/api/groups/mine?username=kai_test:0
[  585913ms] [LOG] Failed to load groups @ http://localhost:5173/src/App.jsx:1019
[  586149ms] [ERROR] Failed to load resource: net::ERR_CONNECTION_REFUSED @ http://localhost:8080/api/chat/history?user1=kai_test&user2=jade_test:0
[  586149ms] [LOG] Failed to load chat history @ http://localhost:5173/src/App.jsx:1066
[  588165ms] [ERROR] Failed to load resource: net::ERR_CONNECTION_REFUSED @ http://localhost:8080/api/chat/history?user1=kai_test&user2=jade_test:0
[  588165ms] [LOG] Failed to load chat history @ http://localhost:5173/src/App.jsx:1066
[  590140ms] [ERROR] Failed to load resource: net::ERR_CONNECTION_REFUSED @ http://localhost:8080/api/chat/history?user1=kai_test&user2=jade_test:0
[  590140ms] [LOG] Failed to load chat history @ http://localhost:5173/src/App.jsx:1066
[  590907ms] [ERROR] Failed to load resource: net::ERR_CONNECTION_REFUSED @ http://localhost:8080/api/auth/users:0
[  590908ms] [LOG] Failed to load contacts @ http://localhost:5173/src/App.jsx:1009
[  590911ms] [ERROR] Failed to load resource: net::ERR_CONNECTION_REFUSED @ http://localhost:8080/api/groups/mine?username=kai_test:0
[  590912ms] [LOG] Failed to load groups @ http://localhost:5173/src/App.jsx:1019
[  592148ms] [ERROR] Failed to load resource: net::ERR_CONNECTION_REFUSED @ http://localhost:8080/api/chat/history?user1=kai_test&user2=jade_test:0
[  592149ms] [LOG] Failed to load chat history @ http://localhost:5173/src/App.jsx:1066
[  594158ms] [ERROR] Failed to load resource: net::ERR_CONNECTION_REFUSED @ http://localhost:8080/api/chat/history?user1=kai_test&user2=jade_test:0
[  594158ms] [LOG] Failed to load chat history @ http://localhost:5173/src/App.jsx:1066
[  595914ms] [ERROR] Failed to load resource: net::ERR_CONNECTION_REFUSED @ http://localhost:8080/api/auth/users:0
[  595914ms] [LOG] Failed to load contacts @ http://localhost:5173/src/App.jsx:1009
[  595915ms] [ERROR] Failed to load resource: net::ERR_CONNECTION_REFUSED @ http://localhost:8080/api/groups/mine?username=kai_test:0
[  595915ms] [LOG] Failed to load groups @ http://localhost:5173/src/App.jsx:1019
[  596147ms] [ERROR] Failed to load resource: net::ERR_CONNECTION_REFUSED @ http://localhost:8080/api/chat/history?user1=kai_test&user2=jade_test:0
[  596147ms] [LOG] Failed to load chat history @ http://localhost:5173/src/App.jsx:1066
[  598143ms] [ERROR] Failed to load resource: net::ERR_CONNECTION_REFUSED @ http://localhost:8080/api/chat/history?user1=kai_test&user2=jade_test:0
[  598145ms] [LOG] Failed to load chat history @ http://localhost:5173/src/App.jsx:1066
[  600141ms] [ERROR] Failed to load resource: net::ERR_CONNECTION_REFUSED @ http://localhost:8080/api/chat/history?user1=kai_test&user2=jade_test:0
[  600141ms] [LOG] Failed to load chat history @ http://localhost:5173/src/App.jsx:1066
[  600915ms] [ERROR] Failed to load resource: net::ERR_CONNECTION_REFUSED @ http://localhost:8080/api/auth/users:0
[  600915ms] [LOG] Failed to load contacts @ http://localhost:5173/src/App.jsx:1009
[  600916ms] [ERROR] Failed to load resource: net::ERR_CONNECTION_REFUSED @ http://localhost:8080/api/groups/mine?username=kai_test:0
[  600917ms] [LOG] Failed to load groups @ http://localhost:5173/src/App.jsx:1019
[  602944ms] [ERROR] Failed to load resource: net::ERR_CONNECTION_REFUSED @ http://localhost:8080/api/chat/history?user1=kai_test&user2=jade_test:0
[  602945ms] [LOG] Failed to load chat history @ http://localhost:5173/src/App.jsx:1066
[  604148ms] [ERROR] Failed to load resource: net::ERR_CONNECTION_REFUSED @ http://localhost:8080/api/chat/history?user1=kai_test&user2=jade_test:0
[  604148ms] [LOG] Failed to load chat history @ http://localhost:5173/src/App.jsx:1066
[  606013ms] [ERROR] Failed to load resource: net::ERR_CONNECTION_REFUSED @ http://localhost:8080/api/auth/users:0
[  606014ms] [LOG] Failed to load contacts @ http://localhost:5173/src/App.jsx:1009
[  606025ms] [ERROR] Failed to load resource: net::ERR_CONNECTION_REFUSED @ http://localhost:8080/api/groups/mine?username=kai_test:0
[  606025ms] [LOG] Failed to load groups @ http://localhost:5173/src/App.jsx:1019
[  606144ms] [ERROR] Failed to load resource: net::ERR_CONNECTION_REFUSED @ http://localhost:8080/api/chat/history?user1=kai_test&user2=jade_test:0
[  606145ms] [LOG] Failed to load chat history @ http://localhost:5173/src/App.jsx:1066
[  608157ms] [ERROR] Failed to load resource: net::ERR_CONNECTION_REFUSED @ http://localhost:8080/api/chat/history?user1=kai_test&user2=jade_test:0
[  608157ms] [LOG] Failed to load chat history @ http://localhost:5173/src/App.jsx:1066
[  610149ms] [ERROR] Failed to load resource: net::ERR_CONNECTION_REFUSED @ http://localhost:8080/api/chat/history?user1=kai_test&user2=jade_test:0
[  610149ms] [LOG] Failed to load chat history @ http://localhost:5173/src/App.jsx:1066
[  610913ms] [ERROR] Failed to load resource: net::ERR_CONNECTION_REFUSED @ http://localhost:8080/api/auth/users:0
[  610914ms] [LOG] Failed to load contacts @ http://localhost:5173/src/App.jsx:1009
[  610915ms] [ERROR] Failed to load resource: net::ERR_CONNECTION_REFUSED @ http://localhost:8080/api/groups/mine?username=kai_test:0
[  610915ms] [LOG] Failed to load groups @ http://localhost:5173/src/App.jsx:1019
[  612140ms] [ERROR] Failed to load resource: net::ERR_CONNECTION_REFUSED @ http://localhost:8080/api/chat/history?user1=kai_test&user2=jade_test:0
[  612140ms] [LOG] Failed to load chat history @ http://localhost:5173/src/App.jsx:1066
[  614151ms] [ERROR] Failed to load resource: net::ERR_CONNECTION_REFUSED @ http://localhost:8080/api/chat/history?user1=kai_test&user2=jade_test:0
[  614151ms] [LOG] Failed to load chat history @ http://localhost:5173/src/App.jsx:1066
[  616117ms] [ERROR] Failed to load resource: net::ERR_CONNECTION_REFUSED @ http://localhost:8080/api/auth/users:0
[  616117ms] [LOG] Failed to load contacts @ http://localhost:5173/src/App.jsx:1009
[  616118ms] [ERROR] Failed to load resource: net::ERR_CONNECTION_REFUSED @ http://localhost:8080/api/groups/mine?username=kai_test:0
[  616118ms] [LOG] Failed to load groups @ http://localhost:5173/src/App.jsx:1019
[  616187ms] [ERROR] Failed to load resource: net::ERR_CONNECTION_REFUSED @ http://localhost:8080/api/chat/history?user1=kai_test&user2=jade_test:0
[  616189ms] [LOG] Failed to load chat history @ http://localhost:5173/src/App.jsx:1066
[  618144ms] [ERROR] Failed to load resource: net::ERR_CONNECTION_REFUSED @ http://localhost:8080/api/chat/history?user1=kai_test&user2=jade_test:0
[  618145ms] [LOG] Failed to load chat history @ http://localhost:5173/src/App.jsx:1066
[  620152ms] [ERROR] Failed to load resource: net::ERR_CONNECTION_REFUSED @ http://localhost:8080/api/chat/history?user1=kai_test&user2=jade_test:0
[  620152ms] [LOG] Failed to load chat history @ http://localhost:5173/src/App.jsx:1066
[  620915ms] [ERROR] Failed to load resource: net::ERR_CONNECTION_REFUSED @ http://localhost:8080/api/auth/users:0
[  620920ms] [LOG] Failed to load contacts @ http://localhost:5173/src/App.jsx:1009
[  620921ms] [ERROR] Failed to load resource: net::ERR_CONNECTION_REFUSED @ http://localhost:8080/api/groups/mine?username=kai_test:0
[  620921ms] [LOG] Failed to load groups @ http://localhost:5173/src/App.jsx:1019
[  622144ms] [ERROR] Failed to load resource: net::ERR_CONNECTION_REFUSED @ http://localhost:8080/api/chat/history?user1=kai_test&user2=jade_test:0
[  622144ms] [LOG] Failed to load chat history @ http://localhost:5173/src/App.jsx:1066
[  624141ms] [ERROR] Failed to load resource: net::ERR_CONNECTION_REFUSED @ http://localhost:8080/api/chat/history?user1=kai_test&user2=jade_test:0
[  624144ms] [LOG] Failed to load chat history @ http://localhost:5173/src/App.jsx:1066
[  625915ms] [ERROR] Failed to load resource: net::ERR_CONNECTION_REFUSED @ http://localhost:8080/api/auth/users:0
[  625915ms] [LOG] Failed to load contacts @ http://localhost:5173/src/App.jsx:1009
[  625916ms] [ERROR] Failed to load resource: net::ERR_CONNECTION_REFUSED @ http://localhost:8080/api/groups/mine?username=kai_test:0
[  625917ms] [LOG] Failed to load groups @ http://localhost:5173/src/App.jsx:1019
[  626142ms] [ERROR] Failed to load resource: net::ERR_CONNECTION_REFUSED @ http://localhost:8080/api/chat/history?user1=kai_test&user2=jade_test:0
[  626143ms] [LOG] Failed to load chat history @ http://localhost:5173/src/App.jsx:1066
[  628147ms] [ERROR] Failed to load resource: net::ERR_CONNECTION_REFUSED @ http://localhost:8080/api/chat/history?user1=kai_test&user2=jade_test:0
[  628147ms] [LOG] Failed to load chat history @ http://localhost:5173/src/App.jsx:1066
[  630142ms] [ERROR] Failed to load resource: net::ERR_CONNECTION_REFUSED @ http://localhost:8080/api/chat/history?user1=kai_test&user2=jade_test:0
[  630142ms] [LOG] Failed to load chat history @ http://localhost:5173/src/App.jsx:1066
[  630915ms] [ERROR] Failed to load resource: net::ERR_CONNECTION_REFUSED @ http://localhost:8080/api/auth/users:0
[  630916ms] [LOG] Failed to load contacts @ http://localhost:5173/src/App.jsx:1009
[  630918ms] [ERROR] Failed to load resource: net::ERR_CONNECTION_REFUSED @ http://localhost:8080/api/groups/mine?username=kai_test:0
[  630918ms] [LOG] Failed to load groups @ http://localhost:5173/src/App.jsx:1019
[  632149ms] [ERROR] Failed to load resource: net::ERR_CONNECTION_REFUSED @ http://localhost:8080/api/chat/history?user1=kai_test&user2=jade_test:0
[  632149ms] [LOG] Failed to load chat history @ http://localhost:5173/src/App.jsx:1066
[  634383ms] [ERROR] Failed to load resource: net::ERR_CONNECTION_REFUSED @ http://localhost:8080/api/chat/history?user1=kai_test&user2=jade_test:0
[  634383ms] [LOG] Failed to load chat history @ http://localhost:5173/src/App.jsx:1066
[  635909ms] [ERROR] Failed to load resource: net::ERR_CONNECTION_REFUSED @ http://localhost:8080/api/auth/users:0
[  635909ms] [LOG] Failed to load contacts @ http://localhost:5173/src/App.jsx:1009
[  635909ms] [ERROR] Failed to load resource: net::ERR_CONNECTION_REFUSED @ http://localhost:8080/api/groups/mine?username=kai_test:0
[  635909ms] [LOG] Failed to load groups @ http://localhost:5173/src/App.jsx:1019
[  636146ms] [ERROR] Failed to load resource: net::ERR_CONNECTION_REFUSED @ http://localhost:8080/api/chat/history?user1=kai_test&user2=jade_test:0
[  636146ms] [LOG] Failed to load chat history @ http://localhost:5173/src/App.jsx:1066
[  638163ms] [ERROR] Failed to load resource: net::ERR_CONNECTION_REFUSED @ http://localhost:8080/api/chat/history?user1=kai_test&user2=jade_test:0
[  638163ms] [LOG] Failed to load chat history @ http://localhost:5173/src/App.jsx:1066
[  640151ms] [ERROR] Failed to load resource: net::ERR_CONNECTION_REFUSED @ http://localhost:8080/api/chat/history?user1=kai_test&user2=jade_test:0
[  640152ms] [LOG] Failed to load chat history @ http://localhost:5173/src/App.jsx:1066
[  640915ms] [ERROR] Failed to load resource: net::ERR_CONNECTION_REFUSED @ http://localhost:8080/api/auth/users:0
[  640915ms] [LOG] Failed to load contacts @ http://localhost:5173/src/App.jsx:1009
[  640918ms] [ERROR] Failed to load resource: net::ERR_CONNECTION_REFUSED @ http://localhost:8080/api/groups/mine?username=kai_test:0
[  640918ms] [LOG] Failed to load groups @ http://localhost:5173/src/App.jsx:1019
[  642145ms] [ERROR] Failed to load resource: net::ERR_CONNECTION_REFUSED @ http://localhost:8080/api/chat/history?user1=kai_test&user2=jade_test:0
[  642148ms] [LOG] Failed to load chat history @ http://localhost:5173/src/App.jsx:1066
[  644217ms] [ERROR] Failed to load resource: net::ERR_CONNECTION_REFUSED @ http://localhost:8080/api/chat/history?user1=kai_test&user2=jade_test:0
[  644217ms] [LOG] Failed to load chat history @ http://localhost:5173/src/App.jsx:1066
[  645932ms] [ERROR] Failed to load resource: net::ERR_CONNECTION_REFUSED @ http://localhost:8080/api/auth/users:0
[  645932ms] [LOG] Failed to load contacts @ http://localhost:5173/src/App.jsx:1009
[  645933ms] [ERROR] Failed to load resource: net::ERR_CONNECTION_REFUSED @ http://localhost:8080/api/groups/mine?username=kai_test:0
[  645933ms] [LOG] Failed to load groups @ http://localhost:5173/src/App.jsx:1019
[  646145ms] [ERROR] Failed to load resource: net::ERR_CONNECTION_REFUSED @ http://localhost:8080/api/chat/history?user1=kai_test&user2=jade_test:0
[  646147ms] [LOG] Failed to load chat history @ http://localhost:5173/src/App.jsx:1066
[  648431ms] [ERROR] Failed to load resource: net::ERR_CONNECTION_REFUSED @ http://localhost:8080/api/chat/history?user1=kai_test&user2=jade_test:0
[  648431ms] [LOG] Failed to load chat history @ http://localhost:5173/src/App.jsx:1066
[  650146ms] [ERROR] Failed to load resource: net::ERR_CONNECTION_REFUSED @ http://localhost:8080/api/chat/history?user1=kai_test&user2=jade_test:0
[  650147ms] [LOG] Failed to load chat history @ http://localhost:5173/src/App.jsx:1066
[  650910ms] [ERROR] Failed to load resource: net::ERR_CONNECTION_REFUSED @ http://localhost:8080/api/auth/users:0
[  650911ms] [LOG] Failed to load contacts @ http://localhost:5173/src/App.jsx:1009
[  650912ms] [ERROR] Failed to load resource: net::ERR_CONNECTION_REFUSED @ http://localhost:8080/api/groups/mine?username=kai_test:0
[  650912ms] [LOG] Failed to load groups @ http://localhost:5173/src/App.jsx:1019
[  652155ms] [ERROR] Failed to load resource: net::ERR_CONNECTION_REFUSED @ http://localhost:8080/api/chat/history?user1=kai_test&user2=jade_test:0
[  652155ms] [LOG] Failed to load chat history @ http://localhost:5173/src/App.jsx:1066
[  654141ms] [ERROR] Failed to load resource: net::ERR_CONNECTION_REFUSED @ http://localhost:8080/api/chat/history?user1=kai_test&user2=jade_test:0
[  654143ms] [LOG] Failed to load chat history @ http://localhost:5173/src/App.jsx:1066
[  655968ms] [ERROR] Failed to load resource: net::ERR_CONNECTION_REFUSED @ http://localhost:8080/api/auth/users:0
[  655969ms] [LOG] Failed to load contacts @ http://localhost:5173/src/App.jsx:1009
[  655972ms] [ERROR] Failed to load resource: net::ERR_CONNECTION_REFUSED @ http://localhost:8080/api/groups/mine?username=kai_test:0
[  655975ms] [LOG] Failed to load groups @ http://localhost:5173/src/App.jsx:1019
[  656151ms] [ERROR] Failed to load resource: net::ERR_CONNECTION_REFUSED @ http://localhost:8080/api/chat/history?user1=kai_test&user2=jade_test:0
[  656151ms] [LOG] Failed to load chat history @ http://localhost:5173/src/App.jsx:1066
[  658435ms] [ERROR] Failed to load resource: net::ERR_CONNECTION_REFUSED @ http://localhost:8080/api/chat/history?user1=kai_test&user2=jade_test:0
[  658436ms] [LOG] Failed to load chat history @ http://localhost:5173/src/App.jsx:1066
[  660153ms] [ERROR] Failed to load resource: net::ERR_CONNECTION_REFUSED @ http://localhost:8080/api/chat/history?user1=kai_test&user2=jade_test:0
[  660153ms] [LOG] Failed to load chat history @ http://localhost:5173/src/App.jsx:1066
[  661312ms] [ERROR] Failed to load resource: net::ERR_CONNECTION_REFUSED @ http://localhost:8080/api/auth/users:0
[  661312ms] [LOG] Failed to load contacts @ http://localhost:5173/src/App.jsx:1009
[  661314ms] [ERROR] Failed to load resource: net::ERR_CONNECTION_REFUSED @ http://localhost:8080/api/groups/mine?username=kai_test:0
[  661314ms] [LOG] Failed to load groups @ http://localhost:5173/src/App.jsx:1019
[  662158ms] [ERROR] Failed to load resource: net::ERR_CONNECTION_REFUSED @ http://localhost:8080/api/chat/history?user1=kai_test&user2=jade_test:0
[  662158ms] [LOG] Failed to load chat history @ http://localhost:5173/src/App.jsx:1066
[  664146ms] [ERROR] Failed to load resource: net::ERR_CONNECTION_REFUSED @ http://localhost:8080/api/chat/history?user1=kai_test&user2=jade_test:0
[  664146ms] [LOG] Failed to load chat history @ http://localhost:5173/src/App.jsx:1066
[  667290ms] [ERROR] Failed to load resource: net::ERR_CONNECTION_REFUSED @ http://localhost:8080/api/auth/users:0
[  667294ms] [LOG] Failed to load contacts @ http://localhost:5173/src/App.jsx:1009
[  667297ms] [ERROR] Failed to load resource: net::ERR_CONNECTION_REFUSED @ http://localhost:8080/api/groups/mine?username=kai_test:0
[  667298ms] [LOG] Failed to load groups @ http://localhost:5173/src/App.jsx:1019
[  667306ms] [ERROR] Failed to load resource: net::ERR_CONNECTION_REFUSED @ http://localhost:8080/api/chat/history?user1=kai_test&user2=jade_test:0
[  667308ms] [LOG] Failed to load chat history @ http://localhost:5173/src/App.jsx:1066
[  668140ms] [ERROR] Failed to load resource: net::ERR_CONNECTION_REFUSED @ http://localhost:8080/api/chat/history?user1=kai_test&user2=jade_test:0
[  668140ms] [LOG] Failed to load chat history @ http://localhost:5173/src/App.jsx:1066
[  670153ms] [ERROR] Failed to load resource: net::ERR_CONNECTION_REFUSED @ http://localhost:8080/api/chat/history?user1=kai_test&user2=jade_test:0
[  670154ms] [LOG] Failed to load chat history @ http://localhost:5173/src/App.jsx:1066
[  670911ms] [ERROR] Failed to load resource: net::ERR_CONNECTION_REFUSED @ http://localhost:8080/api/auth/users:0
[  670911ms] [LOG] Failed to load contacts @ http://localhost:5173/src/App.jsx:1009
[  670919ms] [ERROR] Failed to load resource: net::ERR_CONNECTION_REFUSED @ http://localhost:8080/api/groups/mine?username=kai_test:0
[  670924ms] [LOG] Failed to load groups @ http://localhost:5173/src/App.jsx:1019
[  672147ms] [ERROR] Failed to load resource: net::ERR_CONNECTION_REFUSED @ http://localhost:8080/api/chat/history?user1=kai_test&user2=jade_test:0
[  672149ms] [LOG] Failed to load chat history @ http://localhost:5173/src/App.jsx:1066
[  674148ms] [ERROR] Failed to load resource: net::ERR_CONNECTION_REFUSED @ http://localhost:8080/api/chat/history?user1=kai_test&user2=jade_test:0
[  674150ms] [LOG] Failed to load chat history @ http://localhost:5173/src/App.jsx:1066
[  675915ms] [ERROR] Failed to load resource: net::ERR_CONNECTION_REFUSED @ http://localhost:8080/api/auth/users:0
[  675915ms] [LOG] Failed to load contacts @ http://localhost:5173/src/App.jsx:1009
[  675917ms] [ERROR] Failed to load resource: net::ERR_CONNECTION_REFUSED @ http://localhost:8080/api/groups/mine?username=kai_test:0
[  675918ms] [LOG] Failed to load groups @ http://localhost:5173/src/App.jsx:1019
[  676148ms] [ERROR] Failed to load resource: net::ERR_CONNECTION_REFUSED @ http://localhost:8080/api/chat/history?user1=kai_test&user2=jade_test:0
[  676148ms] [LOG] Failed to load chat history @ http://localhost:5173/src/App.jsx:1066
[  678152ms] [ERROR] Failed to load resource: net::ERR_CONNECTION_REFUSED @ http://localhost:8080/api/chat/history?user1=kai_test&user2=jade_test:0
[  678152ms] [LOG] Failed to load chat history @ http://localhost:5173/src/App.jsx:1066
[  680149ms] [ERROR] Failed to load resource: net::ERR_CONNECTION_REFUSED @ http://localhost:8080/api/chat/history?user1=kai_test&user2=jade_test:0
[  680150ms] [LOG] Failed to load chat history @ http://localhost:5173/src/App.jsx:1066
[  681031ms] [ERROR] Failed to load resource: net::ERR_CONNECTION_REFUSED @ http://localhost:8080/api/auth/users:0
[  681031ms] [LOG] Failed to load contacts @ http://localhost:5173/src/App.jsx:1009
[  681032ms] [ERROR] Failed to load resource: net::ERR_CONNECTION_REFUSED @ http://localhost:8080/api/groups/mine?username=kai_test:0
[  681032ms] [LOG] Failed to load groups @ http://localhost:5173/src/App.jsx:1019
[  682154ms] [ERROR] Failed to load resource: net::ERR_CONNECTION_REFUSED @ http://localhost:8080/api/chat/history?user1=kai_test&user2=jade_test:0
[  682155ms] [LOG] Failed to load chat history @ http://localhost:5173/src/App.jsx:1066
[  684148ms] [ERROR] Failed to load resource: net::ERR_CONNECTION_REFUSED @ http://localhost:8080/api/chat/history?user1=kai_test&user2=jade_test:0
[  684148ms] [LOG] Failed to load chat history @ http://localhost:5173/src/App.jsx:1066
[  685909ms] [ERROR] Failed to load resource: net::ERR_CONNECTION_REFUSED @ http://localhost:8080/api/auth/users:0
[  685909ms] [LOG] Failed to load contacts @ http://localhost:5173/src/App.jsx:1009
[  685910ms] [ERROR] Failed to load resource: net::ERR_CONNECTION_REFUSED @ http://localhost:8080/api/groups/mine?username=kai_test:0
[  685911ms] [LOG] Failed to load groups @ http://localhost:5173/src/App.jsx:1019
[  686142ms] [ERROR] Failed to load resource: net::ERR_CONNECTION_REFUSED @ http://localhost:8080/api/chat/history?user1=kai_test&user2=jade_test:0
[  686142ms] [LOG] Failed to load chat history @ http://localhost:5173/src/App.jsx:1066
[  688153ms] [ERROR] Failed to load resource: net::ERR_CONNECTION_REFUSED @ http://localhost:8080/api/chat/history?user1=kai_test&user2=jade_test:0
[  688153ms] [LOG] Failed to load chat history @ http://localhost:5173/src/App.jsx:1066
[  690139ms] [ERROR] Failed to load resource: net::ERR_CONNECTION_REFUSED @ http://localhost:8080/api/chat/history?user1=kai_test&user2=jade_test:0
[  690139ms] [LOG] Failed to load chat history @ http://localhost:5173/src/App.jsx:1066
[  690908ms] [ERROR] Failed to load resource: net::ERR_CONNECTION_REFUSED @ http://localhost:8080/api/auth/users:0
[  690908ms] [LOG] Failed to load contacts @ http://localhost:5173/src/App.jsx:1009
[  690914ms] [ERROR] Failed to load resource: net::ERR_CONNECTION_REFUSED @ http://localhost:8080/api/groups/mine?username=kai_test:0
[  690915ms] [LOG] Failed to load groups @ http://localhost:5173/src/App.jsx:1019
[  692206ms] [ERROR] Failed to load resource: net::ERR_CONNECTION_REFUSED @ http://localhost:8080/api/chat/history?user1=kai_test&user2=jade_test:0
[  692206ms] [LOG] Failed to load chat history @ http://localhost:5173/src/App.jsx:1066
[  694152ms] [ERROR] Failed to load resource: net::ERR_CONNECTION_REFUSED @ http://localhost:8080/api/chat/history?user1=kai_test&user2=jade_test:0
[  694152ms] [LOG] Failed to load chat history @ http://localhost:5173/src/App.jsx:1066
[  695934ms] [ERROR] Failed to load resource: net::ERR_CONNECTION_REFUSED @ http://localhost:8080/api/auth/users:0
[  695935ms] [LOG] Failed to load contacts @ http://localhost:5173/src/App.jsx:1009
[  695951ms] [ERROR] Failed to load resource: net::ERR_CONNECTION_REFUSED @ http://localhost:8080/api/groups/mine?username=kai_test:0
[  695951ms] [LOG] Failed to load groups @ http://localhost:5173/src/App.jsx:1019
[  696148ms] [ERROR] Failed to load resource: net::ERR_CONNECTION_REFUSED @ http://localhost:8080/api/chat/history?user1=kai_test&user2=jade_test:0
[  696148ms] [LOG] Failed to load chat history @ http://localhost:5173/src/App.jsx:1066
[  698147ms] [ERROR] Failed to load resource: net::ERR_CONNECTION_REFUSED @ http://localhost:8080/api/chat/history?user1=kai_test&user2=jade_test:0
[  698147ms] [LOG] Failed to load chat history @ http://localhost:5173/src/App.jsx:1066
[  700142ms] [ERROR] Failed to load resource: net::ERR_CONNECTION_REFUSED @ http://localhost:8080/api/chat/history?user1=kai_test&user2=jade_test:0
[  700143ms] [LOG] Failed to load chat history @ http://localhost:5173/src/App.jsx:1066
[  700908ms] [ERROR] Failed to load resource: net::ERR_CONNECTION_REFUSED @ http://localhost:8080/api/auth/users:0
[  700908ms] [LOG] Failed to load contacts @ http://localhost:5173/src/App.jsx:1009
[  700910ms] [ERROR] Failed to load resource: net::ERR_CONNECTION_REFUSED @ http://localhost:8080/api/groups/mine?username=kai_test:0
[  700910ms] [LOG] Failed to load groups @ http://localhost:5173/src/App.jsx:1019
[  702153ms] [ERROR] Failed to load resource: net::ERR_CONNECTION_REFUSED @ http://localhost:8080/api/chat/history?user1=kai_test&user2=jade_test:0
[  702154ms] [LOG] Failed to load chat history @ http://localhost:5173/src/App.jsx:1066
[  704152ms] [ERROR] Failed to load resource: net::ERR_CONNECTION_REFUSED @ http://localhost:8080/api/chat/history?user1=kai_test&user2=jade_test:0
[  704152ms] [LOG] Failed to load chat history @ http://localhost:5173/src/App.jsx:1066
[  705916ms] [ERROR] Failed to load resource: net::ERR_CONNECTION_REFUSED @ http://localhost:8080/api/auth/users:0
[  705917ms] [LOG] Failed to load contacts @ http://localhost:5173/src/App.jsx:1009
[  705918ms] [ERROR] Failed to load resource: net::ERR_CONNECTION_REFUSED @ http://localhost:8080/api/groups/mine?username=kai_test:0
[  705919ms] [LOG] Failed to load groups @ http://localhost:5173/src/App.jsx:1019
[  706142ms] [ERROR] Failed to load resource: net::ERR_CONNECTION_REFUSED @ http://localhost:8080/api/chat/history?user1=kai_test&user2=jade_test:0
[  706142ms] [LOG] Failed to load chat history @ http://localhost:5173/src/App.jsx:1066
[  708151ms] [ERROR] Failed to load resource: net::ERR_CONNECTION_REFUSED @ http://localhost:8080/api/chat/history?user1=kai_test&user2=jade_test:0
[  708151ms] [LOG] Failed to load chat history @ http://localhost:5173/src/App.jsx:1066
[  710151ms] [ERROR] Failed to load resource: net::ERR_CONNECTION_REFUSED @ http://localhost:8080/api/chat/history?user1=kai_test&user2=jade_test:0
[  710151ms] [LOG] Failed to load chat history @ http://localhost:5173/src/App.jsx:1066
[  710918ms] [ERROR] Failed to load resource: net::ERR_CONNECTION_REFUSED @ http://localhost:8080/api/auth/users:0
[  710918ms] [LOG] Failed to load contacts @ http://localhost:5173/src/App.jsx:1009
[  710919ms] [ERROR] Failed to load resource: net::ERR_CONNECTION_REFUSED @ http://localhost:8080/api/groups/mine?username=kai_test:0
[  710919ms] [LOG] Failed to load groups @ http://localhost:5173/src/App.jsx:1019
[  712147ms] [ERROR] Failed to load resource: net::ERR_CONNECTION_REFUSED @ http://localhost:8080/api/chat/history?user1=kai_test&user2=jade_test:0
[  712147ms] [LOG] Failed to load chat history @ http://localhost:5173/src/App.jsx:1066
[  714146ms] [ERROR] Failed to load resource: net::ERR_CONNECTION_REFUSED @ http://localhost:8080/api/chat/history?user1=kai_test&user2=jade_test:0
[  714146ms] [LOG] Failed to load chat history @ http://localhost:5173/src/App.jsx:1066
[  715908ms] [ERROR] Failed to load resource: net::ERR_CONNECTION_REFUSED @ http://localhost:8080/api/auth/users:0
[  715909ms] [LOG] Failed to load contacts @ http://localhost:5173/src/App.jsx:1009
[  715910ms] [ERROR] Failed to load resource: net::ERR_CONNECTION_REFUSED @ http://localhost:8080/api/groups/mine?username=kai_test:0
[  715910ms] [LOG] Failed to load groups @ http://localhost:5173/src/App.jsx:1019
[  716140ms] [ERROR] Failed to load resource: net::ERR_CONNECTION_REFUSED @ http://localhost:8080/api/chat/history?user1=kai_test&user2=jade_test:0
[  716140ms] [LOG] Failed to load chat history @ http://localhost:5173/src/App.jsx:1066
[  718141ms] [ERROR] Failed to load resource: net::ERR_CONNECTION_REFUSED @ http://localhost:8080/api/chat/history?user1=kai_test&user2=jade_test:0
[  718141ms] [LOG] Failed to load chat history @ http://localhost:5173/src/App.jsx:1066
[  720161ms] [ERROR] Failed to load resource: net::ERR_CONNECTION_REFUSED @ http://localhost:8080/api/chat/history?user1=kai_test&user2=jade_test:0
[  720173ms] [LOG] Failed to load chat history @ http://localhost:5173/src/App.jsx:1066
[  720909ms] [ERROR] Failed to load resource: net::ERR_CONNECTION_REFUSED @ http://localhost:8080/api/auth/users:0
[  720914ms] [LOG] Failed to load contacts @ http://localhost:5173/src/App.jsx:1009
[  720916ms] [ERROR] Failed to load resource: net::ERR_CONNECTION_REFUSED @ http://localhost:8080/api/groups/mine?username=kai_test:0
[  720916ms] [LOG] Failed to load groups @ http://localhost:5173/src/App.jsx:1019
[  722141ms] [ERROR] Failed to load resource: net::ERR_CONNECTION_REFUSED @ http://localhost:8080/api/chat/history?user1=kai_test&user2=jade_test:0
[  722142ms] [LOG] Failed to load chat history @ http://localhost:5173/src/App.jsx:1066
[  724144ms] [ERROR] Failed to load resource: net::ERR_CONNECTION_REFUSED @ http://localhost:8080/api/chat/history?user1=kai_test&user2=jade_test:0
[  724144ms] [LOG] Failed to load chat history @ http://localhost:5173/src/App.jsx:1066
[  725903ms] [ERROR] Failed to load resource: net::ERR_CONNECTION_REFUSED @ http://localhost:8080/api/auth/users:0
[  725903ms] [LOG] Failed to load contacts @ http://localhost:5173/src/App.jsx:1009
[  725904ms] [ERROR] Failed to load resource: net::ERR_CONNECTION_REFUSED @ http://localhost:8080/api/groups/mine?username=kai_test:0
[  725909ms] [LOG] Failed to load groups @ http://localhost:5173/src/App.jsx:1019
[  726145ms] [ERROR] Failed to load resource: net::ERR_CONNECTION_REFUSED @ http://localhost:8080/api/chat/history?user1=kai_test&user2=jade_test:0
[  726147ms] [LOG] Failed to load chat history @ http://localhost:5173/src/App.jsx:1066
[  728151ms] [ERROR] Failed to load resource: net::ERR_CONNECTION_REFUSED @ http://localhost:8080/api/chat/history?user1=kai_test&user2=jade_test:0
[  728151ms] [LOG] Failed to load chat history @ http://localhost:5173/src/App.jsx:1066
[  730144ms] [ERROR] Failed to load resource: net::ERR_CONNECTION_REFUSED @ http://localhost:8080/api/chat/history?user1=kai_test&user2=jade_test:0
[  730144ms] [LOG] Failed to load chat history @ http://localhost:5173/src/App.jsx:1066
[  730911ms] [ERROR] Failed to load resource: net::ERR_CONNECTION_REFUSED @ http://localhost:8080/api/auth/users:0
[  730911ms] [LOG] Failed to load contacts @ http://localhost:5173/src/App.jsx:1009
[  730913ms] [ERROR] Failed to load resource: net::ERR_CONNECTION_REFUSED @ http://localhost:8080/api/groups/mine?username=kai_test:0
[  730913ms] [LOG] Failed to load groups @ http://localhost:5173/src/App.jsx:1019
[  732144ms] [ERROR] Failed to load resource: net::ERR_CONNECTION_REFUSED @ http://localhost:8080/api/chat/history?user1=kai_test&user2=jade_test:0
[  732144ms] [LOG] Failed to load chat history @ http://localhost:5173/src/App.jsx:1066
[  734154ms] [ERROR] Failed to load resource: net::ERR_CONNECTION_REFUSED @ http://localhost:8080/api/chat/history?user1=kai_test&user2=jade_test:0
[  734154ms] [LOG] Failed to load chat history @ http://localhost:5173/src/App.jsx:1066
[  735960ms] [ERROR] Failed to load resource: net::ERR_CONNECTION_REFUSED @ http://localhost:8080/api/auth/users:0
[  735969ms] [LOG] Failed to load contacts @ http://localhost:5173/src/App.jsx:1009
[  735972ms] [ERROR] Failed to load resource: net::ERR_CONNECTION_REFUSED @ http://localhost:8080/api/groups/mine?username=kai_test:0
[  735973ms] [LOG] Failed to load groups @ http://localhost:5173/src/App.jsx:1019
[  736141ms] [ERROR] Failed to load resource: net::ERR_CONNECTION_REFUSED @ http://localhost:8080/api/chat/history?user1=kai_test&user2=jade_test:0
[  736141ms] [LOG] Failed to load chat history @ http://localhost:5173/src/App.jsx:1066
[  738150ms] [ERROR] Failed to load resource: net::ERR_CONNECTION_REFUSED @ http://localhost:8080/api/chat/history?user1=kai_test&user2=jade_test:0
[  738151ms] [LOG] Failed to load chat history @ http://localhost:5173/src/App.jsx:1066
[  740154ms] [ERROR] Failed to load resource: net::ERR_CONNECTION_REFUSED @ http://localhost:8080/api/chat/history?user1=kai_test&user2=jade_test:0
[  740154ms] [LOG] Failed to load chat history @ http://localhost:5173/src/App.jsx:1066
[  741288ms] [ERROR] Failed to load resource: net::ERR_CONNECTION_REFUSED @ http://localhost:8080/api/auth/users:0
[  741288ms] [LOG] Failed to load contacts @ http://localhost:5173/src/App.jsx:1009
[  741335ms] [ERROR] Failed to load resource: net::ERR_CONNECTION_REFUSED @ http://localhost:8080/api/groups/mine?username=kai_test:0
[  741335ms] [LOG] Failed to load groups @ http://localhost:5173/src/App.jsx:1019
[  742151ms] [ERROR] Failed to load resource: net::ERR_CONNECTION_REFUSED @ http://localhost:8080/api/chat/history?user1=kai_test&user2=jade_test:0
[  742151ms] [LOG] Failed to load chat history @ http://localhost:5173/src/App.jsx:1066
[  744151ms] [ERROR] Failed to load resource: net::ERR_CONNECTION_REFUSED @ http://localhost:8080/api/chat/history?user1=kai_test&user2=jade_test:0
[  744151ms] [LOG] Failed to load chat history @ http://localhost:5173/src/App.jsx:1066
[  746033ms] [ERROR] Failed to load resource: net::ERR_CONNECTION_REFUSED @ http://localhost:8080/api/auth/users:0
[  746033ms] [LOG] Failed to load contacts @ http://localhost:5173/src/App.jsx:1009
[  746043ms] [ERROR] Failed to load resource: net::ERR_CONNECTION_REFUSED @ http://localhost:8080/api/groups/mine?username=kai_test:0
[  746045ms] [LOG] Failed to load groups @ http://localhost:5173/src/App.jsx:1019
[  746149ms] [ERROR] Failed to load resource: net::ERR_CONNECTION_REFUSED @ http://localhost:8080/api/chat/history?user1=kai_test&user2=jade_test:0
[  746149ms] [LOG] Failed to load chat history @ http://localhost:5173/src/App.jsx:1066
[  748145ms] [ERROR] Failed to load resource: net::ERR_CONNECTION_REFUSED @ http://localhost:8080/api/chat/history?user1=kai_test&user2=jade_test:0
[  748146ms] [LOG] Failed to load chat history @ http://localhost:5173/src/App.jsx:1066
[  750142ms] [ERROR] Failed to load resource: net::ERR_CONNECTION_REFUSED @ http://localhost:8080/api/chat/history?user1=kai_test&user2=jade_test:0
[  750142ms] [LOG] Failed to load chat history @ http://localhost:5173/src/App.jsx:1066
[  750974ms] [ERROR] Failed to load resource: net::ERR_CONNECTION_REFUSED @ http://localhost:8080/api/auth/users:0
[  750974ms] [LOG] Failed to load contacts @ http://localhost:5173/src/App.jsx:1009
[  750974ms] [ERROR] Failed to load resource: net::ERR_CONNECTION_REFUSED @ http://localhost:8080/api/groups/mine?username=kai_test:0
[  750974ms] [LOG] Failed to load groups @ http://localhost:5173/src/App.jsx:1019
[  752160ms] [ERROR] Failed to load resource: net::ERR_CONNECTION_REFUSED @ http://localhost:8080/api/chat/history?user1=kai_test&user2=jade_test:0
[  752167ms] [LOG] Failed to load chat history @ http://localhost:5173/src/App.jsx:1066
[  754147ms] [ERROR] Failed to load resource: net::ERR_CONNECTION_REFUSED @ http://localhost:8080/api/chat/history?user1=kai_test&user2=jade_test:0
[  754148ms] [LOG] Failed to load chat history @ http://localhost:5173/src/App.jsx:1066
[  755933ms] [ERROR] Failed to load resource: net::ERR_CONNECTION_REFUSED @ http://localhost:8080/api/auth/users:0
[  755933ms] [LOG] Failed to load contacts @ http://localhost:5173/src/App.jsx:1009
[  755934ms] [ERROR] Failed to load resource: net::ERR_CONNECTION_REFUSED @ http://localhost:8080/api/groups/mine?username=kai_test:0
[  755934ms] [LOG] Failed to load groups @ http://localhost:5173/src/App.jsx:1019
[  756138ms] [ERROR] Failed to load resource: net::ERR_CONNECTION_REFUSED @ http://localhost:8080/api/chat/history?user1=kai_test&user2=jade_test:0
[  756138ms] [LOG] Failed to load chat history @ http://localhost:5173/src/App.jsx:1066
[  758150ms] [ERROR] Failed to load resource: net::ERR_CONNECTION_REFUSED @ http://localhost:8080/api/chat/history?user1=kai_test&user2=jade_test:0
[  758150ms] [LOG] Failed to load chat history @ http://localhost:5173/src/App.jsx:1066
[  760143ms] [ERROR] Failed to load resource: net::ERR_CONNECTION_REFUSED @ http://localhost:8080/api/chat/history?user1=kai_test&user2=jade_test:0
[  760143ms] [LOG] Failed to load chat history @ http://localhost:5173/src/App.jsx:1066
[  760934ms] [ERROR] Failed to load resource: net::ERR_CONNECTION_REFUSED @ http://localhost:8080/api/auth/users:0
[  760934ms] [LOG] Failed to load contacts @ http://localhost:5173/src/App.jsx:1009
[  760947ms] [ERROR] Failed to load resource: net::ERR_CONNECTION_REFUSED @ http://localhost:8080/api/groups/mine?username=kai_test:0
[  760949ms] [LOG] Failed to load groups @ http://localhost:5173/src/App.jsx:1019
[  762231ms] [ERROR] Failed to load resource: net::ERR_CONNECTION_REFUSED @ http://localhost:8080/api/chat/history?user1=kai_test&user2=jade_test:0
[  762231ms] [LOG] Failed to load chat history @ http://localhost:5173/src/App.jsx:1066
[  764145ms] [ERROR] Failed to load resource: net::ERR_CONNECTION_REFUSED @ http://localhost:8080/api/chat/history?user1=kai_test&user2=jade_test:0
[  764145ms] [LOG] Failed to load chat history @ http://localhost:5173/src/App.jsx:1066
[  766045ms] [ERROR] Failed to load resource: net::ERR_CONNECTION_REFUSED @ http://localhost:8080/api/auth/users:0
[  766045ms] [LOG] Failed to load contacts @ http://localhost:5173/src/App.jsx:1009
[  766055ms] [ERROR] Failed to load resource: net::ERR_CONNECTION_REFUSED @ http://localhost:8080/api/groups/mine?username=kai_test:0
[  766055ms] [LOG] Failed to load groups @ http://localhost:5173/src/App.jsx:1019
[  766138ms] [ERROR] Failed to load resource: net::ERR_CONNECTION_REFUSED @ http://localhost:8080/api/chat/history?user1=kai_test&user2=jade_test:0
[  766138ms] [LOG] Failed to load chat history @ http://localhost:5173/src/App.jsx:1066
[  768151ms] [ERROR] Failed to load resource: net::ERR_CONNECTION_REFUSED @ http://localhost:8080/api/chat/history?user1=kai_test&user2=jade_test:0
[  768151ms] [LOG] Failed to load chat history @ http://localhost:5173/src/App.jsx:1066
[  770153ms] [ERROR] Failed to load resource: net::ERR_CONNECTION_REFUSED @ http://localhost:8080/api/chat/history?user1=kai_test&user2=jade_test:0
[  770153ms] [LOG] Failed to load chat history @ http://localhost:5173/src/App.jsx:1066
[  771120ms] [ERROR] Failed to load resource: net::ERR_CONNECTION_REFUSED @ http://localhost:8080/api/auth/users:0
[  771120ms] [LOG] Failed to load contacts @ http://localhost:5173/src/App.jsx:1009
[  771120ms] [ERROR] Failed to load resource: net::ERR_CONNECTION_REFUSED @ http://localhost:8080/api/groups/mine?username=kai_test:0
[  771120ms] [LOG] Failed to load groups @ http://localhost:5173/src/App.jsx:1019
[  772350ms] [ERROR] Failed to load resource: net::ERR_CONNECTION_REFUSED @ http://localhost:8080/api/chat/history?user1=kai_test&user2=jade_test:0
[  772350ms] [LOG] Failed to load chat history @ http://localhost:5173/src/App.jsx:1066
[  774152ms] [ERROR] Failed to load resource: net::ERR_CONNECTION_REFUSED @ http://localhost:8080/api/chat/history?user1=kai_test&user2=jade_test:0
[  774152ms] [LOG] Failed to load chat history @ http://localhost:5173/src/App.jsx:1066
[  775941ms] [ERROR] Failed to load resource: net::ERR_CONNECTION_REFUSED @ http://localhost:8080/api/auth/users:0
[  775941ms] [LOG] Failed to load contacts @ http://localhost:5173/src/App.jsx:1009
[  775942ms] [ERROR] Failed to load resource: net::ERR_CONNECTION_REFUSED @ http://localhost:8080/api/groups/mine?username=kai_test:0
[  775942ms] [LOG] Failed to load groups @ http://localhost:5173/src/App.jsx:1019
[  776340ms] [ERROR] Failed to load resource: net::ERR_CONNECTION_REFUSED @ http://localhost:8080/api/chat/history?user1=kai_test&user2=jade_test:0
[  776340ms] [LOG] Failed to load chat history @ http://localhost:5173/src/App.jsx:1066
[  778152ms] [ERROR] Failed to load resource: net::ERR_CONNECTION_REFUSED @ http://localhost:8080/api/chat/history?user1=kai_test&user2=jade_test:0
[  778154ms] [LOG] Failed to load chat history @ http://localhost:5173/src/App.jsx:1066
[  780146ms] [ERROR] Failed to load resource: net::ERR_CONNECTION_REFUSED @ http://localhost:8080/api/chat/history?user1=kai_test&user2=jade_test:0
[  780146ms] [LOG] Failed to load chat history @ http://localhost:5173/src/App.jsx:1066
[  780962ms] [ERROR] Failed to load resource: net::ERR_CONNECTION_REFUSED @ http://localhost:8080/api/auth/users:0
[  780963ms] [LOG] Failed to load contacts @ http://localhost:5173/src/App.jsx:1009
[  780972ms] [ERROR] Failed to load resource: net::ERR_CONNECTION_REFUSED @ http://localhost:8080/api/groups/mine?username=kai_test:0
[  780973ms] [LOG] Failed to load groups @ http://localhost:5173/src/App.jsx:1019
[  782158ms] [ERROR] Failed to load resource: net::ERR_CONNECTION_REFUSED @ http://localhost:8080/api/chat/history?user1=kai_test&user2=jade_test:0
[  782158ms] [LOG] Failed to load chat history @ http://localhost:5173/src/App.jsx:1066
[  784149ms] [ERROR] Failed to load resource: net::ERR_CONNECTION_REFUSED @ http://localhost:8080/api/chat/history?user1=kai_test&user2=jade_test:0
[  784149ms] [LOG] Failed to load chat history @ http://localhost:5173/src/App.jsx:1066
[  785954ms] [ERROR] Failed to load resource: net::ERR_CONNECTION_REFUSED @ http://localhost:8080/api/auth/users:0
[  785954ms] [LOG] Failed to load contacts @ http://localhost:5173/src/App.jsx:1009
[  785955ms] [ERROR] Failed to load resource: net::ERR_CONNECTION_REFUSED @ http://localhost:8080/api/groups/mine?username=kai_test:0
[  785955ms] [LOG] Failed to load groups @ http://localhost:5173/src/App.jsx:1019
[  786138ms] [ERROR] Failed to load resource: net::ERR_CONNECTION_REFUSED @ http://localhost:8080/api/chat/history?user1=kai_test&user2=jade_test:0
[  786138ms] [LOG] Failed to load chat history @ http://localhost:5173/src/App.jsx:1066
[  788148ms] [ERROR] Failed to load resource: net::ERR_CONNECTION_REFUSED @ http://localhost:8080/api/chat/history?user1=kai_test&user2=jade_test:0
[  788148ms] [LOG] Failed to load chat history @ http://localhost:5173/src/App.jsx:1066
[  790143ms] [ERROR] Failed to load resource: net::ERR_CONNECTION_REFUSED @ http://localhost:8080/api/chat/history?user1=kai_test&user2=jade_test:0
[  790143ms] [LOG] Failed to load chat history @ http://localhost:5173/src/App.jsx:1066
[  791024ms] [ERROR] Failed to load resource: net::ERR_CONNECTION_REFUSED @ http://localhost:8080/api/auth/users:0
[  791024ms] [LOG] Failed to load contacts @ http://localhost:5173/src/App.jsx:1009
[  791024ms] [ERROR] Failed to load resource: net::ERR_CONNECTION_REFUSED @ http://localhost:8080/api/groups/mine?username=kai_test:0
[  791025ms] [LOG] Failed to load groups @ http://localhost:5173/src/App.jsx:1019
[  792217ms] [ERROR] Failed to load resource: net::ERR_CONNECTION_REFUSED @ http://localhost:8080/api/chat/history?user1=kai_test&user2=jade_test:0
[  792218ms] [LOG] Failed to load chat history @ http://localhost:5173/src/App.jsx:1066
[  794696ms] [ERROR] Failed to load resource: net::ERR_CONNECTION_REFUSED @ http://localhost:8080/api/chat/history?user1=kai_test&user2=jade_test:0
[  794696ms] [LOG] Failed to load chat history @ http://localhost:5173/src/App.jsx:1066
[  795960ms] [ERROR] Failed to load resource: net::ERR_CONNECTION_REFUSED @ http://localhost:8080/api/auth/users:0
[  795960ms] [LOG] Failed to load contacts @ http://localhost:5173/src/App.jsx:1009
[  795961ms] [ERROR] Failed to load resource: net::ERR_CONNECTION_REFUSED @ http://localhost:8080/api/groups/mine?username=kai_test:0
[  795962ms] [LOG] Failed to load groups @ http://localhost:5173/src/App.jsx:1019
[  796143ms] [ERROR] Failed to load resource: net::ERR_CONNECTION_REFUSED @ http://localhost:8080/api/chat/history?user1=kai_test&user2=jade_test:0
[  796143ms] [LOG] Failed to load chat history @ http://localhost:5173/src/App.jsx:1066
[  798163ms] [ERROR] Failed to load resource: net::ERR_CONNECTION_REFUSED @ http://localhost:8080/api/chat/history?user1=kai_test&user2=jade_test:0
[  798164ms] [LOG] Failed to load chat history @ http://localhost:5173/src/App.jsx:1066
[  800149ms] [ERROR] Failed to load resource: net::ERR_CONNECTION_REFUSED @ http://localhost:8080/api/chat/history?user1=kai_test&user2=jade_test:0
[  800149ms] [LOG] Failed to load chat history @ http://localhost:5173/src/App.jsx:1066
[  800905ms] [ERROR] Failed to load resource: net::ERR_CONNECTION_REFUSED @ http://localhost:8080/api/auth/users:0
[  800905ms] [LOG] Failed to load contacts @ http://localhost:5173/src/App.jsx:1009
[  800907ms] [ERROR] Failed to load resource: net::ERR_CONNECTION_REFUSED @ http://localhost:8080/api/groups/mine?username=kai_test:0
[  800908ms] [LOG] Failed to load groups @ http://localhost:5173/src/App.jsx:1019
[  802154ms] [ERROR] Failed to load resource: net::ERR_CONNECTION_REFUSED @ http://localhost:8080/api/chat/history?user1=kai_test&user2=jade_test:0
[  802154ms] [LOG] Failed to load chat history @ http://localhost:5173/src/App.jsx:1066
[  804143ms] [ERROR] Failed to load resource: net::ERR_CONNECTION_REFUSED @ http://localhost:8080/api/chat/history?user1=kai_test&user2=jade_test:0
[  804143ms] [LOG] Failed to load chat history @ http://localhost:5173/src/App.jsx:1066
[  805911ms] [ERROR] Failed to load resource: net::ERR_CONNECTION_REFUSED @ http://localhost:8080/api/auth/users:0
[  805911ms] [LOG] Failed to load contacts @ http://localhost:5173/src/App.jsx:1009
[  805912ms] [ERROR] Failed to load resource: net::ERR_CONNECTION_REFUSED @ http://localhost:8080/api/groups/mine?username=kai_test:0
[  805912ms] [LOG] Failed to load groups @ http://localhost:5173/src/App.jsx:1019
[  806144ms] [ERROR] Failed to load resource: net::ERR_CONNECTION_REFUSED @ http://localhost:8080/api/chat/history?user1=kai_test&user2=jade_test:0
[  806144ms] [LOG] Failed to load chat history @ http://localhost:5173/src/App.jsx:1066
[  808150ms] [ERROR] Failed to load resource: net::ERR_CONNECTION_REFUSED @ http://localhost:8080/api/chat/history?user1=kai_test&user2=jade_test:0
[  808150ms] [LOG] Failed to load chat history @ http://localhost:5173/src/App.jsx:1066
[  810137ms] [ERROR] Failed to load resource: net::ERR_CONNECTION_REFUSED @ http://localhost:8080/api/chat/history?user1=kai_test&user2=jade_test:0
[  810137ms] [LOG] Failed to load chat history @ http://localhost:5173/src/App.jsx:1066
[  810953ms] [ERROR] Failed to load resource: net::ERR_CONNECTION_REFUSED @ http://localhost:8080/api/auth/users:0
[  810953ms] [LOG] Failed to load contacts @ http://localhost:5173/src/App.jsx:1009
[  810957ms] [ERROR] Failed to load resource: net::ERR_CONNECTION_REFUSED @ http://localhost:8080/api/groups/mine?username=kai_test:0
[  810957ms] [LOG] Failed to load groups @ http://localhost:5173/src/App.jsx:1019
[  812286ms] [ERROR] Failed to load resource: net::ERR_CONNECTION_REFUSED @ http://localhost:8080/api/chat/history?user1=kai_test&user2=jade_test:0
[  812288ms] [LOG] Failed to load chat history @ http://localhost:5173/src/App.jsx:1066
[  814150ms] [ERROR] Failed to load resource: net::ERR_CONNECTION_REFUSED @ http://localhost:8080/api/chat/history?user1=kai_test&user2=jade_test:0
[  814150ms] [LOG] Failed to load chat history @ http://localhost:5173/src/App.jsx:1066
[  816214ms] [ERROR] Failed to load resource: net::ERR_CONNECTION_REFUSED @ http://localhost:8080/api/auth/users:0
[  816221ms] [LOG] Failed to load contacts @ http://localhost:5173/src/App.jsx:1009
[  816253ms] [ERROR] Failed to load resource: net::ERR_CONNECTION_REFUSED @ http://localhost:8080/api/groups/mine?username=kai_test:0
[  816254ms] [LOG] Failed to load groups @ http://localhost:5173/src/App.jsx:1019
[  816255ms] [ERROR] Failed to load resource: net::ERR_CONNECTION_REFUSED @ http://localhost:8080/api/chat/history?user1=kai_test&user2=jade_test:0
[  816255ms] [LOG] Failed to load chat history @ http://localhost:5173/src/App.jsx:1066
[  818229ms] [ERROR] Failed to load resource: net::ERR_CONNECTION_REFUSED @ http://localhost:8080/api/chat/history?user1=kai_test&user2=jade_test:0
[  818229ms] [LOG] Failed to load chat history @ http://localhost:5173/src/App.jsx:1066
[  820144ms] [ERROR] Failed to load resource: net::ERR_CONNECTION_REFUSED @ http://localhost:8080/api/chat/history?user1=kai_test&user2=jade_test:0
[  820144ms] [LOG] Failed to load chat history @ http://localhost:5173/src/App.jsx:1066
[  820989ms] [ERROR] Failed to load resource: net::ERR_CONNECTION_REFUSED @ http://localhost:8080/api/auth/users:0
[  820991ms] [LOG] Failed to load contacts @ http://localhost:5173/src/App.jsx:1009
[  820995ms] [ERROR] Failed to load resource: net::ERR_CONNECTION_REFUSED @ http://localhost:8080/api/groups/mine?username=kai_test:0
[  820995ms] [LOG] Failed to load groups @ http://localhost:5173/src/App.jsx:1019
[  822245ms] [ERROR] Failed to load resource: net::ERR_CONNECTION_REFUSED @ http://localhost:8080/api/chat/history?user1=kai_test&user2=jade_test:0
[  822245ms] [LOG] Failed to load chat history @ http://localhost:5173/src/App.jsx:1066
[  824239ms] [ERROR] Failed to load resource: net::ERR_CONNECTION_REFUSED @ http://localhost:8080/api/chat/history?user1=kai_test&user2=jade_test:0
[  824241ms] [LOG] Failed to load chat history @ http://localhost:5173/src/App.jsx:1066
[  826473ms] [ERROR] Failed to load resource: net::ERR_CONNECTION_REFUSED @ http://localhost:8080/api/auth/users:0
[  826473ms] [LOG] Failed to load contacts @ http://localhost:5173/src/App.jsx:1009
[  826479ms] [ERROR] Failed to load resource: net::ERR_CONNECTION_REFUSED @ http://localhost:8080/api/groups/mine?username=kai_test:0
[  826480ms] [LOG] Failed to load groups @ http://localhost:5173/src/App.jsx:1019
[  826485ms] [ERROR] Failed to load resource: net::ERR_CONNECTION_REFUSED @ http://localhost:8080/api/chat/history?user1=kai_test&user2=jade_test:0
[  826485ms] [LOG] Failed to load chat history @ http://localhost:5173/src/App.jsx:1066
[  828508ms] [ERROR] Failed to load resource: net::ERR_CONNECTION_REFUSED @ http://localhost:8080/api/chat/history?user1=kai_test&user2=jade_test:0
[  828509ms] [LOG] Failed to load chat history @ http://localhost:5173/src/App.jsx:1066
[  830181ms] [ERROR] Failed to load resource: net::ERR_CONNECTION_REFUSED @ http://localhost:8080/api/chat/history?user1=kai_test&user2=jade_test:0
[  830181ms] [LOG] Failed to load chat history @ http://localhost:5173/src/App.jsx:1066
[  830917ms] [ERROR] Failed to load resource: net::ERR_CONNECTION_REFUSED @ http://localhost:8080/api/auth/users:0
[  830918ms] [LOG] Failed to load contacts @ http://localhost:5173/src/App.jsx:1009
[  830918ms] [ERROR] Failed to load resource: net::ERR_CONNECTION_REFUSED @ http://localhost:8080/api/groups/mine?username=kai_test:0
[  830918ms] [LOG] Failed to load groups @ http://localhost:5173/src/App.jsx:1019
[  832173ms] [ERROR] Failed to load resource: net::ERR_CONNECTION_REFUSED @ http://localhost:8080/api/chat/history?user1=kai_test&user2=jade_test:0
[  832173ms] [LOG] Failed to load chat history @ http://localhost:5173/src/App.jsx:1066
[  834140ms] [ERROR] Failed to load resource: net::ERR_CONNECTION_REFUSED @ http://localhost:8080/api/chat/history?user1=kai_test&user2=jade_test:0
[  834140ms] [LOG] Failed to load chat history @ http://localhost:5173/src/App.jsx:1066
[  835916ms] [ERROR] Failed to load resource: net::ERR_CONNECTION_REFUSED @ http://localhost:8080/api/auth/users:0
[  835916ms] [LOG] Failed to load contacts @ http://localhost:5173/src/App.jsx:1009
[  835916ms] [ERROR] Failed to load resource: net::ERR_CONNECTION_REFUSED @ http://localhost:8080/api/groups/mine?username=kai_test:0
[  835916ms] [LOG] Failed to load groups @ http://localhost:5173/src/App.jsx:1019
[  836216ms] [ERROR] Failed to load resource: net::ERR_CONNECTION_REFUSED @ http://localhost:8080/api/chat/history?user1=kai_test&user2=jade_test:0
[  836217ms] [LOG] Failed to load chat history @ http://localhost:5173/src/App.jsx:1066
[  838154ms] [ERROR] Failed to load resource: net::ERR_CONNECTION_REFUSED @ http://localhost:8080/api/chat/history?user1=kai_test&user2=jade_test:0
[  838154ms] [LOG] Failed to load chat history @ http://localhost:5173/src/App.jsx:1066
[  840150ms] [ERROR] Failed to load resource: net::ERR_CONNECTION_REFUSED @ http://localhost:8080/api/chat/history?user1=kai_test&user2=jade_test:0
[  840150ms] [LOG] Failed to load chat history @ http://localhost:5173/src/App.jsx:1066
[  840928ms] [ERROR] Failed to load resource: net::ERR_CONNECTION_REFUSED @ http://localhost:8080/api/auth/users:0
[  840928ms] [LOG] Failed to load contacts @ http://localhost:5173/src/App.jsx:1009
[  840930ms] [ERROR] Failed to load resource: net::ERR_CONNECTION_REFUSED @ http://localhost:8080/api/groups/mine?username=kai_test:0
[  840930ms] [LOG] Failed to load groups @ http://localhost:5173/src/App.jsx:1019
[  842151ms] [ERROR] Failed to load resource: net::ERR_CONNECTION_REFUSED @ http://localhost:8080/api/chat/history?user1=kai_test&user2=jade_test:0
[  842151ms] [LOG] Failed to load chat history @ http://localhost:5173/src/App.jsx:1066
[  844143ms] [ERROR] Failed to load resource: net::ERR_CONNECTION_REFUSED @ http://localhost:8080/api/chat/history?user1=kai_test&user2=jade_test:0
[  844143ms] [LOG] Failed to load chat history @ http://localhost:5173/src/App.jsx:1066
[  845908ms] [ERROR] Failed to load resource: net::ERR_CONNECTION_REFUSED @ http://localhost:8080/api/auth/users:0
[  845908ms] [LOG] Failed to load contacts @ http://localhost:5173/src/App.jsx:1009
[  845909ms] [ERROR] Failed to load resource: net::ERR_CONNECTION_REFUSED @ http://localhost:8080/api/groups/mine?username=kai_test:0
[  845910ms] [LOG] Failed to load groups @ http://localhost:5173/src/App.jsx:1019
[  846139ms] [ERROR] Failed to load resource: net::ERR_CONNECTION_REFUSED @ http://localhost:8080/api/chat/history?user1=kai_test&user2=jade_test:0
[  846139ms] [LOG] Failed to load chat history @ http://localhost:5173/src/App.jsx:1066
[  848151ms] [ERROR] Failed to load resource: net::ERR_CONNECTION_REFUSED @ http://localhost:8080/api/chat/history?user1=kai_test&user2=jade_test:0
[  848151ms] [LOG] Failed to load chat history @ http://localhost:5173/src/App.jsx:1066
[  850143ms] [ERROR] Failed to load resource: net::ERR_CONNECTION_REFUSED @ http://localhost:8080/api/chat/history?user1=kai_test&user2=jade_test:0
[  850143ms] [LOG] Failed to load chat history @ http://localhost:5173/src/App.jsx:1066
[  850907ms] [ERROR] Failed to load resource: net::ERR_CONNECTION_REFUSED @ http://localhost:8080/api/auth/users:0
[  850910ms] [LOG] Failed to load contacts @ http://localhost:5173/src/App.jsx:1009
[  850911ms] [ERROR] Failed to load resource: net::ERR_CONNECTION_REFUSED @ http://localhost:8080/api/groups/mine?username=kai_test:0
[  850911ms] [LOG] Failed to load groups @ http://localhost:5173/src/App.jsx:1019
[  852152ms] [ERROR] Failed to load resource: net::ERR_CONNECTION_REFUSED @ http://localhost:8080/api/chat/history?user1=kai_test&user2=jade_test:0
[  852152ms] [LOG] Failed to load chat history @ http://localhost:5173/src/App.jsx:1066
[  854149ms] [ERROR] Failed to load resource: net::ERR_CONNECTION_REFUSED @ http://localhost:8080/api/chat/history?user1=kai_test&user2=jade_test:0
[  854149ms] [LOG] Failed to load chat history @ http://localhost:5173/src/App.jsx:1066
[  855913ms] [ERROR] Failed to load resource: net::ERR_CONNECTION_REFUSED @ http://localhost:8080/api/auth/users:0
[  855914ms] [LOG] Failed to load contacts @ http://localhost:5173/src/App.jsx:1009
[  855915ms] [ERROR] Failed to load resource: net::ERR_CONNECTION_REFUSED @ http://localhost:8080/api/groups/mine?username=kai_test:0
[  855916ms] [LOG] Failed to load groups @ http://localhost:5173/src/App.jsx:1019
[  856147ms] [ERROR] Failed to load resource: net::ERR_CONNECTION_REFUSED @ http://localhost:8080/api/chat/history?user1=kai_test&user2=jade_test:0
[  856148ms] [LOG] Failed to load chat history @ http://localhost:5173/src/App.jsx:1066
[  858141ms] [ERROR] Failed to load resource: net::ERR_CONNECTION_REFUSED @ http://localhost:8080/api/chat/history?user1=kai_test&user2=jade_test:0
[  858141ms] [LOG] Failed to load chat history @ http://localhost:5173/src/App.jsx:1066
[  860137ms] [ERROR] Failed to load resource: net::ERR_CONNECTION_REFUSED @ http://localhost:8080/api/chat/history?user1=kai_test&user2=jade_test:0
[  860137ms] [LOG] Failed to load chat history @ http://localhost:5173/src/App.jsx:1066
[  860925ms] [ERROR] Failed to load resource: net::ERR_CONNECTION_REFUSED @ http://localhost:8080/api/auth/users:0
[  860927ms] [LOG] Failed to load contacts @ http://localhost:5173/src/App.jsx:1009
[  860929ms] [ERROR] Failed to load resource: net::ERR_CONNECTION_REFUSED @ http://localhost:8080/api/groups/mine?username=kai_test:0
[  860934ms] [LOG] Failed to load groups @ http://localhost:5173/src/App.jsx:1019
[  862153ms] [ERROR] Failed to load resource: net::ERR_CONNECTION_REFUSED @ http://localhost:8080/api/chat/history?user1=kai_test&user2=jade_test:0
[  862153ms] [LOG] Failed to load chat history @ http://localhost:5173/src/App.jsx:1066
[  864139ms] [ERROR] Failed to load resource: net::ERR_CONNECTION_REFUSED @ http://localhost:8080/api/chat/history?user1=kai_test&user2=jade_test:0
[  864139ms] [LOG] Failed to load chat history @ http://localhost:5173/src/App.jsx:1066
[  865917ms] [ERROR] Failed to load resource: net::ERR_CONNECTION_REFUSED @ http://localhost:8080/api/auth/users:0
[  865917ms] [LOG] Failed to load contacts @ http://localhost:5173/src/App.jsx:1009
[  865919ms] [ERROR] Failed to load resource: net::ERR_CONNECTION_REFUSED @ http://localhost:8080/api/groups/mine?username=kai_test:0
[  865919ms] [LOG] Failed to load groups @ http://localhost:5173/src/App.jsx:1019
[  866152ms] [ERROR] Failed to load resource: net::ERR_CONNECTION_REFUSED @ http://localhost:8080/api/chat/history?user1=kai_test&user2=jade_test:0
[  866152ms] [LOG] Failed to load chat history @ http://localhost:5173/src/App.jsx:1066
[  868149ms] [ERROR] Failed to load resource: net::ERR_CONNECTION_REFUSED @ http://localhost:8080/api/chat/history?user1=kai_test&user2=jade_test:0
[  868149ms] [LOG] Failed to load chat history @ http://localhost:5173/src/App.jsx:1066
[  870149ms] [ERROR] Failed to load resource: net::ERR_CONNECTION_REFUSED @ http://localhost:8080/api/chat/history?user1=kai_test&user2=jade_test:0
[  870150ms] [LOG] Failed to load chat history @ http://localhost:5173/src/App.jsx:1066
[  870914ms] [ERROR] Failed to load resource: net::ERR_CONNECTION_REFUSED @ http://localhost:8080/api/auth/users:0
[  870914ms] [LOG] Failed to load contacts @ http://localhost:5173/src/App.jsx:1009
[  870916ms] [ERROR] Failed to load resource: net::ERR_CONNECTION_REFUSED @ http://localhost:8080/api/groups/mine?username=kai_test:0
[  870916ms] [LOG] Failed to load groups @ http://localhost:5173/src/App.jsx:1019
[  872147ms] [ERROR] Failed to load resource: net::ERR_CONNECTION_REFUSED @ http://localhost:8080/api/chat/history?user1=kai_test&user2=jade_test:0
[  872147ms] [LOG] Failed to load chat history @ http://localhost:5173/src/App.jsx:1066
[  874143ms] [ERROR] Failed to load resource: net::ERR_CONNECTION_REFUSED @ http://localhost:8080/api/chat/history?user1=kai_test&user2=jade_test:0
[  874143ms] [LOG] Failed to load chat history @ http://localhost:5173/src/App.jsx:1066
[  875919ms] [ERROR] Failed to load resource: net::ERR_CONNECTION_REFUSED @ http://localhost:8080/api/auth/users:0
[  875919ms] [LOG] Failed to load contacts @ http://localhost:5173/src/App.jsx:1009
[  875920ms] [ERROR] Failed to load resource: net::ERR_CONNECTION_REFUSED @ http://localhost:8080/api/groups/mine?username=kai_test:0
[  875921ms] [LOG] Failed to load groups @ http://localhost:5173/src/App.jsx:1019
[  876163ms] [ERROR] Failed to load resource: net::ERR_CONNECTION_REFUSED @ http://localhost:8080/api/chat/history?user1=kai_test&user2=jade_test:0
[  876163ms] [LOG] Failed to load chat history @ http://localhost:5173/src/App.jsx:1066
[  878147ms] [ERROR] Failed to load resource: net::ERR_CONNECTION_REFUSED @ http://localhost:8080/api/chat/history?user1=kai_test&user2=jade_test:0
[  878148ms] [LOG] Failed to load chat history @ http://localhost:5173/src/App.jsx:1066
[  880146ms] [ERROR] Failed to load resource: net::ERR_CONNECTION_REFUSED @ http://localhost:8080/api/chat/history?user1=kai_test&user2=jade_test:0
[  880147ms] [LOG] Failed to load chat history @ http://localhost:5173/src/App.jsx:1066
[  880920ms] [ERROR] Failed to load resource: net::ERR_CONNECTION_REFUSED @ http://localhost:8080/api/auth/users:0
[  880921ms] [LOG] Failed to load contacts @ http://localhost:5173/src/App.jsx:1009
[  880925ms] [ERROR] Failed to load resource: net::ERR_CONNECTION_REFUSED @ http://localhost:8080/api/groups/mine?username=kai_test:0
[  880925ms] [LOG] Failed to load groups @ http://localhost:5173/src/App.jsx:1019
[  882178ms] [ERROR] Failed to load resource: net::ERR_CONNECTION_REFUSED @ http://localhost:8080/api/chat/history?user1=kai_test&user2=jade_test:0
[  882178ms] [LOG] Failed to load chat history @ http://localhost:5173/src/App.jsx:1066
[  885247ms] [ERROR] Failed to load resource: net::ERR_CONNECTION_REFUSED @ http://localhost:8080/api/chat/history?user1=kai_test&user2=jade_test:0
[  885247ms] [LOG] Failed to load chat history @ http://localhost:5173/src/App.jsx:1066
[  885968ms] [ERROR] Failed to load resource: net::ERR_CONNECTION_REFUSED @ http://localhost:8080/api/auth/users:0
[  885968ms] [LOG] Failed to load contacts @ http://localhost:5173/src/App.jsx:1009
[  885974ms] [ERROR] Failed to load resource: net::ERR_CONNECTION_REFUSED @ http://localhost:8080/api/groups/mine?username=kai_test:0
[  885977ms] [LOG] Failed to load groups @ http://localhost:5173/src/App.jsx:1019
[  886149ms] [ERROR] Failed to load resource: net::ERR_CONNECTION_REFUSED @ http://localhost:8080/api/chat/history?user1=kai_test&user2=jade_test:0
[  886149ms] [LOG] Failed to load chat history @ http://localhost:5173/src/App.jsx:1066
[  888140ms] [ERROR] Failed to load resource: net::ERR_CONNECTION_REFUSED @ http://localhost:8080/api/chat/history?user1=kai_test&user2=jade_test:0
[  888140ms] [LOG] Failed to load chat history @ http://localhost:5173/src/App.jsx:1066
[  890150ms] [ERROR] Failed to load resource: net::ERR_CONNECTION_REFUSED @ http://localhost:8080/api/chat/history?user1=kai_test&user2=jade_test:0
[  890150ms] [LOG] Failed to load chat history @ http://localhost:5173/src/App.jsx:1066
[  890911ms] [ERROR] Failed to load resource: net::ERR_CONNECTION_REFUSED @ http://localhost:8080/api/auth/users:0
[  890911ms] [LOG] Failed to load contacts @ http://localhost:5173/src/App.jsx:1009
[  890912ms] [ERROR] Failed to load resource: net::ERR_CONNECTION_REFUSED @ http://localhost:8080/api/groups/mine?username=kai_test:0
[  890912ms] [LOG] Failed to load groups @ http://localhost:5173/src/App.jsx:1019
[  892143ms] [ERROR] Failed to load resource: net::ERR_CONNECTION_REFUSED @ http://localhost:8080/api/chat/history?user1=kai_test&user2=jade_test:0
[  892143ms] [LOG] Failed to load chat history @ http://localhost:5173/src/App.jsx:1066
[  894152ms] [ERROR] Failed to load resource: net::ERR_CONNECTION_REFUSED @ http://localhost:8080/api/chat/history?user1=kai_test&user2=jade_test:0
[  894152ms] [LOG] Failed to load chat history @ http://localhost:5173/src/App.jsx:1066
[  895918ms] [ERROR] Failed to load resource: net::ERR_CONNECTION_REFUSED @ http://localhost:8080/api/auth/users:0
[  895920ms] [LOG] Failed to load contacts @ http://localhost:5173/src/App.jsx:1009
[  895922ms] [ERROR] Failed to load resource: net::ERR_CONNECTION_REFUSED @ http://localhost:8080/api/groups/mine?username=kai_test:0
[  895923ms] [LOG] Failed to load groups @ http://localhost:5173/src/App.jsx:1019
[  896150ms] [ERROR] Failed to load resource: net::ERR_CONNECTION_REFUSED @ http://localhost:8080/api/chat/history?user1=kai_test&user2=jade_test:0
[  896151ms] [LOG] Failed to load chat history @ http://localhost:5173/src/App.jsx:1066
[  898138ms] [ERROR] Failed to load resource: net::ERR_CONNECTION_REFUSED @ http://localhost:8080/api/chat/history?user1=kai_test&user2=jade_test:0
[  898138ms] [LOG] Failed to load chat history @ http://localhost:5173/src/App.jsx:1066
[  900159ms] [ERROR] Failed to load resource: net::ERR_CONNECTION_REFUSED @ http://localhost:8080/api/chat/history?user1=kai_test&user2=jade_test:0
[  900161ms] [LOG] Failed to load chat history @ http://localhost:5173/src/App.jsx:1066
[  900914ms] [ERROR] Failed to load resource: net::ERR_CONNECTION_REFUSED @ http://localhost:8080/api/auth/users:0
[  900914ms] [LOG] Failed to load contacts @ http://localhost:5173/src/App.jsx:1009
[  900917ms] [ERROR] Failed to load resource: net::ERR_CONNECTION_REFUSED @ http://localhost:8080/api/groups/mine?username=kai_test:0
[  900918ms] [LOG] Failed to load groups @ http://localhost:5173/src/App.jsx:1019
[  902144ms] [ERROR] Failed to load resource: net::ERR_CONNECTION_REFUSED @ http://localhost:8080/api/chat/history?user1=kai_test&user2=jade_test:0
[  902144ms] [LOG] Failed to load chat history @ http://localhost:5173/src/App.jsx:1066
[  904143ms] [ERROR] Failed to load resource: net::ERR_CONNECTION_REFUSED @ http://localhost:8080/api/chat/history?user1=kai_test&user2=jade_test:0
[  904143ms] [LOG] Failed to load chat history @ http://localhost:5173/src/App.jsx:1066
[  905959ms] [ERROR] Failed to load resource: net::ERR_CONNECTION_REFUSED @ http://localhost:8080/api/auth/users:0
[  905960ms] [LOG] Failed to load contacts @ http://localhost:5173/src/App.jsx:1009
[  905963ms] [ERROR] Failed to load resource: net::ERR_CONNECTION_REFUSED @ http://localhost:8080/api/groups/mine?username=kai_test:0
[  905963ms] [LOG] Failed to load groups @ http://localhost:5173/src/App.jsx:1019
[  906262ms] [ERROR] Failed to load resource: net::ERR_CONNECTION_REFUSED @ http://localhost:8080/api/chat/history?user1=kai_test&user2=jade_test:0
[  906264ms] [LOG] Failed to load chat history @ http://localhost:5173/src/App.jsx:1066
[  908154ms] [ERROR] Failed to load resource: net::ERR_CONNECTION_REFUSED @ http://localhost:8080/api/chat/history?user1=kai_test&user2=jade_test:0
[  908154ms] [LOG] Failed to load chat history @ http://localhost:5173/src/App.jsx:1066
[  910154ms] [ERROR] Failed to load resource: net::ERR_CONNECTION_REFUSED @ http://localhost:8080/api/chat/history?user1=kai_test&user2=jade_test:0
[  910155ms] [LOG] Failed to load chat history @ http://localhost:5173/src/App.jsx:1066
[  910916ms] [ERROR] Failed to load resource: net::ERR_CONNECTION_REFUSED @ http://localhost:8080/api/auth/users:0
[  910916ms] [LOG] Failed to load contacts @ http://localhost:5173/src/App.jsx:1009
[  910917ms] [ERROR] Failed to load resource: net::ERR_CONNECTION_REFUSED @ http://localhost:8080/api/groups/mine?username=kai_test:0
[  910917ms] [LOG] Failed to load groups @ http://localhost:5173/src/App.jsx:1019
[  912140ms] [ERROR] Failed to load resource: net::ERR_CONNECTION_REFUSED @ http://localhost:8080/api/chat/history?user1=kai_test&user2=jade_test:0
[  912140ms] [LOG] Failed to load chat history @ http://localhost:5173/src/App.jsx:1066
[  914150ms] [ERROR] Failed to load resource: net::ERR_CONNECTION_REFUSED @ http://localhost:8080/api/chat/history?user1=kai_test&user2=jade_test:0
[  914150ms] [LOG] Failed to load chat history @ http://localhost:5173/src/App.jsx:1066
[  915918ms] [ERROR] Failed to load resource: net::ERR_CONNECTION_REFUSED @ http://localhost:8080/api/auth/users:0
[  915920ms] [LOG] Failed to load contacts @ http://localhost:5173/src/App.jsx:1009
[  915921ms] [ERROR] Failed to load resource: net::ERR_CONNECTION_REFUSED @ http://localhost:8080/api/groups/mine?username=kai_test:0
[  915926ms] [LOG] Failed to load groups @ http://localhost:5173/src/App.jsx:1019
[  916147ms] [ERROR] Failed to load resource: net::ERR_CONNECTION_REFUSED @ http://localhost:8080/api/chat/history?user1=kai_test&user2=jade_test:0
[  916148ms] [LOG] Failed to load chat history @ http://localhost:5173/src/App.jsx:1066
[  918144ms] [ERROR] Failed to load resource: net::ERR_CONNECTION_REFUSED @ http://localhost:8080/api/chat/history?user1=kai_test&user2=jade_test:0
[  918144ms] [LOG] Failed to load chat history @ http://localhost:5173/src/App.jsx:1066
[  920141ms] [ERROR] Failed to load resource: net::ERR_CONNECTION_REFUSED @ http://localhost:8080/api/chat/history?user1=kai_test&user2=jade_test:0
[  920141ms] [LOG] Failed to load chat history @ http://localhost:5173/src/App.jsx:1066
[  920912ms] [ERROR] Failed to load resource: net::ERR_CONNECTION_REFUSED @ http://localhost:8080/api/auth/users:0
[  920912ms] [LOG] Failed to load contacts @ http://localhost:5173/src/App.jsx:1009
[  920917ms] [ERROR] Failed to load resource: net::ERR_CONNECTION_REFUSED @ http://localhost:8080/api/groups/mine?username=kai_test:0
[  920917ms] [LOG] Failed to load groups @ http://localhost:5173/src/App.jsx:1019
[  922156ms] [ERROR] Failed to load resource: net::ERR_CONNECTION_REFUSED @ http://localhost:8080/api/chat/history?user1=kai_test&user2=jade_test:0
[  922157ms] [LOG] Failed to load chat history @ http://localhost:5173/src/App.jsx:1066
[  924142ms] [ERROR] Failed to load resource: net::ERR_CONNECTION_REFUSED @ http://localhost:8080/api/chat/history?user1=kai_test&user2=jade_test:0
[  924142ms] [LOG] Failed to load chat history @ http://localhost:5173/src/App.jsx:1066
[  925917ms] [ERROR] Failed to load resource: net::ERR_CONNECTION_REFUSED @ http://localhost:8080/api/auth/users:0
[  925917ms] [LOG] Failed to load contacts @ http://localhost:5173/src/App.jsx:1009
[  925918ms] [ERROR] Failed to load resource: net::ERR_CONNECTION_REFUSED @ http://localhost:8080/api/groups/mine?username=kai_test:0
[  925918ms] [LOG] Failed to load groups @ http://localhost:5173/src/App.jsx:1019
[  926153ms] [ERROR] Failed to load resource: net::ERR_CONNECTION_REFUSED @ http://localhost:8080/api/chat/history?user1=kai_test&user2=jade_test:0
[  926153ms] [LOG] Failed to load chat history @ http://localhost:5173/src/App.jsx:1066
[  928151ms] [ERROR] Failed to load resource: net::ERR_CONNECTION_REFUSED @ http://localhost:8080/api/chat/history?user1=kai_test&user2=jade_test:0
[  928152ms] [LOG] Failed to load chat history @ http://localhost:5173/src/App.jsx:1066
[  930149ms] [ERROR] Failed to load resource: net::ERR_CONNECTION_REFUSED @ http://localhost:8080/api/chat/history?user1=kai_test&user2=jade_test:0
[  930149ms] [LOG] Failed to load chat history @ http://localhost:5173/src/App.jsx:1066
[  930921ms] [ERROR] Failed to load resource: net::ERR_CONNECTION_REFUSED @ http://localhost:8080/api/auth/users:0
[  930921ms] [LOG] Failed to load contacts @ http://localhost:5173/src/App.jsx:1009
[  930922ms] [ERROR] Failed to load resource: net::ERR_CONNECTION_REFUSED @ http://localhost:8080/api/groups/mine?username=kai_test:0
[  930922ms] [LOG] Failed to load groups @ http://localhost:5173/src/App.jsx:1019
[  932213ms] [ERROR] Failed to load resource: net::ERR_CONNECTION_REFUSED @ http://localhost:8080/api/chat/history?user1=kai_test&user2=jade_test:0
[  932213ms] [LOG] Failed to load chat history @ http://localhost:5173/src/App.jsx:1066
[  934141ms] [ERROR] Failed to load resource: net::ERR_CONNECTION_REFUSED @ http://localhost:8080/api/chat/history?user1=kai_test&user2=jade_test:0
[  934141ms] [LOG] Failed to load chat history @ http://localhost:5173/src/App.jsx:1066
[  935918ms] [ERROR] Failed to load resource: net::ERR_CONNECTION_REFUSED @ http://localhost:8080/api/auth/users:0
[  935919ms] [LOG] Failed to load contacts @ http://localhost:5173/src/App.jsx:1009
[  935920ms] [ERROR] Failed to load resource: net::ERR_CONNECTION_REFUSED @ http://localhost:8080/api/groups/mine?username=kai_test:0
[  935921ms] [LOG] Failed to load groups @ http://localhost:5173/src/App.jsx:1019
[  936137ms] [ERROR] Failed to load resource: net::ERR_CONNECTION_REFUSED @ http://localhost:8080/api/chat/history?user1=kai_test&user2=jade_test:0
[  936137ms] [LOG] Failed to load chat history @ http://localhost:5173/src/App.jsx:1066
[  938151ms] [ERROR] Failed to load resource: net::ERR_CONNECTION_REFUSED @ http://localhost:8080/api/chat/history?user1=kai_test&user2=jade_test:0
[  938151ms] [LOG] Failed to load chat history @ http://localhost:5173/src/App.jsx:1066
[  940143ms] [ERROR] Failed to load resource: net::ERR_CONNECTION_REFUSED @ http://localhost:8080/api/chat/history?user1=kai_test&user2=jade_test:0
[  940144ms] [LOG] Failed to load chat history @ http://localhost:5173/src/App.jsx:1066
[  940906ms] [ERROR] Failed to load resource: net::ERR_CONNECTION_REFUSED @ http://localhost:8080/api/auth/users:0
[  940908ms] [LOG] Failed to load contacts @ http://localhost:5173/src/App.jsx:1009
[  940909ms] [ERROR] Failed to load resource: net::ERR_CONNECTION_REFUSED @ http://localhost:8080/api/groups/mine?username=kai_test:0
[  940910ms] [LOG] Failed to load groups @ http://localhost:5173/src/App.jsx:1019
[  942184ms] [ERROR] Failed to load resource: net::ERR_CONNECTION_REFUSED @ http://localhost:8080/api/chat/history?user1=kai_test&user2=jade_test:0
[  942184ms] [LOG] Failed to load chat history @ http://localhost:5173/src/App.jsx:1066
[  944988ms] [ERROR] Failed to load resource: net::ERR_CONNECTION_REFUSED @ http://localhost:8080/api/chat/history?user1=kai_test&user2=jade_test:0
[  944989ms] [LOG] Failed to load chat history @ http://localhost:5173/src/App.jsx:1066
[  945916ms] [ERROR] Failed to load resource: net::ERR_CONNECTION_REFUSED @ http://localhost:8080/api/auth/users:0
[  945916ms] [LOG] Failed to load contacts @ http://localhost:5173/src/App.jsx:1009
[  945918ms] [ERROR] Failed to load resource: net::ERR_CONNECTION_REFUSED @ http://localhost:8080/api/groups/mine?username=kai_test:0
[  945918ms] [LOG] Failed to load groups @ http://localhost:5173/src/App.jsx:1019
[  946150ms] [ERROR] Failed to load resource: net::ERR_CONNECTION_REFUSED @ http://localhost:8080/api/chat/history?user1=kai_test&user2=jade_test:0
[  946150ms] [LOG] Failed to load chat history @ http://localhost:5173/src/App.jsx:1066
[  948151ms] [ERROR] Failed to load resource: net::ERR_CONNECTION_REFUSED @ http://localhost:8080/api/chat/history?user1=kai_test&user2=jade_test:0
[  948151ms] [LOG] Failed to load chat history @ http://localhost:5173/src/App.jsx:1066
[  950144ms] [ERROR] Failed to load resource: net::ERR_CONNECTION_REFUSED @ http://localhost:8080/api/chat/history?user1=kai_test&user2=jade_test:0
[  950145ms] [LOG] Failed to load chat history @ http://localhost:5173/src/App.jsx:1066
[  950917ms] [ERROR] Failed to load resource: net::ERR_CONNECTION_REFUSED @ http://localhost:8080/api/auth/users:0
[  950919ms] [LOG] Failed to load contacts @ http://localhost:5173/src/App.jsx:1009
[  950920ms] [ERROR] Failed to load resource: net::ERR_CONNECTION_REFUSED @ http://localhost:8080/api/groups/mine?username=kai_test:0
[  950923ms] [LOG] Failed to load groups @ http://localhost:5173/src/App.jsx:1019
[  952141ms] [ERROR] Failed to load resource: net::ERR_CONNECTION_REFUSED @ http://localhost:8080/api/chat/history?user1=kai_test&user2=jade_test:0
[  952141ms] [LOG] Failed to load chat history @ http://localhost:5173/src/App.jsx:1066
[  954151ms] [ERROR] Failed to load resource: net::ERR_CONNECTION_REFUSED @ http://localhost:8080/api/chat/history?user1=kai_test&user2=jade_test:0
[  954151ms] [LOG] Failed to load chat history @ http://localhost:5173/src/App.jsx:1066
[  955914ms] [ERROR] Failed to load resource: net::ERR_CONNECTION_REFUSED @ http://localhost:8080/api/auth/users:0
[  955914ms] [LOG] Failed to load contacts @ http://localhost:5173/src/App.jsx:1009
[  955915ms] [ERROR] Failed to load resource: net::ERR_CONNECTION_REFUSED @ http://localhost:8080/api/groups/mine?username=kai_test:0
[  955915ms] [LOG] Failed to load groups @ http://localhost:5173/src/App.jsx:1019
[  956141ms] [ERROR] Failed to load resource: net::ERR_CONNECTION_REFUSED @ http://localhost:8080/api/chat/history?user1=kai_test&user2=jade_test:0
[  956141ms] [LOG] Failed to load chat history @ http://localhost:5173/src/App.jsx:1066
[  958148ms] [ERROR] Failed to load resource: net::ERR_CONNECTION_REFUSED @ http://localhost:8080/api/chat/history?user1=kai_test&user2=jade_test:0
[  958148ms] [LOG] Failed to load chat history @ http://localhost:5173/src/App.jsx:1066
[  960149ms] [ERROR] Failed to load resource: net::ERR_CONNECTION_REFUSED @ http://localhost:8080/api/chat/history?user1=kai_test&user2=jade_test:0
[  960149ms] [LOG] Failed to load chat history @ http://localhost:5173/src/App.jsx:1066
[  960906ms] [ERROR] Failed to load resource: net::ERR_CONNECTION_REFUSED @ http://localhost:8080/api/auth/users:0
[  960906ms] [LOG] Failed to load contacts @ http://localhost:5173/src/App.jsx:1009
[  960906ms] [ERROR] Failed to load resource: net::ERR_CONNECTION_REFUSED @ http://localhost:8080/api/groups/mine?username=kai_test:0
[  960906ms] [LOG] Failed to load groups @ http://localhost:5173/src/App.jsx:1019
[  962148ms] [ERROR] Failed to load resource: net::ERR_CONNECTION_REFUSED @ http://localhost:8080/api/chat/history?user1=kai_test&user2=jade_test:0
[  962148ms] [LOG] Failed to load chat history @ http://localhost:5173/src/App.jsx:1066
[  964152ms] [ERROR] Failed to load resource: net::ERR_CONNECTION_REFUSED @ http://localhost:8080/api/chat/history?user1=kai_test&user2=jade_test:0
[  964152ms] [LOG] Failed to load chat history @ http://localhost:5173/src/App.jsx:1066
[  965913ms] [ERROR] Failed to load resource: net::ERR_CONNECTION_REFUSED @ http://localhost:8080/api/auth/users:0
[  965913ms] [LOG] Failed to load contacts @ http://localhost:5173/src/App.jsx:1009
[  965915ms] [ERROR] Failed to load resource: net::ERR_CONNECTION_REFUSED @ http://localhost:8080/api/groups/mine?username=kai_test:0
[  965915ms] [LOG] Failed to load groups @ http://localhost:5173/src/App.jsx:1019
[  966146ms] [ERROR] Failed to load resource: net::ERR_CONNECTION_REFUSED @ http://localhost:8080/api/chat/history?user1=kai_test&user2=jade_test:0
[  966146ms] [LOG] Failed to load chat history @ http://localhost:5173/src/App.jsx:1066
[  968146ms] [ERROR] Failed to load resource: net::ERR_CONNECTION_REFUSED @ http://localhost:8080/api/chat/history?user1=kai_test&user2=jade_test:0
[  968147ms] [LOG] Failed to load chat history @ http://localhost:5173/src/App.jsx:1066
[  970142ms] [ERROR] Failed to load resource: net::ERR_CONNECTION_REFUSED @ http://localhost:8080/api/chat/history?user1=kai_test&user2=jade_test:0
[  970143ms] [LOG] Failed to load chat history @ http://localhost:5173/src/App.jsx:1066
[  970910ms] [ERROR] Failed to load resource: net::ERR_CONNECTION_REFUSED @ http://localhost:8080/api/auth/users:0
[  970910ms] [LOG] Failed to load contacts @ http://localhost:5173/src/App.jsx:1009
[  970911ms] [ERROR] Failed to load resource: net::ERR_CONNECTION_REFUSED @ http://localhost:8080/api/groups/mine?username=kai_test:0
[  970911ms] [LOG] Failed to load groups @ http://localhost:5173/src/App.jsx:1019
[  972144ms] [ERROR] Failed to load resource: net::ERR_CONNECTION_REFUSED @ http://localhost:8080/api/chat/history?user1=kai_test&user2=jade_test:0
[  972144ms] [LOG] Failed to load chat history @ http://localhost:5173/src/App.jsx:1066
[  974150ms] [ERROR] Failed to load resource: net::ERR_CONNECTION_REFUSED @ http://localhost:8080/api/chat/history?user1=kai_test&user2=jade_test:0
[  974152ms] [LOG] Failed to load chat history @ http://localhost:5173/src/App.jsx:1066
[  975903ms] [ERROR] Failed to load resource: net::ERR_CONNECTION_REFUSED @ http://localhost:8080/api/auth/users:0
[  975903ms] [LOG] Failed to load contacts @ http://localhost:5173/src/App.jsx:1009
[  975905ms] [ERROR] Failed to load resource: net::ERR_CONNECTION_REFUSED @ http://localhost:8080/api/groups/mine?username=kai_test:0
[  975905ms] [LOG] Failed to load groups @ http://localhost:5173/src/App.jsx:1019
[  976137ms] [ERROR] Failed to load resource: net::ERR_CONNECTION_REFUSED @ http://localhost:8080/api/chat/history?user1=kai_test&user2=jade_test:0
[  976137ms] [LOG] Failed to load chat history @ http://localhost:5173/src/App.jsx:1066
[  978145ms] [ERROR] Failed to load resource: net::ERR_CONNECTION_REFUSED @ http://localhost:8080/api/chat/history?user1=kai_test&user2=jade_test:0
[  978145ms] [LOG] Failed to load chat history @ http://localhost:5173/src/App.jsx:1066
[  980148ms] [ERROR] Failed to load resource: net::ERR_CONNECTION_REFUSED @ http://localhost:8080/api/chat/history?user1=kai_test&user2=jade_test:0
[  980148ms] [LOG] Failed to load chat history @ http://localhost:5173/src/App.jsx:1066
[  980913ms] [ERROR] Failed to load resource: net::ERR_CONNECTION_REFUSED @ http://localhost:8080/api/auth/users:0
[  980914ms] [LOG] Failed to load contacts @ http://localhost:5173/src/App.jsx:1009
[  980914ms] [ERROR] Failed to load resource: net::ERR_CONNECTION_REFUSED @ http://localhost:8080/api/groups/mine?username=kai_test:0
[  980914ms] [LOG] Failed to load groups @ http://localhost:5173/src/App.jsx:1019
[  982142ms] [ERROR] Failed to load resource: net::ERR_CONNECTION_REFUSED @ http://localhost:8080/api/chat/history?user1=kai_test&user2=jade_test:0
[  982142ms] [LOG] Failed to load chat history @ http://localhost:5173/src/App.jsx:1066
[  984145ms] [ERROR] Failed to load resource: net::ERR_CONNECTION_REFUSED @ http://localhost:8080/api/chat/history?user1=kai_test&user2=jade_test:0
[  984145ms] [LOG] Failed to load chat history @ http://localhost:5173/src/App.jsx:1066
[  985999ms] [ERROR] Failed to load resource: net::ERR_CONNECTION_REFUSED @ http://localhost:8080/api/auth/users:0
[  985999ms] [LOG] Failed to load contacts @ http://localhost:5173/src/App.jsx:1009
[  986003ms] [ERROR] Failed to load resource: net::ERR_CONNECTION_REFUSED @ http://localhost:8080/api/groups/mine?username=kai_test:0
[  986003ms] [LOG] Failed to load groups @ http://localhost:5173/src/App.jsx:1019
[  986151ms] [ERROR] Failed to load resource: net::ERR_CONNECTION_REFUSED @ http://localhost:8080/api/chat/history?user1=kai_test&user2=jade_test:0
[  986151ms] [LOG] Failed to load chat history @ http://localhost:5173/src/App.jsx:1066
[  988147ms] [ERROR] Failed to load resource: net::ERR_CONNECTION_REFUSED @ http://localhost:8080/api/chat/history?user1=kai_test&user2=jade_test:0
[  988147ms] [LOG] Failed to load chat history @ http://localhost:5173/src/App.jsx:1066
[  990138ms] [ERROR] Failed to load resource: net::ERR_CONNECTION_REFUSED @ http://localhost:8080/api/chat/history?user1=kai_test&user2=jade_test:0
[  990138ms] [LOG] Failed to load chat history @ http://localhost:5173/src/App.jsx:1066
[  990908ms] [ERROR] Failed to load resource: net::ERR_CONNECTION_REFUSED @ http://localhost:8080/api/auth/users:0
[  990908ms] [LOG] Failed to load contacts @ http://localhost:5173/src/App.jsx:1009
[  990910ms] [ERROR] Failed to load resource: net::ERR_CONNECTION_REFUSED @ http://localhost:8080/api/groups/mine?username=kai_test:0
[  990910ms] [LOG] Failed to load groups @ http://localhost:5173/src/App.jsx:1019
[  992151ms] [ERROR] Failed to load resource: net::ERR_CONNECTION_REFUSED @ http://localhost:8080/api/chat/history?user1=kai_test&user2=jade_test:0
[  992152ms] [LOG] Failed to load chat history @ http://localhost:5173/src/App.jsx:1066
[  994142ms] [ERROR] Failed to load resource: net::ERR_CONNECTION_REFUSED @ http://localhost:8080/api/chat/history?user1=kai_test&user2=jade_test:0
[  994142ms] [LOG] Failed to load chat history @ http://localhost:5173/src/App.jsx:1066
[  995909ms] [ERROR] Failed to load resource: net::ERR_CONNECTION_REFUSED @ http://localhost:8080/api/auth/users:0
[  995910ms] [LOG] Failed to load contacts @ http://localhost:5173/src/App.jsx:1009
[  995911ms] [ERROR] Failed to load resource: net::ERR_CONNECTION_REFUSED @ http://localhost:8080/api/groups/mine?username=kai_test:0
[  995912ms] [LOG] Failed to load groups @ http://localhost:5173/src/App.jsx:1019
[  996144ms] [ERROR] Failed to load resource: net::ERR_CONNECTION_REFUSED @ http://localhost:8080/api/chat/history?user1=kai_test&user2=jade_test:0
[  996144ms] [LOG] Failed to load chat history @ http://localhost:5173/src/App.jsx:1066
[  998137ms] [ERROR] Failed to load resource: net::ERR_CONNECTION_REFUSED @ http://localhost:8080/api/chat/history?user1=kai_test&user2=jade_test:0
[  998138ms] [LOG] Failed to load chat history @ http://localhost:5173/src/App.jsx:1066
[ 1000152ms] [ERROR] Failed to load resource: net::ERR_CONNECTION_REFUSED @ http://localhost:8080/api/chat/history?user1=kai_test&user2=jade_test:0
[ 1000152ms] [LOG] Failed to load chat history @ http://localhost:5173/src/App.jsx:1066
[ 1000912ms] [ERROR] Failed to load resource: net::ERR_CONNECTION_REFUSED @ http://localhost:8080/api/auth/users:0
[ 1000913ms] [LOG] Failed to load contacts @ http://localhost:5173/src/App.jsx:1009
[ 1000915ms] [ERROR] Failed to load resource: net::ERR_CONNECTION_REFUSED @ http://localhost:8080/api/groups/mine?username=kai_test:0
[ 1000915ms] [LOG] Failed to load groups @ http://localhost:5173/src/App.jsx:1019
[ 1002150ms] [ERROR] Failed to load resource: net::ERR_CONNECTION_REFUSED @ http://localhost:8080/api/chat/history?user1=kai_test&user2=jade_test:0
[ 1002150ms] [LOG] Failed to load chat history @ http://localhost:5173/src/App.jsx:1066
[ 1004144ms] [ERROR] Failed to load resource: net::ERR_CONNECTION_REFUSED @ http://localhost:8080/api/chat/history?user1=kai_test&user2=jade_test:0
[ 1004154ms] [LOG] Failed to load chat history @ http://localhost:5173/src/App.jsx:1066
[ 1005965ms] [ERROR] Failed to load resource: net::ERR_CONNECTION_REFUSED @ http://localhost:8080/api/auth/users:0
[ 1005965ms] [LOG] Failed to load contacts @ http://localhost:5173/src/App.jsx:1009
[ 1005966ms] [ERROR] Failed to load resource: net::ERR_CONNECTION_REFUSED @ http://localhost:8080/api/groups/mine?username=kai_test:0
[ 1005968ms] [LOG] Failed to load groups @ http://localhost:5173/src/App.jsx:1019
[ 1006156ms] [ERROR] Failed to load resource: net::ERR_CONNECTION_REFUSED @ http://localhost:8080/api/chat/history?user1=kai_test&user2=jade_test:0
[ 1006156ms] [LOG] Failed to load chat history @ http://localhost:5173/src/App.jsx:1066
[ 1008153ms] [ERROR] Failed to load resource: net::ERR_CONNECTION_REFUSED @ http://localhost:8080/api/chat/history?user1=kai_test&user2=jade_test:0
[ 1008154ms] [LOG] Failed to load chat history @ http://localhost:5173/src/App.jsx:1066
[ 1010152ms] [ERROR] Failed to load resource: net::ERR_CONNECTION_REFUSED @ http://localhost:8080/api/chat/history?user1=kai_test&user2=jade_test:0
[ 1010152ms] [LOG] Failed to load chat history @ http://localhost:5173/src/App.jsx:1066
[ 1010950ms] [ERROR] Failed to load resource: net::ERR_CONNECTION_REFUSED @ http://localhost:8080/api/auth/users:0
[ 1010950ms] [LOG] Failed to load contacts @ http://localhost:5173/src/App.jsx:1009
[ 1010950ms] [ERROR] Failed to load resource: net::ERR_CONNECTION_REFUSED @ http://localhost:8080/api/groups/mine?username=kai_test:0
[ 1010950ms] [LOG] Failed to load groups @ http://localhost:5173/src/App.jsx:1019
[ 1012177ms] [ERROR] Failed to load resource: net::ERR_CONNECTION_REFUSED @ http://localhost:8080/api/chat/history?user1=kai_test&user2=jade_test:0
[ 1012177ms] [LOG] Failed to load chat history @ http://localhost:5173/src/App.jsx:1066
[ 1014147ms] [ERROR] Failed to load resource: net::ERR_CONNECTION_REFUSED @ http://localhost:8080/api/chat/history?user1=kai_test&user2=jade_test:0
[ 1014147ms] [LOG] Failed to load chat history @ http://localhost:5173/src/App.jsx:1066
[ 1015925ms] [ERROR] Failed to load resource: net::ERR_CONNECTION_REFUSED @ http://localhost:8080/api/auth/users:0
[ 1015926ms] [LOG] Failed to load contacts @ http://localhost:5173/src/App.jsx:1009
[ 1015926ms] [ERROR] Failed to load resource: net::ERR_CONNECTION_REFUSED @ http://localhost:8080/api/groups/mine?username=kai_test:0
[ 1015926ms] [LOG] Failed to load groups @ http://localhost:5173/src/App.jsx:1019
[ 1016140ms] [ERROR] Failed to load resource: net::ERR_CONNECTION_REFUSED @ http://localhost:8080/api/chat/history?user1=kai_test&user2=jade_test:0
[ 1016140ms] [LOG] Failed to load chat history @ http://localhost:5173/src/App.jsx:1066
[ 1018145ms] [ERROR] Failed to load resource: net::ERR_CONNECTION_REFUSED @ http://localhost:8080/api/chat/history?user1=kai_test&user2=jade_test:0
[ 1018145ms] [LOG] Failed to load chat history @ http://localhost:5173/src/App.jsx:1066
[ 1020153ms] [ERROR] Failed to load resource: net::ERR_CONNECTION_REFUSED @ http://localhost:8080/api/chat/history?user1=kai_test&user2=jade_test:0
[ 1020154ms] [LOG] Failed to load chat history @ http://localhost:5173/src/App.jsx:1066
[ 1020954ms] [ERROR] Failed to load resource: net::ERR_CONNECTION_REFUSED @ http://localhost:8080/api/auth/users:0
[ 1020957ms] [LOG] Failed to load contacts @ http://localhost:5173/src/App.jsx:1009
[ 1020958ms] [ERROR] Failed to load resource: net::ERR_CONNECTION_REFUSED @ http://localhost:8080/api/groups/mine?username=kai_test:0
[ 1020959ms] [LOG] Failed to load groups @ http://localhost:5173/src/App.jsx:1019
[ 1022151ms] [ERROR] Failed to load resource: net::ERR_CONNECTION_REFUSED @ http://localhost:8080/api/chat/history?user1=kai_test&user2=jade_test:0
[ 1022151ms] [LOG] Failed to load chat history @ http://localhost:5173/src/App.jsx:1066
[ 1024151ms] [ERROR] Failed to load resource: net::ERR_CONNECTION_REFUSED @ http://localhost:8080/api/chat/history?user1=kai_test&user2=jade_test:0
[ 1024153ms] [LOG] Failed to load chat history @ http://localhost:5173/src/App.jsx:1066
[ 1025913ms] [ERROR] Failed to load resource: net::ERR_CONNECTION_REFUSED @ http://localhost:8080/api/auth/users:0
[ 1025914ms] [LOG] Failed to load contacts @ http://localhost:5173/src/App.jsx:1009
[ 1025915ms] [ERROR] Failed to load resource: net::ERR_CONNECTION_REFUSED @ http://localhost:8080/api/groups/mine?username=kai_test:0
[ 1025916ms] [LOG] Failed to load groups @ http://localhost:5173/src/App.jsx:1019
[ 1026147ms] [ERROR] Failed to load resource: net::ERR_CONNECTION_REFUSED @ http://localhost:8080/api/chat/history?user1=kai_test&user2=jade_test:0
[ 1026147ms] [LOG] Failed to load chat history @ http://localhost:5173/src/App.jsx:1066
[ 1028150ms] [ERROR] Failed to load resource: net::ERR_CONNECTION_REFUSED @ http://localhost:8080/api/chat/history?user1=kai_test&user2=jade_test:0
[ 1028150ms] [LOG] Failed to load chat history @ http://localhost:5173/src/App.jsx:1066
[ 1030146ms] [ERROR] Failed to load resource: net::ERR_CONNECTION_REFUSED @ http://localhost:8080/api/chat/history?user1=kai_test&user2=jade_test:0
[ 1030146ms] [LOG] Failed to load chat history @ http://localhost:5173/src/App.jsx:1066
[ 1030909ms] [ERROR] Failed to load resource: net::ERR_CONNECTION_REFUSED @ http://localhost:8080/api/auth/users:0
[ 1030909ms] [LOG] Failed to load contacts @ http://localhost:5173/src/App.jsx:1009
[ 1030911ms] [ERROR] Failed to load resource: net::ERR_CONNECTION_REFUSED @ http://localhost:8080/api/groups/mine?username=kai_test:0
[ 1030912ms] [LOG] Failed to load groups @ http://localhost:5173/src/App.jsx:1019
[ 1032157ms] [ERROR] Failed to load resource: net::ERR_CONNECTION_REFUSED @ http://localhost:8080/api/chat/history?user1=kai_test&user2=jade_test:0
[ 1032157ms] [LOG] Failed to load chat history @ http://localhost:5173/src/App.jsx:1066
[ 1034146ms] [ERROR] Failed to load resource: net::ERR_CONNECTION_REFUSED @ http://localhost:8080/api/chat/history?user1=kai_test&user2=jade_test:0
[ 1034146ms] [LOG] Failed to load chat history @ http://localhost:5173/src/App.jsx:1066
[ 1035917ms] [ERROR] Failed to load resource: net::ERR_CONNECTION_REFUSED @ http://localhost:8080/api/auth/users:0
[ 1035919ms] [LOG] Failed to load contacts @ http://localhost:5173/src/App.jsx:1009
[ 1035920ms] [ERROR] Failed to load resource: net::ERR_CONNECTION_REFUSED @ http://localhost:8080/api/groups/mine?username=kai_test:0
[ 1035921ms] [LOG] Failed to load groups @ http://localhost:5173/src/App.jsx:1019
[ 1036152ms] [ERROR] Failed to load resource: net::ERR_CONNECTION_REFUSED @ http://localhost:8080/api/chat/history?user1=kai_test&user2=jade_test:0
[ 1036152ms] [LOG] Failed to load chat history @ http://localhost:5173/src/App.jsx:1066
[ 1038159ms] [ERROR] Failed to load resource: net::ERR_CONNECTION_REFUSED @ http://localhost:8080/api/chat/history?user1=kai_test&user2=jade_test:0
[ 1038159ms] [LOG] Failed to load chat history @ http://localhost:5173/src/App.jsx:1066
[ 1040152ms] [ERROR] Failed to load resource: net::ERR_CONNECTION_REFUSED @ http://localhost:8080/api/chat/history?user1=kai_test&user2=jade_test:0
[ 1040152ms] [LOG] Failed to load chat history @ http://localhost:5173/src/App.jsx:1066
[ 1040907ms] [ERROR] Failed to load resource: net::ERR_CONNECTION_REFUSED @ http://localhost:8080/api/auth/users:0
[ 1040912ms] [LOG] Failed to load contacts @ http://localhost:5173/src/App.jsx:1009
[ 1040914ms] [ERROR] Failed to load resource: net::ERR_CONNECTION_REFUSED @ http://localhost:8080/api/groups/mine?username=kai_test:0
[ 1040915ms] [LOG] Failed to load groups @ http://localhost:5173/src/App.jsx:1019
[ 1042171ms] [ERROR] Failed to load resource: net::ERR_CONNECTION_REFUSED @ http://localhost:8080/api/chat/history?user1=kai_test&user2=jade_test:0
[ 1042177ms] [LOG] Failed to load chat history @ http://localhost:5173/src/App.jsx:1066
[ 1044146ms] [ERROR] Failed to load resource: net::ERR_CONNECTION_REFUSED @ http://localhost:8080/api/chat/history?user1=kai_test&user2=jade_test:0
[ 1044146ms] [LOG] Failed to load chat history @ http://localhost:5173/src/App.jsx:1066
[ 1045911ms] [ERROR] Failed to load resource: net::ERR_CONNECTION_REFUSED @ http://localhost:8080/api/auth/users:0
[ 1045911ms] [LOG] Failed to load contacts @ http://localhost:5173/src/App.jsx:1009
[ 1045912ms] [ERROR] Failed to load resource: net::ERR_CONNECTION_REFUSED @ http://localhost:8080/api/groups/mine?username=kai_test:0
[ 1045913ms] [LOG] Failed to load groups @ http://localhost:5173/src/App.jsx:1019
[ 1046142ms] [ERROR] Failed to load resource: net::ERR_CONNECTION_REFUSED @ http://localhost:8080/api/chat/history?user1=kai_test&user2=jade_test:0
[ 1046142ms] [LOG] Failed to load chat history @ http://localhost:5173/src/App.jsx:1066
[ 1048148ms] [ERROR] Failed to load resource: net::ERR_CONNECTION_REFUSED @ http://localhost:8080/api/chat/history?user1=kai_test&user2=jade_test:0
[ 1048149ms] [LOG] Failed to load chat history @ http://localhost:5173/src/App.jsx:1066
[ 1050146ms] [ERROR] Failed to load resource: net::ERR_CONNECTION_REFUSED @ http://localhost:8080/api/chat/history?user1=kai_test&user2=jade_test:0
[ 1050146ms] [LOG] Failed to load chat history @ http://localhost:5173/src/App.jsx:1066
[ 1050904ms] [ERROR] Failed to load resource: net::ERR_CONNECTION_REFUSED @ http://localhost:8080/api/auth/users:0
[ 1050904ms] [LOG] Failed to load contacts @ http://localhost:5173/src/App.jsx:1009
[ 1050906ms] [ERROR] Failed to load resource: net::ERR_CONNECTION_REFUSED @ http://localhost:8080/api/groups/mine?username=kai_test:0
[ 1050906ms] [LOG] Failed to load groups @ http://localhost:5173/src/App.jsx:1019
[ 1052149ms] [ERROR] Failed to load resource: net::ERR_CONNECTION_REFUSED @ http://localhost:8080/api/chat/history?user1=kai_test&user2=jade_test:0
[ 1052150ms] [LOG] Failed to load chat history @ http://localhost:5173/src/App.jsx:1066
[ 1054151ms] [ERROR] Failed to load resource: net::ERR_CONNECTION_REFUSED @ http://localhost:8080/api/chat/history?user1=kai_test&user2=jade_test:0
[ 1054152ms] [LOG] Failed to load chat history @ http://localhost:5173/src/App.jsx:1066
[ 1055917ms] [ERROR] Failed to load resource: net::ERR_CONNECTION_REFUSED @ http://localhost:8080/api/auth/users:0
[ 1055918ms] [LOG] Failed to load contacts @ http://localhost:5173/src/App.jsx:1009
[ 1055919ms] [ERROR] Failed to load resource: net::ERR_CONNECTION_REFUSED @ http://localhost:8080/api/groups/mine?username=kai_test:0
[ 1055919ms] [LOG] Failed to load groups @ http://localhost:5173/src/App.jsx:1019
[ 1056150ms] [ERROR] Failed to load resource: net::ERR_CONNECTION_REFUSED @ http://localhost:8080/api/chat/history?user1=kai_test&user2=jade_test:0
[ 1056150ms] [LOG] Failed to load chat history @ http://localhost:5173/src/App.jsx:1066
[ 1058155ms] [ERROR] Failed to load resource: net::ERR_CONNECTION_REFUSED @ http://localhost:8080/api/chat/history?user1=kai_test&user2=jade_test:0
[ 1058155ms] [LOG] Failed to load chat history @ http://localhost:5173/src/App.jsx:1066
[ 1060167ms] [ERROR] Failed to load resource: net::ERR_CONNECTION_REFUSED @ http://localhost:8080/api/chat/history?user1=kai_test&user2=jade_test:0
[ 1060168ms] [LOG] Failed to load chat history @ http://localhost:5173/src/App.jsx:1066
[ 1061018ms] [ERROR] Failed to load resource: net::ERR_CONNECTION_REFUSED @ http://localhost:8080/api/auth/users:0
[ 1061024ms] [LOG] Failed to load contacts @ http://localhost:5173/src/App.jsx:1009
[ 1061025ms] [ERROR] Failed to load resource: net::ERR_CONNECTION_REFUSED @ http://localhost:8080/api/groups/mine?username=kai_test:0
[ 1061026ms] [LOG] Failed to load groups @ http://localhost:5173/src/App.jsx:1019
[ 1062165ms] [ERROR] Failed to load resource: net::ERR_CONNECTION_REFUSED @ http://localhost:8080/api/chat/history?user1=kai_test&user2=jade_test:0
[ 1062165ms] [LOG] Failed to load chat history @ http://localhost:5173/src/App.jsx:1066
[ 1064141ms] [ERROR] Failed to load resource: net::ERR_CONNECTION_REFUSED @ http://localhost:8080/api/chat/history?user1=kai_test&user2=jade_test:0
[ 1064141ms] [LOG] Failed to load chat history @ http://localhost:5173/src/App.jsx:1066
[ 1065912ms] [ERROR] Failed to load resource: net::ERR_CONNECTION_REFUSED @ http://localhost:8080/api/auth/users:0
[ 1065912ms] [LOG] Failed to load contacts @ http://localhost:5173/src/App.jsx:1009
[ 1065916ms] [ERROR] Failed to load resource: net::ERR_CONNECTION_REFUSED @ http://localhost:8080/api/groups/mine?username=kai_test:0
[ 1065916ms] [LOG] Failed to load groups @ http://localhost:5173/src/App.jsx:1019
[ 1066146ms] [ERROR] Failed to load resource: net::ERR_CONNECTION_REFUSED @ http://localhost:8080/api/chat/history?user1=kai_test&user2=jade_test:0
[ 1066146ms] [LOG] Failed to load chat history @ http://localhost:5173/src/App.jsx:1066
[ 1068153ms] [ERROR] Failed to load resource: net::ERR_CONNECTION_REFUSED @ http://localhost:8080/api/chat/history?user1=kai_test&user2=jade_test:0
[ 1068153ms] [LOG] Failed to load chat history @ http://localhost:5173/src/App.jsx:1066
[ 1070153ms] [ERROR] Failed to load resource: net::ERR_CONNECTION_REFUSED @ http://localhost:8080/api/chat/history?user1=kai_test&user2=jade_test:0
[ 1070153ms] [LOG] Failed to load chat history @ http://localhost:5173/src/App.jsx:1066
[ 1071116ms] [ERROR] Failed to load resource: net::ERR_CONNECTION_REFUSED @ http://localhost:8080/api/auth/users:0
[ 1071116ms] [LOG] Failed to load contacts @ http://localhost:5173/src/App.jsx:1009
[ 1071116ms] [ERROR] Failed to load resource: net::ERR_CONNECTION_REFUSED @ http://localhost:8080/api/groups/mine?username=kai_test:0
[ 1071116ms] [LOG] Failed to load groups @ http://localhost:5173/src/App.jsx:1019
[ 1072362ms] [ERROR] Failed to load resource: net::ERR_CONNECTION_REFUSED @ http://localhost:8080/api/chat/history?user1=kai_test&user2=jade_test:0
[ 1072362ms] [LOG] Failed to load chat history @ http://localhost:5173/src/App.jsx:1066
[ 1074205ms] [ERROR] Failed to load resource: net::ERR_CONNECTION_REFUSED @ http://localhost:8080/api/chat/history?user1=kai_test&user2=jade_test:0
[ 1074209ms] [LOG] Failed to load chat history @ http://localhost:5173/src/App.jsx:1066
[ 1075912ms] [ERROR] Failed to load resource: net::ERR_CONNECTION_REFUSED @ http://localhost:8080/api/auth/users:0
[ 1075913ms] [LOG] Failed to load contacts @ http://localhost:5173/src/App.jsx:1009
[ 1075914ms] [ERROR] Failed to load resource: net::ERR_CONNECTION_REFUSED @ http://localhost:8080/api/groups/mine?username=kai_test:0
[ 1075914ms] [LOG] Failed to load groups @ http://localhost:5173/src/App.jsx:1019
[ 1076142ms] [ERROR] Failed to load resource: net::ERR_CONNECTION_REFUSED @ http://localhost:8080/api/chat/history?user1=kai_test&user2=jade_test:0
[ 1076143ms] [LOG] Failed to load chat history @ http://localhost:5173/src/App.jsx:1066
[ 1078140ms] [ERROR] Failed to load resource: net::ERR_CONNECTION_REFUSED @ http://localhost:8080/api/chat/history?user1=kai_test&user2=jade_test:0
[ 1078140ms] [LOG] Failed to load chat history @ http://localhost:5173/src/App.jsx:1066
[ 1080154ms] [ERROR] Failed to load resource: net::ERR_CONNECTION_REFUSED @ http://localhost:8080/api/chat/history?user1=kai_test&user2=jade_test:0
[ 1080154ms] [LOG] Failed to load chat history @ http://localhost:5173/src/App.jsx:1066
[ 1080913ms] [ERROR] Failed to load resource: net::ERR_CONNECTION_REFUSED @ http://localhost:8080/api/auth/users:0
[ 1080913ms] [LOG] Failed to load contacts @ http://localhost:5173/src/App.jsx:1009
[ 1080915ms] [ERROR] Failed to load resource: net::ERR_CONNECTION_REFUSED @ http://localhost:8080/api/groups/mine?username=kai_test:0
[ 1080915ms] [LOG] Failed to load groups @ http://localhost:5173/src/App.jsx:1019
[ 1082141ms] [ERROR] Failed to load resource: net::ERR_CONNECTION_REFUSED @ http://localhost:8080/api/chat/history?user1=kai_test&user2=jade_test:0
[ 1082141ms] [LOG] Failed to load chat history @ http://localhost:5173/src/App.jsx:1066
[ 1084149ms] [ERROR] Failed to load resource: net::ERR_CONNECTION_REFUSED @ http://localhost:8080/api/chat/history?user1=kai_test&user2=jade_test:0
[ 1084149ms] [LOG] Failed to load chat history @ http://localhost:5173/src/App.jsx:1066
[ 1085916ms] [ERROR] Failed to load resource: net::ERR_CONNECTION_REFUSED @ http://localhost:8080/api/auth/users:0
[ 1085916ms] [LOG] Failed to load contacts @ http://localhost:5173/src/App.jsx:1009
[ 1085916ms] [ERROR] Failed to load resource: net::ERR_CONNECTION_REFUSED @ http://localhost:8080/api/groups/mine?username=kai_test:0
[ 1085916ms] [LOG] Failed to load groups @ http://localhost:5173/src/App.jsx:1019
[ 1086148ms] [ERROR] Failed to load resource: net::ERR_CONNECTION_REFUSED @ http://localhost:8080/api/chat/history?user1=kai_test&user2=jade_test:0
[ 1086148ms] [LOG] Failed to load chat history @ http://localhost:5173/src/App.jsx:1066
[ 1088141ms] [ERROR] Failed to load resource: net::ERR_CONNECTION_REFUSED @ http://localhost:8080/api/chat/history?user1=kai_test&user2=jade_test:0
[ 1088143ms] [LOG] Failed to load chat history @ http://localhost:5173/src/App.jsx:1066
[ 1090143ms] [ERROR] Failed to load resource: net::ERR_CONNECTION_REFUSED @ http://localhost:8080/api/chat/history?user1=kai_test&user2=jade_test:0
[ 1090145ms] [LOG] Failed to load chat history @ http://localhost:5173/src/App.jsx:1066
[ 1090919ms] [ERROR] Failed to load resource: net::ERR_CONNECTION_REFUSED @ http://localhost:8080/api/auth/users:0
[ 1090920ms] [LOG] Failed to load contacts @ http://localhost:5173/src/App.jsx:1009
[ 1090920ms] [ERROR] Failed to load resource: net::ERR_CONNECTION_REFUSED @ http://localhost:8080/api/groups/mine?username=kai_test:0
[ 1090925ms] [LOG] Failed to load groups @ http://localhost:5173/src/App.jsx:1019
[ 1092176ms] [ERROR] Failed to load resource: net::ERR_CONNECTION_REFUSED @ http://localhost:8080/api/chat/history?user1=kai_test&user2=jade_test:0
[ 1092178ms] [LOG] Failed to load chat history @ http://localhost:5173/src/App.jsx:1066
[ 1094140ms] [ERROR] Failed to load resource: net::ERR_CONNECTION_REFUSED @ http://localhost:8080/api/chat/history?user1=kai_test&user2=jade_test:0
[ 1094140ms] [LOG] Failed to load chat history @ http://localhost:5173/src/App.jsx:1066
[ 1095908ms] [ERROR] Failed to load resource: net::ERR_CONNECTION_REFUSED @ http://localhost:8080/api/auth/users:0
[ 1095908ms] [LOG] Failed to load contacts @ http://localhost:5173/src/App.jsx:1009
[ 1095910ms] [ERROR] Failed to load resource: net::ERR_CONNECTION_REFUSED @ http://localhost:8080/api/groups/mine?username=kai_test:0
[ 1095910ms] [LOG] Failed to load groups @ http://localhost:5173/src/App.jsx:1019
[ 1096144ms] [ERROR] Failed to load resource: net::ERR_CONNECTION_REFUSED @ http://localhost:8080/api/chat/history?user1=kai_test&user2=jade_test:0
[ 1096144ms] [LOG] Failed to load chat history @ http://localhost:5173/src/App.jsx:1066
[ 1098145ms] [ERROR] Failed to load resource: net::ERR_CONNECTION_REFUSED @ http://localhost:8080/api/chat/history?user1=kai_test&user2=jade_test:0
[ 1098145ms] [LOG] Failed to load chat history @ http://localhost:5173/src/App.jsx:1066
[ 1100154ms] [ERROR] Failed to load resource: net::ERR_CONNECTION_REFUSED @ http://localhost:8080/api/chat/history?user1=kai_test&user2=jade_test:0
[ 1100154ms] [LOG] Failed to load chat history @ http://localhost:5173/src/App.jsx:1066
[ 1100914ms] [ERROR] Failed to load resource: net::ERR_CONNECTION_REFUSED @ http://localhost:8080/api/auth/users:0
[ 1100915ms] [LOG] Failed to load contacts @ http://localhost:5173/src/App.jsx:1009
[ 1100916ms] [ERROR] Failed to load resource: net::ERR_CONNECTION_REFUSED @ http://localhost:8080/api/groups/mine?username=kai_test:0
[ 1100917ms] [LOG] Failed to load groups @ http://localhost:5173/src/App.jsx:1019
[ 1102152ms] [ERROR] Failed to load resource: net::ERR_CONNECTION_REFUSED @ http://localhost:8080/api/chat/history?user1=kai_test&user2=jade_test:0
[ 1102152ms] [LOG] Failed to load chat history @ http://localhost:5173/src/App.jsx:1066
[ 1104138ms] [ERROR] Failed to load resource: net::ERR_CONNECTION_REFUSED @ http://localhost:8080/api/chat/history?user1=kai_test&user2=jade_test:0
[ 1104138ms] [LOG] Failed to load chat history @ http://localhost:5173/src/App.jsx:1066
[ 1105908ms] [ERROR] Failed to load resource: net::ERR_CONNECTION_REFUSED @ http://localhost:8080/api/auth/users:0
[ 1105909ms] [LOG] Failed to load contacts @ http://localhost:5173/src/App.jsx:1009
[ 1105909ms] [ERROR] Failed to load resource: net::ERR_CONNECTION_REFUSED @ http://localhost:8080/api/groups/mine?username=kai_test:0
[ 1105910ms] [LOG] Failed to load groups @ http://localhost:5173/src/App.jsx:1019
[ 1106140ms] [ERROR] Failed to load resource: net::ERR_CONNECTION_REFUSED @ http://localhost:8080/api/chat/history?user1=kai_test&user2=jade_test:0
[ 1106140ms] [LOG] Failed to load chat history @ http://localhost:5173/src/App.jsx:1066
[ 1108148ms] [ERROR] Failed to load resource: net::ERR_CONNECTION_REFUSED @ http://localhost:8080/api/chat/history?user1=kai_test&user2=jade_test:0
[ 1108148ms] [LOG] Failed to load chat history @ http://localhost:5173/src/App.jsx:1066
[ 1110143ms] [ERROR] Failed to load resource: net::ERR_CONNECTION_REFUSED @ http://localhost:8080/api/chat/history?user1=kai_test&user2=jade_test:0
[ 1110144ms] [LOG] Failed to load chat history @ http://localhost:5173/src/App.jsx:1066
[ 1110906ms] [ERROR] Failed to load resource: net::ERR_CONNECTION_REFUSED @ http://localhost:8080/api/auth/users:0
[ 1110906ms] [LOG] Failed to load contacts @ http://localhost:5173/src/App.jsx:1009
[ 1110907ms] [ERROR] Failed to load resource: net::ERR_CONNECTION_REFUSED @ http://localhost:8080/api/groups/mine?username=kai_test:0
[ 1110907ms] [LOG] Failed to load groups @ http://localhost:5173/src/App.jsx:1019
[ 1112153ms] [ERROR] Failed to load resource: net::ERR_CONNECTION_REFUSED @ http://localhost:8080/api/chat/history?user1=kai_test&user2=jade_test:0
[ 1112154ms] [LOG] Failed to load chat history @ http://localhost:5173/src/App.jsx:1066
[ 1114150ms] [ERROR] Failed to load resource: net::ERR_CONNECTION_REFUSED @ http://localhost:8080/api/chat/history?user1=kai_test&user2=jade_test:0
[ 1114151ms] [LOG] Failed to load chat history @ http://localhost:5173/src/App.jsx:1066
[ 1115910ms] [ERROR] Failed to load resource: net::ERR_CONNECTION_REFUSED @ http://localhost:8080/api/auth/users:0
[ 1115910ms] [LOG] Failed to load contacts @ http://localhost:5173/src/App.jsx:1009
[ 1115914ms] [ERROR] Failed to load resource: net::ERR_CONNECTION_REFUSED @ http://localhost:8080/api/groups/mine?username=kai_test:0
[ 1115914ms] [LOG] Failed to load groups @ http://localhost:5173/src/App.jsx:1019
[ 1116142ms] [ERROR] Failed to load resource: net::ERR_CONNECTION_REFUSED @ http://localhost:8080/api/chat/history?user1=kai_test&user2=jade_test:0
[ 1116142ms] [LOG] Failed to load chat history @ http://localhost:5173/src/App.jsx:1066
[ 1118141ms] [ERROR] Failed to load resource: net::ERR_CONNECTION_REFUSED @ http://localhost:8080/api/chat/history?user1=kai_test&user2=jade_test:0
[ 1118141ms] [LOG] Failed to load chat history @ http://localhost:5173/src/App.jsx:1066
[ 1120151ms] [ERROR] Failed to load resource: net::ERR_CONNECTION_REFUSED @ http://localhost:8080/api/chat/history?user1=kai_test&user2=jade_test:0
[ 1120151ms] [LOG] Failed to load chat history @ http://localhost:5173/src/App.jsx:1066
[ 1120914ms] [ERROR] Failed to load resource: net::ERR_CONNECTION_REFUSED @ http://localhost:8080/api/auth/users:0
[ 1120914ms] [LOG] Failed to load contacts @ http://localhost:5173/src/App.jsx:1009
[ 1120915ms] [ERROR] Failed to load resource: net::ERR_CONNECTION_REFUSED @ http://localhost:8080/api/groups/mine?username=kai_test:0
[ 1120916ms] [LOG] Failed to load groups @ http://localhost:5173/src/App.jsx:1019
[ 1122138ms] [ERROR] Failed to load resource: net::ERR_CONNECTION_REFUSED @ http://localhost:8080/api/chat/history?user1=kai_test&user2=jade_test:0
[ 1122139ms] [LOG] Failed to load chat history @ http://localhost:5173/src/App.jsx:1066
[ 1124148ms] [ERROR] Failed to load resource: net::ERR_CONNECTION_REFUSED @ http://localhost:8080/api/chat/history?user1=kai_test&user2=jade_test:0
[ 1124149ms] [LOG] Failed to load chat history @ http://localhost:5173/src/App.jsx:1066
[ 1125913ms] [ERROR] Failed to load resource: net::ERR_CONNECTION_REFUSED @ http://localhost:8080/api/auth/users:0
[ 1125913ms] [LOG] Failed to load contacts @ http://localhost:5173/src/App.jsx:1009
[ 1125914ms] [ERROR] Failed to load resource: net::ERR_CONNECTION_REFUSED @ http://localhost:8080/api/groups/mine?username=kai_test:0
[ 1125915ms] [LOG] Failed to load groups @ http://localhost:5173/src/App.jsx:1019
[ 1126140ms] [ERROR] Failed to load resource: net::ERR_CONNECTION_REFUSED @ http://localhost:8080/api/chat/history?user1=kai_test&user2=jade_test:0
[ 1126140ms] [LOG] Failed to load chat history @ http://localhost:5173/src/App.jsx:1066
[ 1128155ms] [ERROR] Failed to load resource: net::ERR_CONNECTION_REFUSED @ http://localhost:8080/api/chat/history?user1=kai_test&user2=jade_test:0
[ 1128157ms] [LOG] Failed to load chat history @ http://localhost:5173/src/App.jsx:1066
[ 1130137ms] [ERROR] Failed to load resource: net::ERR_CONNECTION_REFUSED @ http://localhost:8080/api/chat/history?user1=kai_test&user2=jade_test:0
[ 1130137ms] [LOG] Failed to load chat history @ http://localhost:5173/src/App.jsx:1066
[ 1130909ms] [ERROR] Failed to load resource: net::ERR_CONNECTION_REFUSED @ http://localhost:8080/api/auth/users:0
[ 1130910ms] [LOG] Failed to load contacts @ http://localhost:5173/src/App.jsx:1009
[ 1130915ms] [ERROR] Failed to load resource: net::ERR_CONNECTION_REFUSED @ http://localhost:8080/api/groups/mine?username=kai_test:0
[ 1130916ms] [LOG] Failed to load groups @ http://localhost:5173/src/App.jsx:1019
[ 1132154ms] [ERROR] Failed to load resource: net::ERR_CONNECTION_REFUSED @ http://localhost:8080/api/chat/history?user1=kai_test&user2=jade_test:0
[ 1132154ms] [LOG] Failed to load chat history @ http://localhost:5173/src/App.jsx:1066
[ 1134152ms] [ERROR] Failed to load resource: net::ERR_CONNECTION_REFUSED @ http://localhost:8080/api/chat/history?user1=kai_test&user2=jade_test:0
[ 1134152ms] [LOG] Failed to load chat history @ http://localhost:5173/src/App.jsx:1066
[ 1135923ms] [ERROR] Failed to load resource: net::ERR_CONNECTION_REFUSED @ http://localhost:8080/api/auth/users:0
[ 1135923ms] [LOG] Failed to load contacts @ http://localhost:5173/src/App.jsx:1009
[ 1135923ms] [ERROR] Failed to load resource: net::ERR_CONNECTION_REFUSED @ http://localhost:8080/api/groups/mine?username=kai_test:0
[ 1135923ms] [LOG] Failed to load groups @ http://localhost:5173/src/App.jsx:1019
[ 1136153ms] [ERROR] Failed to load resource: net::ERR_CONNECTION_REFUSED @ http://localhost:8080/api/chat/history?user1=kai_test&user2=jade_test:0
[ 1136156ms] [LOG] Failed to load chat history @ http://localhost:5173/src/App.jsx:1066
[ 1138149ms] [ERROR] Failed to load resource: net::ERR_CONNECTION_REFUSED @ http://localhost:8080/api/chat/history?user1=kai_test&user2=jade_test:0
[ 1138149ms] [LOG] Failed to load chat history @ http://localhost:5173/src/App.jsx:1066
[ 1140152ms] [ERROR] Failed to load resource: net::ERR_CONNECTION_REFUSED @ http://localhost:8080/api/chat/history?user1=kai_test&user2=jade_test:0
[ 1140152ms] [LOG] Failed to load chat history @ http://localhost:5173/src/App.jsx:1066
[ 1140915ms] [ERROR] Failed to load resource: net::ERR_CONNECTION_REFUSED @ http://localhost:8080/api/auth/users:0
[ 1140915ms] [LOG] Failed to load contacts @ http://localhost:5173/src/App.jsx:1009
[ 1140916ms] [ERROR] Failed to load resource: net::ERR_CONNECTION_REFUSED @ http://localhost:8080/api/groups/mine?username=kai_test:0
[ 1140917ms] [LOG] Failed to load groups @ http://localhost:5173/src/App.jsx:1019
[ 1142148ms] [ERROR] Failed to load resource: net::ERR_CONNECTION_REFUSED @ http://localhost:8080/api/chat/history?user1=kai_test&user2=jade_test:0
[ 1142148ms] [LOG] Failed to load chat history @ http://localhost:5173/src/App.jsx:1066
[ 1144141ms] [ERROR] Failed to load resource: net::ERR_CONNECTION_REFUSED @ http://localhost:8080/api/chat/history?user1=kai_test&user2=jade_test:0
[ 1144141ms] [LOG] Failed to load chat history @ http://localhost:5173/src/App.jsx:1066
[ 1145910ms] [ERROR] Failed to load resource: net::ERR_CONNECTION_REFUSED @ http://localhost:8080/api/auth/users:0
[ 1145910ms] [LOG] Failed to load contacts @ http://localhost:5173/src/App.jsx:1009
[ 1145911ms] [ERROR] Failed to load resource: net::ERR_CONNECTION_REFUSED @ http://localhost:8080/api/groups/mine?username=kai_test:0
[ 1145911ms] [LOG] Failed to load groups @ http://localhost:5173/src/App.jsx:1019
[ 1146151ms] [ERROR] Failed to load resource: net::ERR_CONNECTION_REFUSED @ http://localhost:8080/api/chat/history?user1=kai_test&user2=jade_test:0
[ 1146151ms] [LOG] Failed to load chat history @ http://localhost:5173/src/App.jsx:1066
[ 1148145ms] [ERROR] Failed to load resource: net::ERR_CONNECTION_REFUSED @ http://localhost:8080/api/chat/history?user1=kai_test&user2=jade_test:0
[ 1148145ms] [LOG] Failed to load chat history @ http://localhost:5173/src/App.jsx:1066
[ 1150149ms] [ERROR] Failed to load resource: net::ERR_CONNECTION_REFUSED @ http://localhost:8080/api/chat/history?user1=kai_test&user2=jade_test:0
[ 1150149ms] [LOG] Failed to load chat history @ http://localhost:5173/src/App.jsx:1066
[ 1150911ms] [ERROR] Failed to load resource: net::ERR_CONNECTION_REFUSED @ http://localhost:8080/api/auth/users:0
[ 1150912ms] [LOG] Failed to load contacts @ http://localhost:5173/src/App.jsx:1009
[ 1150915ms] [ERROR] Failed to load resource: net::ERR_CONNECTION_REFUSED @ http://localhost:8080/api/groups/mine?username=kai_test:0
[ 1150916ms] [LOG] Failed to load groups @ http://localhost:5173/src/App.jsx:1019
[ 1152153ms] [ERROR] Failed to load resource: net::ERR_CONNECTION_REFUSED @ http://localhost:8080/api/chat/history?user1=kai_test&user2=jade_test:0
[ 1152153ms] [LOG] Failed to load chat history @ http://localhost:5173/src/App.jsx:1066
[ 1154150ms] [ERROR] Failed to load resource: net::ERR_CONNECTION_REFUSED @ http://localhost:8080/api/chat/history?user1=kai_test&user2=jade_test:0
[ 1154150ms] [LOG] Failed to load chat history @ http://localhost:5173/src/App.jsx:1066
[ 1155979ms] [ERROR] Failed to load resource: net::ERR_CONNECTION_REFUSED @ http://localhost:8080/api/auth/users:0
[ 1155982ms] [LOG] Failed to load contacts @ http://localhost:5173/src/App.jsx:1009
[ 1155983ms] [ERROR] Failed to load resource: net::ERR_CONNECTION_REFUSED @ http://localhost:8080/api/groups/mine?username=kai_test:0
[ 1155983ms] [LOG] Failed to load groups @ http://localhost:5173/src/App.jsx:1019
[ 1156138ms] [ERROR] Failed to load resource: net::ERR_CONNECTION_REFUSED @ http://localhost:8080/api/chat/history?user1=kai_test&user2=jade_test:0
[ 1156138ms] [LOG] Failed to load chat history @ http://localhost:5173/src/App.jsx:1066
[ 1158150ms] [ERROR] Failed to load resource: net::ERR_CONNECTION_REFUSED @ http://localhost:8080/api/chat/history?user1=kai_test&user2=jade_test:0
[ 1158153ms] [LOG] Failed to load chat history @ http://localhost:5173/src/App.jsx:1066
[ 1160145ms] [ERROR] Failed to load resource: net::ERR_CONNECTION_REFUSED @ http://localhost:8080/api/chat/history?user1=kai_test&user2=jade_test:0
[ 1160145ms] [LOG] Failed to load chat history @ http://localhost:5173/src/App.jsx:1066
[ 1160910ms] [ERROR] Failed to load resource: net::ERR_CONNECTION_REFUSED @ http://localhost:8080/api/auth/users:0
[ 1160910ms] [LOG] Failed to load contacts @ http://localhost:5173/src/App.jsx:1009
[ 1160910ms] [ERROR] Failed to load resource: net::ERR_CONNECTION_REFUSED @ http://localhost:8080/api/groups/mine?username=kai_test:0
[ 1160910ms] [LOG] Failed to load groups @ http://localhost:5173/src/App.jsx:1019
[ 1162222ms] [ERROR] Failed to load resource: net::ERR_CONNECTION_REFUSED @ http://localhost:8080/api/chat/history?user1=kai_test&user2=jade_test:0
[ 1162222ms] [LOG] Failed to load chat history @ http://localhost:5173/src/App.jsx:1066
[ 1164147ms] [ERROR] Failed to load resource: net::ERR_CONNECTION_REFUSED @ http://localhost:8080/api/chat/history?user1=kai_test&user2=jade_test:0
[ 1164147ms] [LOG] Failed to load chat history @ http://localhost:5173/src/App.jsx:1066
[ 1166016ms] [ERROR] Failed to load resource: net::ERR_CONNECTION_REFUSED @ http://localhost:8080/api/auth/users:0
[ 1166017ms] [LOG] Failed to load contacts @ http://localhost:5173/src/App.jsx:1009
[ 1166017ms] [ERROR] Failed to load resource: net::ERR_CONNECTION_REFUSED @ http://localhost:8080/api/groups/mine?username=kai_test:0
[ 1166017ms] [LOG] Failed to load groups @ http://localhost:5173/src/App.jsx:1019
[ 1166150ms] [ERROR] Failed to load resource: net::ERR_CONNECTION_REFUSED @ http://localhost:8080/api/chat/history?user1=kai_test&user2=jade_test:0
[ 1166150ms] [LOG] Failed to load chat history @ http://localhost:5173/src/App.jsx:1066
[ 1168142ms] [ERROR] Failed to load resource: net::ERR_CONNECTION_REFUSED @ http://localhost:8080/api/chat/history?user1=kai_test&user2=jade_test:0
[ 1168142ms] [LOG] Failed to load chat history @ http://localhost:5173/src/App.jsx:1066
[ 1170177ms] [ERROR] Failed to load resource: net::ERR_CONNECTION_REFUSED @ http://localhost:8080/api/chat/history?user1=kai_test&user2=jade_test:0
[ 1170177ms] [LOG] Failed to load chat history @ http://localhost:5173/src/App.jsx:1066
[ 1170968ms] [ERROR] Failed to load resource: net::ERR_CONNECTION_REFUSED @ http://localhost:8080/api/auth/users:0
[ 1170968ms] [LOG] Failed to load contacts @ http://localhost:5173/src/App.jsx:1009
[ 1170969ms] [ERROR] Failed to load resource: net::ERR_CONNECTION_REFUSED @ http://localhost:8080/api/groups/mine?username=kai_test:0
[ 1170969ms] [LOG] Failed to load groups @ http://localhost:5173/src/App.jsx:1019
[ 1172507ms] [ERROR] Failed to load resource: net::ERR_CONNECTION_REFUSED @ http://localhost:8080/api/chat/history?user1=kai_test&user2=jade_test:0
[ 1172507ms] [LOG] Failed to load chat history @ http://localhost:5173/src/App.jsx:1066
[ 1174149ms] [ERROR] Failed to load resource: net::ERR_CONNECTION_REFUSED @ http://localhost:8080/api/chat/history?user1=kai_test&user2=jade_test:0
[ 1174150ms] [LOG] Failed to load chat history @ http://localhost:5173/src/App.jsx:1066
[ 1176794ms] [ERROR] Failed to load resource: net::ERR_CONNECTION_REFUSED @ http://localhost:8080/api/auth/users:0
[ 1176794ms] [LOG] Failed to load contacts @ http://localhost:5173/src/App.jsx:1009
[ 1176795ms] [ERROR] Failed to load resource: net::ERR_CONNECTION_REFUSED @ http://localhost:8080/api/groups/mine?username=kai_test:0
[ 1176795ms] [LOG] Failed to load groups @ http://localhost:5173/src/App.jsx:1019
[ 1176795ms] [ERROR] Failed to load resource: net::ERR_CONNECTION_REFUSED @ http://localhost:8080/api/chat/history?user1=kai_test&user2=jade_test:0
[ 1176795ms] [LOG] Failed to load chat history @ http://localhost:5173/src/App.jsx:1066
[ 1178366ms] [ERROR] Failed to load resource: net::ERR_CONNECTION_REFUSED @ http://localhost:8080/api/chat/history?user1=kai_test&user2=jade_test:0
[ 1178367ms] [LOG] Failed to load chat history @ http://localhost:5173/src/App.jsx:1066
[ 1180142ms] [ERROR] Failed to load resource: net::ERR_CONNECTION_REFUSED @ http://localhost:8080/api/chat/history?user1=kai_test&user2=jade_test:0
[ 1180142ms] [LOG] Failed to load chat history @ http://localhost:5173/src/App.jsx:1066
[ 1180918ms] [ERROR] Failed to load resource: net::ERR_CONNECTION_REFUSED @ http://localhost:8080/api/auth/users:0
[ 1180918ms] [LOG] Failed to load contacts @ http://localhost:5173/src/App.jsx:1009
[ 1180918ms] [ERROR] Failed to load resource: net::ERR_CONNECTION_REFUSED @ http://localhost:8080/api/groups/mine?username=kai_test:0
[ 1180918ms] [LOG] Failed to load groups @ http://localhost:5173/src/App.jsx:1019
[ 1182147ms] [ERROR] Failed to load resource: net::ERR_CONNECTION_REFUSED @ http://localhost:8080/api/chat/history?user1=kai_test&user2=jade_test:0
[ 1182147ms] [LOG] Failed to load chat history @ http://localhost:5173/src/App.jsx:1066
[ 1184164ms] [ERROR] Failed to load resource: net::ERR_CONNECTION_REFUSED @ http://localhost:8080/api/chat/history?user1=kai_test&user2=jade_test:0
[ 1184164ms] [LOG] Failed to load chat history @ http://localhost:5173/src/App.jsx:1066
[ 1185928ms] [ERROR] Failed to load resource: net::ERR_CONNECTION_REFUSED @ http://localhost:8080/api/auth/users:0
[ 1185928ms] [LOG] Failed to load contacts @ http://localhost:5173/src/App.jsx:1009
[ 1185929ms] [ERROR] Failed to load resource: net::ERR_CONNECTION_REFUSED @ http://localhost:8080/api/groups/mine?username=kai_test:0
[ 1185929ms] [LOG] Failed to load groups @ http://localhost:5173/src/App.jsx:1019
[ 1186148ms] [ERROR] Failed to load resource: net::ERR_CONNECTION_REFUSED @ http://localhost:8080/api/chat/history?user1=kai_test&user2=jade_test:0
[ 1186148ms] [LOG] Failed to load chat history @ http://localhost:5173/src/App.jsx:1066
[ 1188148ms] [ERROR] Failed to load resource: net::ERR_CONNECTION_REFUSED @ http://localhost:8080/api/chat/history?user1=kai_test&user2=jade_test:0
[ 1188148ms] [LOG] Failed to load chat history @ http://localhost:5173/src/App.jsx:1066
[ 1190144ms] [ERROR] Failed to load resource: net::ERR_CONNECTION_REFUSED @ http://localhost:8080/api/chat/history?user1=kai_test&user2=jade_test:0
[ 1190144ms] [LOG] Failed to load chat history @ http://localhost:5173/src/App.jsx:1066
[ 1190905ms] [ERROR] Failed to load resource: net::ERR_CONNECTION_REFUSED @ http://localhost:8080/api/auth/users:0
[ 1190906ms] [LOG] Failed to load contacts @ http://localhost:5173/src/App.jsx:1009
[ 1190907ms] [ERROR] Failed to load resource: net::ERR_CONNECTION_REFUSED @ http://localhost:8080/api/groups/mine?username=kai_test:0
[ 1190908ms] [LOG] Failed to load groups @ http://localhost:5173/src/App.jsx:1019
[ 1192152ms] [ERROR] Failed to load resource: net::ERR_CONNECTION_REFUSED @ http://localhost:8080/api/chat/history?user1=kai_test&user2=jade_test:0
[ 1192152ms] [LOG] Failed to load chat history @ http://localhost:5173/src/App.jsx:1066
[ 1194966ms] [ERROR] Failed to load resource: net::ERR_CONNECTION_REFUSED @ http://localhost:8080/api/chat/history?user1=kai_test&user2=jade_test:0
[ 1194966ms] [LOG] Failed to load chat history @ http://localhost:5173/src/App.jsx:1066
[ 1196093ms] [ERROR] Failed to load resource: net::ERR_CONNECTION_REFUSED @ http://localhost:8080/api/auth/users:0
[ 1196095ms] [LOG] Failed to load contacts @ http://localhost:5173/src/App.jsx:1009
[ 1196099ms] [ERROR] Failed to load resource: net::ERR_CONNECTION_REFUSED @ http://localhost:8080/api/groups/mine?username=kai_test:0
[ 1196099ms] [LOG] Failed to load groups @ http://localhost:5173/src/App.jsx:1019
[ 1196155ms] [ERROR] Failed to load resource: net::ERR_CONNECTION_REFUSED @ http://localhost:8080/api/chat/history?user1=kai_test&user2=jade_test:0
[ 1196155ms] [LOG] Failed to load chat history @ http://localhost:5173/src/App.jsx:1066
[ 1199104ms] [ERROR] Failed to load resource: net::ERR_CONNECTION_REFUSED @ http://localhost:8080/api/chat/history?user1=kai_test&user2=jade_test:0
[ 1199104ms] [LOG] Failed to load chat history @ http://localhost:5173/src/App.jsx:1066
[ 1200145ms] [ERROR] Failed to load resource: net::ERR_CONNECTION_REFUSED @ http://localhost:8080/api/chat/history?user1=kai_test&user2=jade_test:0
[ 1200145ms] [LOG] Failed to load chat history @ http://localhost:5173/src/App.jsx:1066
[ 1200953ms] [ERROR] Failed to load resource: net::ERR_CONNECTION_REFUSED @ http://localhost:8080/api/auth/users:0
[ 1200958ms] [LOG] Failed to load contacts @ http://localhost:5173/src/App.jsx:1009
[ 1200961ms] [ERROR] Failed to load resource: net::ERR_CONNECTION_REFUSED @ http://localhost:8080/api/groups/mine?username=kai_test:0
[ 1200961ms] [LOG] Failed to load groups @ http://localhost:5173/src/App.jsx:1019
[ 1202591ms] [ERROR] Failed to load resource: net::ERR_CONNECTION_REFUSED @ http://localhost:8080/api/chat/history?user1=kai_test&user2=jade_test:0
[ 1202591ms] [LOG] Failed to load chat history @ http://localhost:5173/src/App.jsx:1066
[ 1208011ms] [ERROR] Failed to load resource: net::ERR_CONNECTION_REFUSED @ http://localhost:8080/api/chat/history?user1=kai_test&user2=jade_test:0
[ 1208012ms] [LOG] Failed to load chat history @ http://localhost:5173/src/App.jsx:1066
[ 1208019ms] [ERROR] Failed to load resource: net::ERR_CONNECTION_REFUSED @ http://localhost:8080/api/auth/users:0
[ 1208020ms] [LOG] Failed to load contacts @ http://localhost:5173/src/App.jsx:1009
[ 1208022ms] [ERROR] Failed to load resource: net::ERR_CONNECTION_REFUSED @ http://localhost:8080/api/groups/mine?username=kai_test:0
[ 1208023ms] [LOG] Failed to load groups @ http://localhost:5173/src/App.jsx:1019
[ 1208024ms] [ERROR] Failed to load resource: net::ERR_CONNECTION_REFUSED @ http://localhost:8080/api/chat/history?user1=kai_test&user2=jade_test:0
[ 1208026ms] [LOG] Failed to load chat history @ http://localhost:5173/src/App.jsx:1066
[ 1208155ms] [ERROR] Failed to load resource: net::ERR_CONNECTION_REFUSED @ http://localhost:8080/api/chat/history?user1=kai_test&user2=jade_test:0
[ 1208155ms] [LOG] Failed to load chat history @ http://localhost:5173/src/App.jsx:1066
[ 1211573ms] [ERROR] Failed to load resource: net::ERR_CONNECTION_REFUSED @ http://localhost:8080/api/chat/history?user1=kai_test&user2=jade_test:0
[ 1211573ms] [LOG] Failed to load chat history @ http://localhost:5173/src/App.jsx:1066
[ 1211577ms] [ERROR] Failed to load resource: net::ERR_CONNECTION_REFUSED @ http://localhost:8080/api/auth/users:0
[ 1211588ms] [LOG] Failed to load contacts @ http://localhost:5173/src/App.jsx:1009
[ 1211591ms] [ERROR] Failed to load resource: net::ERR_CONNECTION_REFUSED @ http://localhost:8080/api/groups/mine?username=kai_test:0
[ 1211592ms] [LOG] Failed to load groups @ http://localhost:5173/src/App.jsx:1019
[ 1212139ms] [ERROR] Failed to load resource: net::ERR_CONNECTION_REFUSED @ http://localhost:8080/api/chat/history?user1=kai_test&user2=jade_test:0
[ 1212139ms] [LOG] Failed to load chat history @ http://localhost:5173/src/App.jsx:1066
[ 1214289ms] [ERROR] Failed to load resource: net::ERR_CONNECTION_REFUSED @ http://localhost:8080/api/chat/history?user1=kai_test&user2=jade_test:0
[ 1214289ms] [LOG] Failed to load chat history @ http://localhost:5173/src/App.jsx:1066
[ 1215939ms] [ERROR] Failed to load resource: net::ERR_CONNECTION_REFUSED @ http://localhost:8080/api/auth/users:0
[ 1215939ms] [LOG] Failed to load contacts @ http://localhost:5173/src/App.jsx:1009
[ 1215939ms] [ERROR] Failed to load resource: net::ERR_CONNECTION_REFUSED @ http://localhost:8080/api/groups/mine?username=kai_test:0
[ 1215939ms] [LOG] Failed to load groups @ http://localhost:5173/src/App.jsx:1019
[ 1216219ms] [ERROR] Failed to load resource: net::ERR_CONNECTION_REFUSED @ http://localhost:8080/api/chat/history?user1=kai_test&user2=jade_test:0
[ 1216219ms] [LOG] Failed to load chat history @ http://localhost:5173/src/App.jsx:1066
[ 1218572ms] [ERROR] Failed to load resource: net::ERR_CONNECTION_REFUSED @ http://localhost:8080/api/chat/history?user1=kai_test&user2=jade_test:0
[ 1218572ms] [LOG] Failed to load chat history @ http://localhost:5173/src/App.jsx:1066
[ 1222578ms] [ERROR] Failed to load resource: net::ERR_CONNECTION_REFUSED @ http://localhost:8080/api/chat/history?user1=kai_test&user2=jade_test:0
[ 1222579ms] [LOG] Failed to load chat history @ http://localhost:5173/src/App.jsx:1066
[ 1222581ms] [ERROR] Failed to load resource: net::ERR_CONNECTION_REFUSED @ http://localhost:8080/api/auth/users:0
[ 1222582ms] [LOG] Failed to load contacts @ http://localhost:5173/src/App.jsx:1009
[ 1222587ms] [ERROR] Failed to load resource: net::ERR_CONNECTION_REFUSED @ http://localhost:8080/api/groups/mine?username=kai_test:0
[ 1222589ms] [LOG] Failed to load groups @ http://localhost:5173/src/App.jsx:1019
[ 1222594ms] [ERROR] Failed to load resource: net::ERR_CONNECTION_REFUSED @ http://localhost:8080/api/chat/history?user1=kai_test&user2=jade_test:0
[ 1222597ms] [LOG] Failed to load chat history @ http://localhost:5173/src/App.jsx:1066
[ 1224157ms] [ERROR] Failed to load resource: net::ERR_CONNECTION_REFUSED @ http://localhost:8080/api/chat/history?user1=kai_test&user2=jade_test:0
[ 1224157ms] [LOG] Failed to load chat history @ http://localhost:5173/src/App.jsx:1066
[ 1226620ms] [ERROR] Failed to load resource: net::ERR_CONNECTION_REFUSED @ http://localhost:8080/api/auth/users:0
[ 1226620ms] [LOG] Failed to load contacts @ http://localhost:5173/src/App.jsx:1009
[ 1226621ms] [ERROR] Failed to load resource: net::ERR_CONNECTION_REFUSED @ http://localhost:8080/api/groups/mine?username=kai_test:0
[ 1226622ms] [LOG] Failed to load groups @ http://localhost:5173/src/App.jsx:1019
[ 1226622ms] [ERROR] Failed to load resource: net::ERR_CONNECTION_REFUSED @ http://localhost:8080/api/chat/history?user1=kai_test&user2=jade_test:0
[ 1226624ms] [LOG] Failed to load chat history @ http://localhost:5173/src/App.jsx:1066
[ 1228403ms] [ERROR] Failed to load resource: net::ERR_CONNECTION_REFUSED @ http://localhost:8080/api/chat/history?user1=kai_test&user2=jade_test:0
[ 1228403ms] [LOG] Failed to load chat history @ http://localhost:5173/src/App.jsx:1066
[ 1230381ms] [ERROR] Failed to load resource: net::ERR_CONNECTION_REFUSED @ http://localhost:8080/api/chat/history?user1=kai_test&user2=jade_test:0
[ 1230382ms] [LOG] Failed to load chat history @ http://localhost:5173/src/App.jsx:1066
[ 1231073ms] [ERROR] Failed to load resource: net::ERR_CONNECTION_REFUSED @ http://localhost:8080/api/auth/users:0
[ 1231073ms] [LOG] Failed to load contacts @ http://localhost:5173/src/App.jsx:1009
[ 1231076ms] [ERROR] Failed to load resource: net::ERR_CONNECTION_REFUSED @ http://localhost:8080/api/groups/mine?username=kai_test:0
[ 1231076ms] [LOG] Failed to load groups @ http://localhost:5173/src/App.jsx:1019
[ 1233048ms] [ERROR] Failed to load resource: net::ERR_CONNECTION_REFUSED @ http://localhost:8080/api/chat/history?user1=kai_test&user2=jade_test:0
[ 1233048ms] [LOG] Failed to load chat history @ http://localhost:5173/src/App.jsx:1066
[ 1234534ms] [ERROR] Failed to load resource: net::ERR_CONNECTION_REFUSED @ http://localhost:8080/api/chat/history?user1=kai_test&user2=jade_test:0
[ 1234534ms] [LOG] Failed to load chat history @ http://localhost:5173/src/App.jsx:1066
[ 1235925ms] [ERROR] Failed to load resource: net::ERR_CONNECTION_REFUSED @ http://localhost:8080/api/auth/users:0
[ 1235925ms] [LOG] Failed to load contacts @ http://localhost:5173/src/App.jsx:1009
[ 1235927ms] [ERROR] Failed to load resource: net::ERR_CONNECTION_REFUSED @ http://localhost:8080/api/groups/mine?username=kai_test:0
[ 1235927ms] [LOG] Failed to load groups @ http://localhost:5173/src/App.jsx:1019
[ 1236141ms] [ERROR] Failed to load resource: net::ERR_CONNECTION_REFUSED @ http://localhost:8080/api/chat/history?user1=kai_test&user2=jade_test:0
[ 1236141ms] [LOG] Failed to load chat history @ http://localhost:5173/src/App.jsx:1066
[ 1238140ms] [ERROR] Failed to load resource: net::ERR_CONNECTION_REFUSED @ http://localhost:8080/api/chat/history?user1=kai_test&user2=jade_test:0
[ 1238140ms] [LOG] Failed to load chat history @ http://localhost:5173/src/App.jsx:1066
[ 1240139ms] [ERROR] Failed to load resource: net::ERR_CONNECTION_REFUSED @ http://localhost:8080/api/chat/history?user1=kai_test&user2=jade_test:0
[ 1240139ms] [LOG] Failed to load chat history @ http://localhost:5173/src/App.jsx:1066
[ 1240919ms] [ERROR] Failed to load resource: net::ERR_CONNECTION_REFUSED @ http://localhost:8080/api/auth/users:0
[ 1240919ms] [LOG] Failed to load contacts @ http://localhost:5173/src/App.jsx:1009
[ 1240921ms] [ERROR] Failed to load resource: net::ERR_CONNECTION_REFUSED @ http://localhost:8080/api/groups/mine?username=kai_test:0
[ 1240922ms] [LOG] Failed to load groups @ http://localhost:5173/src/App.jsx:1019
[ 1242143ms] [ERROR] Failed to load resource: net::ERR_CONNECTION_REFUSED @ http://localhost:8080/api/chat/history?user1=kai_test&user2=jade_test:0
[ 1242143ms] [LOG] Failed to load chat history @ http://localhost:5173/src/App.jsx:1066
[ 1244200ms] [ERROR] Failed to load resource: net::ERR_CONNECTION_REFUSED @ http://localhost:8080/api/chat/history?user1=kai_test&user2=jade_test:0
[ 1244200ms] [LOG] Failed to load chat history @ http://localhost:5173/src/App.jsx:1066
[ 1245930ms] [ERROR] Failed to load resource: net::ERR_CONNECTION_REFUSED @ http://localhost:8080/api/auth/users:0
[ 1245930ms] [LOG] Failed to load contacts @ http://localhost:5173/src/App.jsx:1009
[ 1245931ms] [ERROR] Failed to load resource: net::ERR_CONNECTION_REFUSED @ http://localhost:8080/api/groups/mine?username=kai_test:0
[ 1245931ms] [LOG] Failed to load groups @ http://localhost:5173/src/App.jsx:1019
[ 1246138ms] [ERROR] Failed to load resource: net::ERR_CONNECTION_REFUSED @ http://localhost:8080/api/chat/history?user1=kai_test&user2=jade_test:0
[ 1246138ms] [LOG] Failed to load chat history @ http://localhost:5173/src/App.jsx:1066
[ 1248143ms] [ERROR] Failed to load resource: net::ERR_CONNECTION_REFUSED @ http://localhost:8080/api/chat/history?user1=kai_test&user2=jade_test:0
[ 1248143ms] [LOG] Failed to load chat history @ http://localhost:5173/src/App.jsx:1066
[ 1250148ms] [ERROR] Failed to load resource: net::ERR_CONNECTION_REFUSED @ http://localhost:8080/api/chat/history?user1=kai_test&user2=jade_test:0
[ 1250148ms] [LOG] Failed to load chat history @ http://localhost:5173/src/App.jsx:1066
[ 1250913ms] [ERROR] Failed to load resource: net::ERR_CONNECTION_REFUSED @ http://localhost:8080/api/auth/users:0
[ 1250913ms] [LOG] Failed to load contacts @ http://localhost:5173/src/App.jsx:1009
[ 1250914ms] [ERROR] Failed to load resource: net::ERR_CONNECTION_REFUSED @ http://localhost:8080/api/groups/mine?username=kai_test:0
[ 1250915ms] [LOG] Failed to load groups @ http://localhost:5173/src/App.jsx:1019
[ 1252183ms] [ERROR] Failed to load resource: net::ERR_CONNECTION_REFUSED @ http://localhost:8080/api/chat/history?user1=kai_test&user2=jade_test:0
[ 1252183ms] [LOG] Failed to load chat history @ http://localhost:5173/src/App.jsx:1066
[ 1254139ms] [ERROR] Failed to load resource: net::ERR_CONNECTION_REFUSED @ http://localhost:8080/api/chat/history?user1=kai_test&user2=jade_test:0
[ 1254139ms] [LOG] Failed to load chat history @ http://localhost:5173/src/App.jsx:1066
[ 1255920ms] [ERROR] Failed to load resource: net::ERR_CONNECTION_REFUSED @ http://localhost:8080/api/auth/users:0
[ 1255920ms] [LOG] Failed to load contacts @ http://localhost:5173/src/App.jsx:1009
[ 1255921ms] [ERROR] Failed to load resource: net::ERR_CONNECTION_REFUSED @ http://localhost:8080/api/groups/mine?username=kai_test:0
[ 1255923ms] [LOG] Failed to load groups @ http://localhost:5173/src/App.jsx:1019
[ 1267142ms] [ERROR] Failed to load resource: net::ERR_CONNECTION_REFUSED @ http://localhost:8080/api/chat/history?user1=kai_test&user2=jade_test:0
[ 1267142ms] [LOG] Failed to load chat history @ http://localhost:5173/src/App.jsx:1066
[ 1269346ms] [ERROR] Failed to load resource: net::ERR_CONNECTION_REFUSED @ http://localhost:8080/api/auth/users:0
[ 1269347ms] [LOG] Failed to load contacts @ http://localhost:5173/src/App.jsx:1009
[ 1269350ms] [ERROR] Failed to load resource: net::ERR_CONNECTION_REFUSED @ http://localhost:8080/api/groups/mine?username=kai_test:0
[ 1269351ms] [LOG] Failed to load groups @ http://localhost:5173/src/App.jsx:1019
[ 1269356ms] [ERROR] Failed to load resource: net::ERR_CONNECTION_REFUSED @ http://localhost:8080/api/chat/history?user1=kai_test&user2=jade_test:0
[ 1269356ms] [LOG] Failed to load chat history @ http://localhost:5173/src/App.jsx:1066
[ 1269362ms] [ERROR] Failed to load resource: net::ERR_CONNECTION_REFUSED @ http://localhost:8080/api/auth/users:0
[ 1269363ms] [LOG] Failed to load contacts @ http://localhost:5173/src/App.jsx:1009
[ 1269365ms] [ERROR] Failed to load resource: net::ERR_CONNECTION_REFUSED @ http://localhost:8080/api/groups/mine?username=kai_test:0
[ 1269376ms] [LOG] Failed to load groups @ http://localhost:5173/src/App.jsx:1019
[ 1269379ms] [ERROR] Failed to load resource: net::ERR_CONNECTION_REFUSED @ http://localhost:8080/api/chat/history?user1=kai_test&user2=jade_test:0
[ 1269379ms] [LOG] Failed to load chat history @ http://localhost:5173/src/App.jsx:1066
[ 1269383ms] [ERROR] Failed to load resource: net::ERR_CONNECTION_REFUSED @ http://localhost:8080/api/chat/history?user1=kai_test&user2=jade_test:0
[ 1269398ms] [LOG] Failed to load chat history @ http://localhost:5173/src/App.jsx:1066
[ 1270157ms] [ERROR] Failed to load resource: net::ERR_CONNECTION_REFUSED @ http://localhost:8080/api/chat/history?user1=kai_test&user2=jade_test:0
[ 1270157ms] [LOG] Failed to load chat history @ http://localhost:5173/src/App.jsx:1066
[ 1271156ms] [ERROR] Failed to load resource: net::ERR_CONNECTION_REFUSED @ http://localhost:8080/api/auth/users:0
[ 1271157ms] [LOG] Failed to load contacts @ http://localhost:5173/src/App.jsx:1009
[ 1271164ms] [ERROR] Failed to load resource: net::ERR_CONNECTION_REFUSED @ http://localhost:8080/api/groups/mine?username=kai_test:0
[ 1271164ms] [LOG] Failed to load groups @ http://localhost:5173/src/App.jsx:1019
[ 1272152ms] [ERROR] Failed to load resource: net::ERR_CONNECTION_REFUSED @ http://localhost:8080/api/chat/history?user1=kai_test&user2=jade_test:0
[ 1272153ms] [LOG] Failed to load chat history @ http://localhost:5173/src/App.jsx:1066
[ 1274190ms] [ERROR] Failed to load resource: net::ERR_CONNECTION_REFUSED @ http://localhost:8080/api/chat/history?user1=kai_test&user2=jade_test:0
[ 1274193ms] [LOG] Failed to load chat history @ http://localhost:5173/src/App.jsx:1066
[ 1275923ms] [ERROR] Failed to load resource: net::ERR_CONNECTION_REFUSED @ http://localhost:8080/api/auth/users:0
[ 1275923ms] [LOG] Failed to load contacts @ http://localhost:5173/src/App.jsx:1009
[ 1275924ms] [ERROR] Failed to load resource: net::ERR_CONNECTION_REFUSED @ http://localhost:8080/api/groups/mine?username=kai_test:0
[ 1275924ms] [LOG] Failed to load groups @ http://localhost:5173/src/App.jsx:1019
[ 1276140ms] [ERROR] Failed to load resource: net::ERR_CONNECTION_REFUSED @ http://localhost:8080/api/chat/history?user1=kai_test&user2=jade_test:0
[ 1276140ms] [LOG] Failed to load chat history @ http://localhost:5173/src/App.jsx:1066
[ 1278141ms] [ERROR] Failed to load resource: net::ERR_CONNECTION_REFUSED @ http://localhost:8080/api/chat/history?user1=kai_test&user2=jade_test:0
[ 1278141ms] [LOG] Failed to load chat history @ http://localhost:5173/src/App.jsx:1066
[ 1280145ms] [ERROR] Failed to load resource: net::ERR_CONNECTION_REFUSED @ http://localhost:8080/api/chat/history?user1=kai_test&user2=jade_test:0
[ 1280145ms] [LOG] Failed to load chat history @ http://localhost:5173/src/App.jsx:1066
[ 1280933ms] [ERROR] Failed to load resource: net::ERR_CONNECTION_REFUSED @ http://localhost:8080/api/auth/users:0
[ 1280933ms] [LOG] Failed to load contacts @ http://localhost:5173/src/App.jsx:1009
[ 1280934ms] [ERROR] Failed to load resource: net::ERR_CONNECTION_REFUSED @ http://localhost:8080/api/groups/mine?username=kai_test:0
[ 1280934ms] [LOG] Failed to load groups @ http://localhost:5173/src/App.jsx:1019
[ 1282150ms] [ERROR] Failed to load resource: net::ERR_CONNECTION_REFUSED @ http://localhost:8080/api/chat/history?user1=kai_test&user2=jade_test:0
[ 1282150ms] [LOG] Failed to load chat history @ http://localhost:5173/src/App.jsx:1066
[ 1284152ms] [ERROR] Failed to load resource: net::ERR_CONNECTION_REFUSED @ http://localhost:8080/api/chat/history?user1=kai_test&user2=jade_test:0
[ 1284152ms] [LOG] Failed to load chat history @ http://localhost:5173/src/App.jsx:1066
[ 1285912ms] [ERROR] Failed to load resource: net::ERR_CONNECTION_REFUSED @ http://localhost:8080/api/auth/users:0
[ 1285912ms] [LOG] Failed to load contacts @ http://localhost:5173/src/App.jsx:1009
[ 1285914ms] [ERROR] Failed to load resource: net::ERR_CONNECTION_REFUSED @ http://localhost:8080/api/groups/mine?username=kai_test:0
[ 1285914ms] [LOG] Failed to load groups @ http://localhost:5173/src/App.jsx:1019
[ 1286147ms] [ERROR] Failed to load resource: net::ERR_CONNECTION_REFUSED @ http://localhost:8080/api/chat/history?user1=kai_test&user2=jade_test:0
[ 1286148ms] [LOG] Failed to load chat history @ http://localhost:5173/src/App.jsx:1066
[ 1288142ms] [ERROR] Failed to load resource: net::ERR_CONNECTION_REFUSED @ http://localhost:8080/api/chat/history?user1=kai_test&user2=jade_test:0
[ 1288142ms] [LOG] Failed to load chat history @ http://localhost:5173/src/App.jsx:1066
[ 1290141ms] [ERROR] Failed to load resource: net::ERR_CONNECTION_REFUSED @ http://localhost:8080/api/chat/history?user1=kai_test&user2=jade_test:0
[ 1290141ms] [LOG] Failed to load chat history @ http://localhost:5173/src/App.jsx:1066
[ 1290918ms] [ERROR] Failed to load resource: net::ERR_CONNECTION_REFUSED @ http://localhost:8080/api/auth/users:0
[ 1290919ms] [LOG] Failed to load contacts @ http://localhost:5173/src/App.jsx:1009
[ 1290921ms] [ERROR] Failed to load resource: net::ERR_CONNECTION_REFUSED @ http://localhost:8080/api/groups/mine?username=kai_test:0
[ 1290922ms] [LOG] Failed to load groups @ http://localhost:5173/src/App.jsx:1019
[ 1292139ms] [ERROR] Failed to load resource: net::ERR_CONNECTION_REFUSED @ http://localhost:8080/api/chat/history?user1=kai_test&user2=jade_test:0
[ 1292139ms] [LOG] Failed to load chat history @ http://localhost:5173/src/App.jsx:1066
[ 1294141ms] [ERROR] Failed to load resource: net::ERR_CONNECTION_REFUSED @ http://localhost:8080/api/chat/history?user1=kai_test&user2=jade_test:0
[ 1294141ms] [LOG] Failed to load chat history @ http://localhost:5173/src/App.jsx:1066
[ 1295920ms] [ERROR] Failed to load resource: net::ERR_CONNECTION_REFUSED @ http://localhost:8080/api/auth/users:0
[ 1295922ms] [LOG] Failed to load contacts @ http://localhost:5173/src/App.jsx:1009
[ 1295924ms] [ERROR] Failed to load resource: net::ERR_CONNECTION_REFUSED @ http://localhost:8080/api/groups/mine?username=kai_test:0
[ 1295924ms] [LOG] Failed to load groups @ http://localhost:5173/src/App.jsx:1019
[ 1296151ms] [ERROR] Failed to load resource: net::ERR_CONNECTION_REFUSED @ http://localhost:8080/api/chat/history?user1=kai_test&user2=jade_test:0
[ 1296151ms] [LOG] Failed to load chat history @ http://localhost:5173/src/App.jsx:1066
[ 1298154ms] [ERROR] Failed to load resource: net::ERR_CONNECTION_REFUSED @ http://localhost:8080/api/chat/history?user1=kai_test&user2=jade_test:0
[ 1298154ms] [LOG] Failed to load chat history @ http://localhost:5173/src/App.jsx:1066
[ 1300158ms] [ERROR] Failed to load resource: net::ERR_CONNECTION_REFUSED @ http://localhost:8080/api/chat/history?user1=kai_test&user2=jade_test:0
[ 1300160ms] [LOG] Failed to load chat history @ http://localhost:5173/src/App.jsx:1066
[ 1300920ms] [ERROR] Failed to load resource: net::ERR_CONNECTION_REFUSED @ http://localhost:8080/api/auth/users:0
[ 1300920ms] [LOG] Failed to load contacts @ http://localhost:5173/src/App.jsx:1009
[ 1300922ms] [ERROR] Failed to load resource: net::ERR_CONNECTION_REFUSED @ http://localhost:8080/api/groups/mine?username=kai_test:0
[ 1300924ms] [LOG] Failed to load groups @ http://localhost:5173/src/App.jsx:1019
[ 1302146ms] [ERROR] Failed to load resource: net::ERR_CONNECTION_REFUSED @ http://localhost:8080/api/chat/history?user1=kai_test&user2=jade_test:0
[ 1302146ms] [LOG] Failed to load chat history @ http://localhost:5173/src/App.jsx:1066
[ 1304142ms] [ERROR] Failed to load resource: net::ERR_CONNECTION_REFUSED @ http://localhost:8080/api/chat/history?user1=kai_test&user2=jade_test:0
[ 1304143ms] [LOG] Failed to load chat history @ http://localhost:5173/src/App.jsx:1066
[ 1305929ms] [ERROR] Failed to load resource: net::ERR_CONNECTION_REFUSED @ http://localhost:8080/api/auth/users:0
[ 1305929ms] [LOG] Failed to load contacts @ http://localhost:5173/src/App.jsx:1009
[ 1305929ms] [ERROR] Failed to load resource: net::ERR_CONNECTION_REFUSED @ http://localhost:8080/api/groups/mine?username=kai_test:0
[ 1305929ms] [LOG] Failed to load groups @ http://localhost:5173/src/App.jsx:1019
[ 1306275ms] [ERROR] Failed to load resource: net::ERR_CONNECTION_REFUSED @ http://localhost:8080/api/chat/history?user1=kai_test&user2=jade_test:0
[ 1306275ms] [LOG] Failed to load chat history @ http://localhost:5173/src/App.jsx:1066
[ 1308140ms] [ERROR] Failed to load resource: net::ERR_CONNECTION_REFUSED @ http://localhost:8080/api/chat/history?user1=kai_test&user2=jade_test:0
[ 1308141ms] [LOG] Failed to load chat history @ http://localhost:5173/src/App.jsx:1066
[ 1310139ms] [ERROR] Failed to load resource: net::ERR_CONNECTION_REFUSED @ http://localhost:8080/api/chat/history?user1=kai_test&user2=jade_test:0
[ 1310139ms] [LOG] Failed to load chat history @ http://localhost:5173/src/App.jsx:1066
[ 1310917ms] [ERROR] Failed to load resource: net::ERR_CONNECTION_REFUSED @ http://localhost:8080/api/auth/users:0
[ 1310917ms] [LOG] Failed to load contacts @ http://localhost:5173/src/App.jsx:1009
[ 1310919ms] [ERROR] Failed to load resource: net::ERR_CONNECTION_REFUSED @ http://localhost:8080/api/groups/mine?username=kai_test:0
[ 1310919ms] [LOG] Failed to load groups @ http://localhost:5173/src/App.jsx:1019
[ 1312149ms] [ERROR] Failed to load resource: net::ERR_CONNECTION_REFUSED @ http://localhost:8080/api/chat/history?user1=kai_test&user2=jade_test:0
[ 1312149ms] [LOG] Failed to load chat history @ http://localhost:5173/src/App.jsx:1066
[ 1314152ms] [ERROR] Failed to load resource: net::ERR_CONNECTION_REFUSED @ http://localhost:8080/api/chat/history?user1=kai_test&user2=jade_test:0
[ 1314152ms] [LOG] Failed to load chat history @ http://localhost:5173/src/App.jsx:1066
[ 1315917ms] [ERROR] Failed to load resource: net::ERR_CONNECTION_REFUSED @ http://localhost:8080/api/auth/users:0
[ 1315917ms] [LOG] Failed to load contacts @ http://localhost:5173/src/App.jsx:1009
[ 1315918ms] [ERROR] Failed to load resource: net::ERR_CONNECTION_REFUSED @ http://localhost:8080/api/groups/mine?username=kai_test:0
[ 1315919ms] [LOG] Failed to load groups @ http://localhost:5173/src/App.jsx:1019
[ 1316138ms] [ERROR] Failed to load resource: net::ERR_CONNECTION_REFUSED @ http://localhost:8080/api/chat/history?user1=kai_test&user2=jade_test:0
[ 1316138ms] [LOG] Failed to load chat history @ http://localhost:5173/src/App.jsx:1066
[ 1318148ms] [ERROR] Failed to load resource: net::ERR_CONNECTION_REFUSED @ http://localhost:8080/api/chat/history?user1=kai_test&user2=jade_test:0
[ 1318148ms] [LOG] Failed to load chat history @ http://localhost:5173/src/App.jsx:1066
[ 1322029ms] [ERROR] Failed to load resource: net::ERR_CONNECTION_REFUSED @ http://localhost:8080/api/chat/history?user1=kai_test&user2=jade_test:0
[ 1322029ms] [LOG] Failed to load chat history @ http://localhost:5173/src/App.jsx:1066
[ 1322032ms] [ERROR] Failed to load resource: net::ERR_CONNECTION_REFUSED @ http://localhost:8080/api/auth/users:0
[ 1322032ms] [LOG] Failed to load contacts @ http://localhost:5173/src/App.jsx:1009
[ 1322033ms] [ERROR] Failed to load resource: net::ERR_CONNECTION_REFUSED @ http://localhost:8080/api/groups/mine?username=kai_test:0
[ 1322033ms] [LOG] Failed to load groups @ http://localhost:5173/src/App.jsx:1019
[ 1322146ms] [ERROR] Failed to load resource: net::ERR_CONNECTION_REFUSED @ http://localhost:8080/api/chat/history?user1=kai_test&user2=jade_test:0
[ 1322146ms] [LOG] Failed to load chat history @ http://localhost:5173/src/App.jsx:1066
[ 1324143ms] [ERROR] Failed to load resource: net::ERR_CONNECTION_REFUSED @ http://localhost:8080/api/chat/history?user1=kai_test&user2=jade_test:0
[ 1324143ms] [LOG] Failed to load chat history @ http://localhost:5173/src/App.jsx:1066
[ 1325908ms] [ERROR] Failed to load resource: net::ERR_CONNECTION_REFUSED @ http://localhost:8080/api/auth/users:0
[ 1325908ms] [LOG] Failed to load contacts @ http://localhost:5173/src/App.jsx:1009
[ 1325910ms] [ERROR] Failed to load resource: net::ERR_CONNECTION_REFUSED @ http://localhost:8080/api/groups/mine?username=kai_test:0
[ 1325910ms] [LOG] Failed to load groups @ http://localhost:5173/src/App.jsx:1019
[ 1326143ms] [ERROR] Failed to load resource: net::ERR_CONNECTION_REFUSED @ http://localhost:8080/api/chat/history?user1=kai_test&user2=jade_test:0
[ 1326143ms] [LOG] Failed to load chat history @ http://localhost:5173/src/App.jsx:1066
[ 1328139ms] [ERROR] Failed to load resource: net::ERR_CONNECTION_REFUSED @ http://localhost:8080/api/chat/history?user1=kai_test&user2=jade_test:0
[ 1328140ms] [LOG] Failed to load chat history @ http://localhost:5173/src/App.jsx:1066
[ 1330142ms] [ERROR] Failed to load resource: net::ERR_CONNECTION_REFUSED @ http://localhost:8080/api/chat/history?user1=kai_test&user2=jade_test:0
[ 1330143ms] [LOG] Failed to load chat history @ http://localhost:5173/src/App.jsx:1066
[ 1330907ms] [ERROR] Failed to load resource: net::ERR_CONNECTION_REFUSED @ http://localhost:8080/api/auth/users:0
[ 1330908ms] [LOG] Failed to load contacts @ http://localhost:5173/src/App.jsx:1009
[ 1330910ms] [ERROR] Failed to load resource: net::ERR_CONNECTION_REFUSED @ http://localhost:8080/api/groups/mine?username=kai_test:0
[ 1330910ms] [LOG] Failed to load groups @ http://localhost:5173/src/App.jsx:1019
[ 1332148ms] [ERROR] Failed to load resource: net::ERR_CONNECTION_REFUSED @ http://localhost:8080/api/chat/history?user1=kai_test&user2=jade_test:0
[ 1332148ms] [LOG] Failed to load chat history @ http://localhost:5173/src/App.jsx:1066
[ 1334137ms] [ERROR] Failed to load resource: net::ERR_CONNECTION_REFUSED @ http://localhost:8080/api/chat/history?user1=kai_test&user2=jade_test:0
[ 1334137ms] [LOG] Failed to load chat history @ http://localhost:5173/src/App.jsx:1066
[ 1335919ms] [ERROR] Failed to load resource: net::ERR_CONNECTION_REFUSED @ http://localhost:8080/api/auth/users:0
[ 1335919ms] [LOG] Failed to load contacts @ http://localhost:5173/src/App.jsx:1009
[ 1335920ms] [ERROR] Failed to load resource: net::ERR_CONNECTION_REFUSED @ http://localhost:8080/api/groups/mine?username=kai_test:0
[ 1335920ms] [LOG] Failed to load groups @ http://localhost:5173/src/App.jsx:1019
[ 1336151ms] [ERROR] Failed to load resource: net::ERR_CONNECTION_REFUSED @ http://localhost:8080/api/chat/history?user1=kai_test&user2=jade_test:0
[ 1336151ms] [LOG] Failed to load chat history @ http://localhost:5173/src/App.jsx:1066
[ 1338138ms] [ERROR] Failed to load resource: net::ERR_CONNECTION_REFUSED @ http://localhost:8080/api/chat/history?user1=kai_test&user2=jade_test:0
[ 1338139ms] [LOG] Failed to load chat history @ http://localhost:5173/src/App.jsx:1066
[ 1340138ms] [ERROR] Failed to load resource: net::ERR_CONNECTION_REFUSED @ http://localhost:8080/api/chat/history?user1=kai_test&user2=jade_test:0
[ 1340139ms] [LOG] Failed to load chat history @ http://localhost:5173/src/App.jsx:1066
[ 1340910ms] [ERROR] Failed to load resource: net::ERR_CONNECTION_REFUSED @ http://localhost:8080/api/auth/users:0
[ 1340912ms] [LOG] Failed to load contacts @ http://localhost:5173/src/App.jsx:1009
[ 1340913ms] [ERROR] Failed to load resource: net::ERR_CONNECTION_REFUSED @ http://localhost:8080/api/groups/mine?username=kai_test:0
[ 1340914ms] [LOG] Failed to load groups @ http://localhost:5173/src/App.jsx:1019
[ 1342142ms] [ERROR] Failed to load resource: net::ERR_CONNECTION_REFUSED @ http://localhost:8080/api/chat/history?user1=kai_test&user2=jade_test:0
[ 1342142ms] [LOG] Failed to load chat history @ http://localhost:5173/src/App.jsx:1066
[ 1344152ms] [ERROR] Failed to load resource: net::ERR_CONNECTION_REFUSED @ http://localhost:8080/api/chat/history?user1=kai_test&user2=jade_test:0
[ 1344152ms] [LOG] Failed to load chat history @ http://localhost:5173/src/App.jsx:1066
[ 1345914ms] [ERROR] Failed to load resource: net::ERR_CONNECTION_REFUSED @ http://localhost:8080/api/auth/users:0
[ 1345914ms] [LOG] Failed to load contacts @ http://localhost:5173/src/App.jsx:1009
[ 1345915ms] [ERROR] Failed to load resource: net::ERR_CONNECTION_REFUSED @ http://localhost:8080/api/groups/mine?username=kai_test:0
[ 1345915ms] [LOG] Failed to load groups @ http://localhost:5173/src/App.jsx:1019
[ 1346149ms] [ERROR] Failed to load resource: net::ERR_CONNECTION_REFUSED @ http://localhost:8080/api/chat/history?user1=kai_test&user2=jade_test:0
[ 1346149ms] [LOG] Failed to load chat history @ http://localhost:5173/src/App.jsx:1066
[ 1348144ms] [ERROR] Failed to load resource: net::ERR_CONNECTION_REFUSED @ http://localhost:8080/api/chat/history?user1=kai_test&user2=jade_test:0
[ 1348144ms] [LOG] Failed to load chat history @ http://localhost:5173/src/App.jsx:1066
[ 1350140ms] [ERROR] Failed to load resource: net::ERR_CONNECTION_REFUSED @ http://localhost:8080/api/chat/history?user1=kai_test&user2=jade_test:0
[ 1350140ms] [LOG] Failed to load chat history @ http://localhost:5173/src/App.jsx:1066
[ 1350907ms] [ERROR] Failed to load resource: net::ERR_CONNECTION_REFUSED @ http://localhost:8080/api/auth/users:0
[ 1350908ms] [LOG] Failed to load contacts @ http://localhost:5173/src/App.jsx:1009
[ 1350909ms] [ERROR] Failed to load resource: net::ERR_CONNECTION_REFUSED @ http://localhost:8080/api/groups/mine?username=kai_test:0
[ 1350910ms] [LOG] Failed to load groups @ http://localhost:5173/src/App.jsx:1019
[ 1352149ms] [ERROR] Failed to load resource: net::ERR_CONNECTION_REFUSED @ http://localhost:8080/api/chat/history?user1=kai_test&user2=jade_test:0
[ 1352149ms] [LOG] Failed to load chat history @ http://localhost:5173/src/App.jsx:1066
[ 1354138ms] [ERROR] Failed to load resource: net::ERR_CONNECTION_REFUSED @ http://localhost:8080/api/chat/history?user1=kai_test&user2=jade_test:0
[ 1354138ms] [LOG] Failed to load chat history @ http://localhost:5173/src/App.jsx:1066
[ 1355920ms] [ERROR] Failed to load resource: net::ERR_CONNECTION_REFUSED @ http://localhost:8080/api/auth/users:0
[ 1355920ms] [LOG] Failed to load contacts @ http://localhost:5173/src/App.jsx:1009
[ 1355922ms] [ERROR] Failed to load resource: net::ERR_CONNECTION_REFUSED @ http://localhost:8080/api/groups/mine?username=kai_test:0
[ 1355922ms] [LOG] Failed to load groups @ http://localhost:5173/src/App.jsx:1019
[ 1356151ms] [ERROR] Failed to load resource: net::ERR_CONNECTION_REFUSED @ http://localhost:8080/api/chat/history?user1=kai_test&user2=jade_test:0
[ 1356151ms] [LOG] Failed to load chat history @ http://localhost:5173/src/App.jsx:1066
[ 1358144ms] [ERROR] Failed to load resource: net::ERR_CONNECTION_REFUSED @ http://localhost:8080/api/chat/history?user1=kai_test&user2=jade_test:0
[ 1358144ms] [LOG] Failed to load chat history @ http://localhost:5173/src/App.jsx:1066
[ 1360150ms] [ERROR] Failed to load resource: net::ERR_CONNECTION_REFUSED @ http://localhost:8080/api/chat/history?user1=kai_test&user2=jade_test:0
[ 1360150ms] [LOG] Failed to load chat history @ http://localhost:5173/src/App.jsx:1066
[ 1360928ms] [ERROR] Failed to load resource: net::ERR_CONNECTION_REFUSED @ http://localhost:8080/api/auth/users:0
[ 1360928ms] [LOG] Failed to load contacts @ http://localhost:5173/src/App.jsx:1009
[ 1360929ms] [ERROR] Failed to load resource: net::ERR_CONNECTION_REFUSED @ http://localhost:8080/api/groups/mine?username=kai_test:0
[ 1360930ms] [LOG] Failed to load groups @ http://localhost:5173/src/App.jsx:1019
[ 1362150ms] [ERROR] Failed to load resource: net::ERR_CONNECTION_REFUSED @ http://localhost:8080/api/chat/history?user1=kai_test&user2=jade_test:0
[ 1362150ms] [LOG] Failed to load chat history @ http://localhost:5173/src/App.jsx:1066
[ 1364137ms] [ERROR] Failed to load resource: net::ERR_CONNECTION_REFUSED @ http://localhost:8080/api/chat/history?user1=kai_test&user2=jade_test:0
[ 1364137ms] [LOG] Failed to load chat history @ http://localhost:5173/src/App.jsx:1066
[ 1365912ms] [ERROR] Failed to load resource: net::ERR_CONNECTION_REFUSED @ http://localhost:8080/api/auth/users:0
[ 1365913ms] [LOG] Failed to load contacts @ http://localhost:5173/src/App.jsx:1009
[ 1365914ms] [ERROR] Failed to load resource: net::ERR_CONNECTION_REFUSED @ http://localhost:8080/api/groups/mine?username=kai_test:0
[ 1365915ms] [LOG] Failed to load groups @ http://localhost:5173/src/App.jsx:1019
[ 1366144ms] [ERROR] Failed to load resource: net::ERR_CONNECTION_REFUSED @ http://localhost:8080/api/chat/history?user1=kai_test&user2=jade_test:0
[ 1366144ms] [LOG] Failed to load chat history @ http://localhost:5173/src/App.jsx:1066
[ 1368147ms] [ERROR] Failed to load resource: net::ERR_CONNECTION_REFUSED @ http://localhost:8080/api/chat/history?user1=kai_test&user2=jade_test:0
[ 1368147ms] [LOG] Failed to load chat history @ http://localhost:5173/src/App.jsx:1066
[ 1370143ms] [ERROR] Failed to load resource: net::ERR_CONNECTION_REFUSED @ http://localhost:8080/api/chat/history?user1=kai_test&user2=jade_test:0
[ 1370143ms] [LOG] Failed to load chat history @ http://localhost:5173/src/App.jsx:1066
[ 1370908ms] [ERROR] Failed to load resource: net::ERR_CONNECTION_REFUSED @ http://localhost:8080/api/auth/users:0
[ 1370908ms] [LOG] Failed to load contacts @ http://localhost:5173/src/App.jsx:1009
[ 1370910ms] [ERROR] Failed to load resource: net::ERR_CONNECTION_REFUSED @ http://localhost:8080/api/groups/mine?username=kai_test:0
[ 1370911ms] [LOG] Failed to load groups @ http://localhost:5173/src/App.jsx:1019
[ 1372147ms] [ERROR] Failed to load resource: net::ERR_CONNECTION_REFUSED @ http://localhost:8080/api/chat/history?user1=kai_test&user2=jade_test:0
[ 1372147ms] [LOG] Failed to load chat history @ http://localhost:5173/src/App.jsx:1066
[ 1374138ms] [ERROR] Failed to load resource: net::ERR_CONNECTION_REFUSED @ http://localhost:8080/api/chat/history?user1=kai_test&user2=jade_test:0
[ 1374138ms] [LOG] Failed to load chat history @ http://localhost:5173/src/App.jsx:1066
[ 1375917ms] [ERROR] Failed to load resource: net::ERR_CONNECTION_REFUSED @ http://localhost:8080/api/auth/users:0
[ 1375918ms] [LOG] Failed to load contacts @ http://localhost:5173/src/App.jsx:1009
[ 1375920ms] [ERROR] Failed to load resource: net::ERR_CONNECTION_REFUSED @ http://localhost:8080/api/groups/mine?username=kai_test:0
[ 1375921ms] [LOG] Failed to load groups @ http://localhost:5173/src/App.jsx:1019
[ 1376145ms] [ERROR] Failed to load resource: net::ERR_CONNECTION_REFUSED @ http://localhost:8080/api/chat/history?user1=kai_test&user2=jade_test:0
[ 1376145ms] [LOG] Failed to load chat history @ http://localhost:5173/src/App.jsx:1066
[ 1378140ms] [ERROR] Failed to load resource: net::ERR_CONNECTION_REFUSED @ http://localhost:8080/api/chat/history?user1=kai_test&user2=jade_test:0
[ 1378140ms] [LOG] Failed to load chat history @ http://localhost:5173/src/App.jsx:1066
[ 1380139ms] [ERROR] Failed to load resource: net::ERR_CONNECTION_REFUSED @ http://localhost:8080/api/chat/history?user1=kai_test&user2=jade_test:0
[ 1380139ms] [LOG] Failed to load chat history @ http://localhost:5173/src/App.jsx:1066
[ 1380910ms] [ERROR] Failed to load resource: net::ERR_CONNECTION_REFUSED @ http://localhost:8080/api/auth/users:0
[ 1380910ms] [LOG] Failed to load contacts @ http://localhost:5173/src/App.jsx:1009
[ 1380912ms] [ERROR] Failed to load resource: net::ERR_CONNECTION_REFUSED @ http://localhost:8080/api/groups/mine?username=kai_test:0
[ 1380912ms] [LOG] Failed to load groups @ http://localhost:5173/src/App.jsx:1019
[ 1382147ms] [ERROR] Failed to load resource: net::ERR_CONNECTION_REFUSED @ http://localhost:8080/api/chat/history?user1=kai_test&user2=jade_test:0
[ 1382147ms] [LOG] Failed to load chat history @ http://localhost:5173/src/App.jsx:1066
[ 1384142ms] [ERROR] Failed to load resource: net::ERR_CONNECTION_REFUSED @ http://localhost:8080/api/chat/history?user1=kai_test&user2=jade_test:0
[ 1384142ms] [LOG] Failed to load chat history @ http://localhost:5173/src/App.jsx:1066
[ 1385917ms] [ERROR] Failed to load resource: net::ERR_CONNECTION_REFUSED @ http://localhost:8080/api/auth/users:0
[ 1385917ms] [LOG] Failed to load contacts @ http://localhost:5173/src/App.jsx:1009
[ 1385919ms] [ERROR] Failed to load resource: net::ERR_CONNECTION_REFUSED @ http://localhost:8080/api/groups/mine?username=kai_test:0
[ 1385919ms] [LOG] Failed to load groups @ http://localhost:5173/src/App.jsx:1019
[ 1386151ms] [ERROR] Failed to load resource: net::ERR_CONNECTION_REFUSED @ http://localhost:8080/api/chat/history?user1=kai_test&user2=jade_test:0
[ 1386151ms] [LOG] Failed to load chat history @ http://localhost:5173/src/App.jsx:1066
[ 1388153ms] [ERROR] Failed to load resource: net::ERR_CONNECTION_REFUSED @ http://localhost:8080/api/chat/history?user1=kai_test&user2=jade_test:0
[ 1388153ms] [LOG] Failed to load chat history @ http://localhost:5173/src/App.jsx:1066
[ 1390150ms] [ERROR] Failed to load resource: net::ERR_CONNECTION_REFUSED @ http://localhost:8080/api/chat/history?user1=kai_test&user2=jade_test:0
[ 1390150ms] [LOG] Failed to load chat history @ http://localhost:5173/src/App.jsx:1066
[ 1390916ms] [ERROR] Failed to load resource: net::ERR_CONNECTION_REFUSED @ http://localhost:8080/api/auth/users:0
[ 1390916ms] [LOG] Failed to load contacts @ http://localhost:5173/src/App.jsx:1009
[ 1390917ms] [ERROR] Failed to load resource: net::ERR_CONNECTION_REFUSED @ http://localhost:8080/api/groups/mine?username=kai_test:0
[ 1390917ms] [LOG] Failed to load groups @ http://localhost:5173/src/App.jsx:1019
[ 1392142ms] [ERROR] Failed to load resource: net::ERR_CONNECTION_REFUSED @ http://localhost:8080/api/chat/history?user1=kai_test&user2=jade_test:0
[ 1392142ms] [LOG] Failed to load chat history @ http://localhost:5173/src/App.jsx:1066
[ 1394141ms] [ERROR] Failed to load resource: net::ERR_CONNECTION_REFUSED @ http://localhost:8080/api/chat/history?user1=kai_test&user2=jade_test:0
[ 1394142ms] [LOG] Failed to load chat history @ http://localhost:5173/src/App.jsx:1066
[ 1395978ms] [ERROR] Failed to load resource: net::ERR_CONNECTION_REFUSED @ http://localhost:8080/api/auth/users:0
[ 1395978ms] [LOG] Failed to load contacts @ http://localhost:5173/src/App.jsx:1009
[ 1395979ms] [ERROR] Failed to load resource: net::ERR_CONNECTION_REFUSED @ http://localhost:8080/api/groups/mine?username=kai_test:0
[ 1395979ms] [LOG] Failed to load groups @ http://localhost:5173/src/App.jsx:1019
[ 1396149ms] [ERROR] Failed to load resource: net::ERR_CONNECTION_REFUSED @ http://localhost:8080/api/chat/history?user1=kai_test&user2=jade_test:0
[ 1396149ms] [LOG] Failed to load chat history @ http://localhost:5173/src/App.jsx:1066
[ 1398138ms] [ERROR] Failed to load resource: net::ERR_CONNECTION_REFUSED @ http://localhost:8080/api/chat/history?user1=kai_test&user2=jade_test:0
[ 1398138ms] [LOG] Failed to load chat history @ http://localhost:5173/src/App.jsx:1066
[ 1400150ms] [ERROR] Failed to load resource: net::ERR_CONNECTION_REFUSED @ http://localhost:8080/api/chat/history?user1=kai_test&user2=jade_test:0
[ 1400150ms] [LOG] Failed to load chat history @ http://localhost:5173/src/App.jsx:1066
[ 1400906ms] [ERROR] Failed to load resource: net::ERR_CONNECTION_REFUSED @ http://localhost:8080/api/auth/users:0
[ 1400907ms] [LOG] Failed to load contacts @ http://localhost:5173/src/App.jsx:1009
[ 1400910ms] [ERROR] Failed to load resource: net::ERR_CONNECTION_REFUSED @ http://localhost:8080/api/groups/mine?username=kai_test:0
[ 1400910ms] [LOG] Failed to load groups @ http://localhost:5173/src/App.jsx:1019
[ 1402141ms] [ERROR] Failed to load resource: net::ERR_CONNECTION_REFUSED @ http://localhost:8080/api/chat/history?user1=kai_test&user2=jade_test:0
[ 1402141ms] [LOG] Failed to load chat history @ http://localhost:5173/src/App.jsx:1066
[ 1404145ms] [ERROR] Failed to load resource: net::ERR_CONNECTION_REFUSED @ http://localhost:8080/api/chat/history?user1=kai_test&user2=jade_test:0
[ 1404145ms] [LOG] Failed to load chat history @ http://localhost:5173/src/App.jsx:1066
[ 1405915ms] [ERROR] Failed to load resource: net::ERR_CONNECTION_REFUSED @ http://localhost:8080/api/auth/users:0
[ 1405915ms] [LOG] Failed to load contacts @ http://localhost:5173/src/App.jsx:1009
[ 1405916ms] [ERROR] Failed to load resource: net::ERR_CONNECTION_REFUSED @ http://localhost:8080/api/groups/mine?username=kai_test:0
[ 1405917ms] [LOG] Failed to load groups @ http://localhost:5173/src/App.jsx:1019
[ 1406153ms] [ERROR] Failed to load resource: net::ERR_CONNECTION_REFUSED @ http://localhost:8080/api/chat/history?user1=kai_test&user2=jade_test:0
[ 1406154ms] [LOG] Failed to load chat history @ http://localhost:5173/src/App.jsx:1066
[ 1408145ms] [ERROR] Failed to load resource: net::ERR_CONNECTION_REFUSED @ http://localhost:8080/api/chat/history?user1=kai_test&user2=jade_test:0
[ 1408145ms] [LOG] Failed to load chat history @ http://localhost:5173/src/App.jsx:1066
[ 1410149ms] [ERROR] Failed to load resource: net::ERR_CONNECTION_REFUSED @ http://localhost:8080/api/chat/history?user1=kai_test&user2=jade_test:0
[ 1410150ms] [LOG] Failed to load chat history @ http://localhost:5173/src/App.jsx:1066
[ 1410915ms] [ERROR] Failed to load resource: net::ERR_CONNECTION_REFUSED @ http://localhost:8080/api/auth/users:0
[ 1410915ms] [LOG] Failed to load contacts @ http://localhost:5173/src/App.jsx:1009
[ 1410915ms] [ERROR] Failed to load resource: net::ERR_CONNECTION_REFUSED @ http://localhost:8080/api/groups/mine?username=kai_test:0
[ 1410915ms] [LOG] Failed to load groups @ http://localhost:5173/src/App.jsx:1019
[ 1412214ms] [ERROR] Failed to load resource: net::ERR_CONNECTION_REFUSED @ http://localhost:8080/api/chat/history?user1=kai_test&user2=jade_test:0
[ 1412214ms] [LOG] Failed to load chat history @ http://localhost:5173/src/App.jsx:1066
[ 1414141ms] [ERROR] Failed to load resource: net::ERR_CONNECTION_REFUSED @ http://localhost:8080/api/chat/history?user1=kai_test&user2=jade_test:0
[ 1414142ms] [LOG] Failed to load chat history @ http://localhost:5173/src/App.jsx:1066
[ 1415907ms] [ERROR] Failed to load resource: net::ERR_CONNECTION_REFUSED @ http://localhost:8080/api/auth/users:0
[ 1415909ms] [LOG] Failed to load contacts @ http://localhost:5173/src/App.jsx:1009
[ 1415911ms] [ERROR] Failed to load resource: net::ERR_CONNECTION_REFUSED @ http://localhost:8080/api/groups/mine?username=kai_test:0
[ 1415911ms] [LOG] Failed to load groups @ http://localhost:5173/src/App.jsx:1019
[ 1416140ms] [ERROR] Failed to load resource: net::ERR_CONNECTION_REFUSED @ http://localhost:8080/api/chat/history?user1=kai_test&user2=jade_test:0
[ 1416140ms] [LOG] Failed to load chat history @ http://localhost:5173/src/App.jsx:1066
[ 1418151ms] [ERROR] Failed to load resource: net::ERR_CONNECTION_REFUSED @ http://localhost:8080/api/chat/history?user1=kai_test&user2=jade_test:0
[ 1418151ms] [LOG] Failed to load chat history @ http://localhost:5173/src/App.jsx:1066
[ 1420144ms] [ERROR] Failed to load resource: net::ERR_CONNECTION_REFUSED @ http://localhost:8080/api/chat/history?user1=kai_test&user2=jade_test:0
[ 1420144ms] [LOG] Failed to load chat history @ http://localhost:5173/src/App.jsx:1066
[ 1420912ms] [ERROR] Failed to load resource: net::ERR_CONNECTION_REFUSED @ http://localhost:8080/api/auth/users:0
[ 1420913ms] [LOG] Failed to load contacts @ http://localhost:5173/src/App.jsx:1009
[ 1420915ms] [ERROR] Failed to load resource: net::ERR_CONNECTION_REFUSED @ http://localhost:8080/api/groups/mine?username=kai_test:0
[ 1420916ms] [LOG] Failed to load groups @ http://localhost:5173/src/App.jsx:1019
[ 1422148ms] [ERROR] Failed to load resource: net::ERR_CONNECTION_REFUSED @ http://localhost:8080/api/chat/history?user1=kai_test&user2=jade_test:0
[ 1422149ms] [LOG] Failed to load chat history @ http://localhost:5173/src/App.jsx:1066
[ 1424152ms] [ERROR] Failed to load resource: net::ERR_CONNECTION_REFUSED @ http://localhost:8080/api/chat/history?user1=kai_test&user2=jade_test:0
[ 1424152ms] [LOG] Failed to load chat history @ http://localhost:5173/src/App.jsx:1066
[ 1425916ms] [ERROR] Failed to load resource: net::ERR_CONNECTION_REFUSED @ http://localhost:8080/api/auth/users:0
[ 1425916ms] [LOG] Failed to load contacts @ http://localhost:5173/src/App.jsx:1009
[ 1425918ms] [ERROR] Failed to load resource: net::ERR_CONNECTION_REFUSED @ http://localhost:8080/api/groups/mine?username=kai_test:0
[ 1425918ms] [LOG] Failed to load groups @ http://localhost:5173/src/App.jsx:1019
[ 1426140ms] [ERROR] Failed to load resource: net::ERR_CONNECTION_REFUSED @ http://localhost:8080/api/chat/history?user1=kai_test&user2=jade_test:0
[ 1426140ms] [LOG] Failed to load chat history @ http://localhost:5173/src/App.jsx:1066
[ 1428140ms] [ERROR] Failed to load resource: net::ERR_CONNECTION_REFUSED @ http://localhost:8080/api/chat/history?user1=kai_test&user2=jade_test:0
[ 1428140ms] [LOG] Failed to load chat history @ http://localhost:5173/src/App.jsx:1066
[ 1430146ms] [ERROR] Failed to load resource: net::ERR_CONNECTION_REFUSED @ http://localhost:8080/api/chat/history?user1=kai_test&user2=jade_test:0
[ 1430146ms] [LOG] Failed to load chat history @ http://localhost:5173/src/App.jsx:1066
[ 1430906ms] [ERROR] Failed to load resource: net::ERR_CONNECTION_REFUSED @ http://localhost:8080/api/auth/users:0
[ 1430906ms] [LOG] Failed to load contacts @ http://localhost:5173/src/App.jsx:1009
[ 1430908ms] [ERROR] Failed to load resource: net::ERR_CONNECTION_REFUSED @ http://localhost:8080/api/groups/mine?username=kai_test:0
[ 1430909ms] [LOG] Failed to load groups @ http://localhost:5173/src/App.jsx:1019
[ 1432139ms] [ERROR] Failed to load resource: net::ERR_CONNECTION_REFUSED @ http://localhost:8080/api/chat/history?user1=kai_test&user2=jade_test:0
[ 1432139ms] [LOG] Failed to load chat history @ http://localhost:5173/src/App.jsx:1066
[ 1434154ms] [ERROR] Failed to load resource: net::ERR_CONNECTION_REFUSED @ http://localhost:8080/api/chat/history?user1=kai_test&user2=jade_test:0
[ 1434156ms] [LOG] Failed to load chat history @ http://localhost:5173/src/App.jsx:1066
[ 1435913ms] [ERROR] Failed to load resource: net::ERR_CONNECTION_REFUSED @ http://localhost:8080/api/auth/users:0
[ 1435913ms] [LOG] Failed to load contacts @ http://localhost:5173/src/App.jsx:1009
[ 1435914ms] [ERROR] Failed to load resource: net::ERR_CONNECTION_REFUSED @ http://localhost:8080/api/groups/mine?username=kai_test:0
[ 1435915ms] [LOG] Failed to load groups @ http://localhost:5173/src/App.jsx:1019
[ 1436150ms] [ERROR] Failed to load resource: net::ERR_CONNECTION_REFUSED @ http://localhost:8080/api/chat/history?user1=kai_test&user2=jade_test:0
[ 1436151ms] [LOG] Failed to load chat history @ http://localhost:5173/src/App.jsx:1066
[ 1438147ms] [ERROR] Failed to load resource: net::ERR_CONNECTION_REFUSED @ http://localhost:8080/api/chat/history?user1=kai_test&user2=jade_test:0
[ 1438147ms] [LOG] Failed to load chat history @ http://localhost:5173/src/App.jsx:1066
[ 1440138ms] [ERROR] Failed to load resource: net::ERR_CONNECTION_REFUSED @ http://localhost:8080/api/chat/history?user1=kai_test&user2=jade_test:0
[ 1440139ms] [LOG] Failed to load chat history @ http://localhost:5173/src/App.jsx:1066
[ 1440913ms] [ERROR] Failed to load resource: net::ERR_CONNECTION_REFUSED @ http://localhost:8080/api/auth/users:0
[ 1440913ms] [LOG] Failed to load contacts @ http://localhost:5173/src/App.jsx:1009
[ 1440915ms] [ERROR] Failed to load resource: net::ERR_CONNECTION_REFUSED @ http://localhost:8080/api/groups/mine?username=kai_test:0
[ 1440915ms] [LOG] Failed to load groups @ http://localhost:5173/src/App.jsx:1019
[ 1442150ms] [ERROR] Failed to load resource: net::ERR_CONNECTION_REFUSED @ http://localhost:8080/api/chat/history?user1=kai_test&user2=jade_test:0
[ 1442150ms] [LOG] Failed to load chat history @ http://localhost:5173/src/App.jsx:1066
[ 1444140ms] [ERROR] Failed to load resource: net::ERR_CONNECTION_REFUSED @ http://localhost:8080/api/chat/history?user1=kai_test&user2=jade_test:0
[ 1444140ms] [LOG] Failed to load chat history @ http://localhost:5173/src/App.jsx:1066
[ 1445915ms] [ERROR] Failed to load resource: net::ERR_CONNECTION_REFUSED @ http://localhost:8080/api/auth/users:0
[ 1445915ms] [LOG] Failed to load contacts @ http://localhost:5173/src/App.jsx:1009
[ 1445918ms] [ERROR] Failed to load resource: net::ERR_CONNECTION_REFUSED @ http://localhost:8080/api/groups/mine?username=kai_test:0
[ 1445920ms] [LOG] Failed to load groups @ http://localhost:5173/src/App.jsx:1019
[ 1446149ms] [ERROR] Failed to load resource: net::ERR_CONNECTION_REFUSED @ http://localhost:8080/api/chat/history?user1=kai_test&user2=jade_test:0
[ 1446149ms] [LOG] Failed to load chat history @ http://localhost:5173/src/App.jsx:1066
[ 1448142ms] [ERROR] Failed to load resource: net::ERR_CONNECTION_REFUSED @ http://localhost:8080/api/chat/history?user1=kai_test&user2=jade_test:0
[ 1448142ms] [LOG] Failed to load chat history @ http://localhost:5173/src/App.jsx:1066
[ 1450143ms] [ERROR] Failed to load resource: net::ERR_CONNECTION_REFUSED @ http://localhost:8080/api/chat/history?user1=kai_test&user2=jade_test:0
[ 1450143ms] [LOG] Failed to load chat history @ http://localhost:5173/src/App.jsx:1066
[ 1450913ms] [ERROR] Failed to load resource: net::ERR_CONNECTION_REFUSED @ http://localhost:8080/api/auth/users:0
[ 1450913ms] [LOG] Failed to load contacts @ http://localhost:5173/src/App.jsx:1009
[ 1450915ms] [ERROR] Failed to load resource: net::ERR_CONNECTION_REFUSED @ http://localhost:8080/api/groups/mine?username=kai_test:0
[ 1450916ms] [LOG] Failed to load groups @ http://localhost:5173/src/App.jsx:1019
[ 1452153ms] [ERROR] Failed to load resource: net::ERR_CONNECTION_REFUSED @ http://localhost:8080/api/chat/history?user1=kai_test&user2=jade_test:0
[ 1452153ms] [LOG] Failed to load chat history @ http://localhost:5173/src/App.jsx:1066
[ 1454144ms] [ERROR] Failed to load resource: net::ERR_CONNECTION_REFUSED @ http://localhost:8080/api/chat/history?user1=kai_test&user2=jade_test:0
[ 1454144ms] [LOG] Failed to load chat history @ http://localhost:5173/src/App.jsx:1066
[ 1455904ms] [ERROR] Failed to load resource: net::ERR_CONNECTION_REFUSED @ http://localhost:8080/api/auth/users:0
[ 1455904ms] [LOG] Failed to load contacts @ http://localhost:5173/src/App.jsx:1009
[ 1455906ms] [ERROR] Failed to load resource: net::ERR_CONNECTION_REFUSED @ http://localhost:8080/api/groups/mine?username=kai_test:0
[ 1455906ms] [LOG] Failed to load groups @ http://localhost:5173/src/App.jsx:1019
[ 1456152ms] [ERROR] Failed to load resource: net::ERR_CONNECTION_REFUSED @ http://localhost:8080/api/chat/history?user1=kai_test&user2=jade_test:0
[ 1456152ms] [LOG] Failed to load chat history @ http://localhost:5173/src/App.jsx:1066
[ 1458149ms] [ERROR] Failed to load resource: net::ERR_CONNECTION_REFUSED @ http://localhost:8080/api/chat/history?user1=kai_test&user2=jade_test:0
[ 1458150ms] [LOG] Failed to load chat history @ http://localhost:5173/src/App.jsx:1066
[ 1460152ms] [ERROR] Failed to load resource: net::ERR_CONNECTION_REFUSED @ http://localhost:8080/api/chat/history?user1=kai_test&user2=jade_test:0
[ 1460152ms] [LOG] Failed to load chat history @ http://localhost:5173/src/App.jsx:1066
[ 1460903ms] [ERROR] Failed to load resource: net::ERR_CONNECTION_REFUSED @ http://localhost:8080/api/auth/users:0
[ 1460903ms] [LOG] Failed to load contacts @ http://localhost:5173/src/App.jsx:1009
[ 1460905ms] [ERROR] Failed to load resource: net::ERR_CONNECTION_REFUSED @ http://localhost:8080/api/groups/mine?username=kai_test:0
[ 1460905ms] [LOG] Failed to load groups @ http://localhost:5173/src/App.jsx:1019
[ 1462140ms] [ERROR] Failed to load resource: net::ERR_CONNECTION_REFUSED @ http://localhost:8080/api/chat/history?user1=kai_test&user2=jade_test:0
[ 1462141ms] [LOG] Failed to load chat history @ http://localhost:5173/src/App.jsx:1066
[ 1464139ms] [ERROR] Failed to load resource: net::ERR_CONNECTION_REFUSED @ http://localhost:8080/api/chat/history?user1=kai_test&user2=jade_test:0
[ 1464141ms] [LOG] Failed to load chat history @ http://localhost:5173/src/App.jsx:1066
[ 1465906ms] [ERROR] Failed to load resource: net::ERR_CONNECTION_REFUSED @ http://localhost:8080/api/auth/users:0
[ 1465906ms] [LOG] Failed to load contacts @ http://localhost:5173/src/App.jsx:1009
[ 1465907ms] [ERROR] Failed to load resource: net::ERR_CONNECTION_REFUSED @ http://localhost:8080/api/groups/mine?username=kai_test:0
[ 1465907ms] [LOG] Failed to load groups @ http://localhost:5173/src/App.jsx:1019
[ 1466139ms] [ERROR] Failed to load resource: net::ERR_CONNECTION_REFUSED @ http://localhost:8080/api/chat/history?user1=kai_test&user2=jade_test:0
[ 1466139ms] [LOG] Failed to load chat history @ http://localhost:5173/src/App.jsx:1066
[ 1468147ms] [ERROR] Failed to load resource: net::ERR_CONNECTION_REFUSED @ http://localhost:8080/api/chat/history?user1=kai_test&user2=jade_test:0
[ 1468147ms] [LOG] Failed to load chat history @ http://localhost:5173/src/App.jsx:1066
[ 1470143ms] [ERROR] Failed to load resource: net::ERR_CONNECTION_REFUSED @ http://localhost:8080/api/chat/history?user1=kai_test&user2=jade_test:0
[ 1470143ms] [LOG] Failed to load chat history @ http://localhost:5173/src/App.jsx:1066
[ 1470918ms] [ERROR] Failed to load resource: net::ERR_CONNECTION_REFUSED @ http://localhost:8080/api/auth/users:0
[ 1470918ms] [LOG] Failed to load contacts @ http://localhost:5173/src/App.jsx:1009
[ 1470919ms] [ERROR] Failed to load resource: net::ERR_CONNECTION_REFUSED @ http://localhost:8080/api/groups/mine?username=kai_test:0
[ 1470920ms] [LOG] Failed to load groups @ http://localhost:5173/src/App.jsx:1019
[ 1472143ms] [ERROR] Failed to load resource: net::ERR_CONNECTION_REFUSED @ http://localhost:8080/api/chat/history?user1=kai_test&user2=jade_test:0
[ 1472143ms] [LOG] Failed to load chat history @ http://localhost:5173/src/App.jsx:1066
[ 1474257ms] [ERROR] Failed to load resource: net::ERR_CONNECTION_REFUSED @ http://localhost:8080/api/chat/history?user1=kai_test&user2=jade_test:0
[ 1474257ms] [LOG] Failed to load chat history @ http://localhost:5173/src/App.jsx:1066
[ 1475947ms] [ERROR] Failed to load resource: net::ERR_CONNECTION_REFUSED @ http://localhost:8080/api/auth/users:0
[ 1475947ms] [LOG] Failed to load contacts @ http://localhost:5173/src/App.jsx:1009
[ 1475947ms] [ERROR] Failed to load resource: net::ERR_CONNECTION_REFUSED @ http://localhost:8080/api/groups/mine?username=kai_test:0
[ 1475947ms] [LOG] Failed to load groups @ http://localhost:5173/src/App.jsx:1019
[ 1476139ms] [ERROR] Failed to load resource: net::ERR_CONNECTION_REFUSED @ http://localhost:8080/api/chat/history?user1=kai_test&user2=jade_test:0
[ 1476139ms] [LOG] Failed to load chat history @ http://localhost:5173/src/App.jsx:1066
[ 1478149ms] [ERROR] Failed to load resource: net::ERR_CONNECTION_REFUSED @ http://localhost:8080/api/chat/history?user1=kai_test&user2=jade_test:0
[ 1478152ms] [LOG] Failed to load chat history @ http://localhost:5173/src/App.jsx:1066
[ 1480151ms] [ERROR] Failed to load resource: net::ERR_CONNECTION_REFUSED @ http://localhost:8080/api/chat/history?user1=kai_test&user2=jade_test:0
[ 1480151ms] [LOG] Failed to load chat history @ http://localhost:5173/src/App.jsx:1066
[ 1480907ms] [ERROR] Failed to load resource: net::ERR_CONNECTION_REFUSED @ http://localhost:8080/api/auth/users:0
[ 1480907ms] [LOG] Failed to load contacts @ http://localhost:5173/src/App.jsx:1009
[ 1480909ms] [ERROR] Failed to load resource: net::ERR_CONNECTION_REFUSED @ http://localhost:8080/api/groups/mine?username=kai_test:0
[ 1480909ms] [LOG] Failed to load groups @ http://localhost:5173/src/App.jsx:1019
[ 1482139ms] [ERROR] Failed to load resource: net::ERR_CONNECTION_REFUSED @ http://localhost:8080/api/chat/history?user1=kai_test&user2=jade_test:0
[ 1482139ms] [LOG] Failed to load chat history @ http://localhost:5173/src/App.jsx:1066
[ 1484144ms] [ERROR] Failed to load resource: net::ERR_CONNECTION_REFUSED @ http://localhost:8080/api/chat/history?user1=kai_test&user2=jade_test:0
[ 1484144ms] [LOG] Failed to load chat history @ http://localhost:5173/src/App.jsx:1066
[ 1485922ms] [ERROR] Failed to load resource: net::ERR_CONNECTION_REFUSED @ http://localhost:8080/api/auth/users:0
[ 1485922ms] [LOG] Failed to load contacts @ http://localhost:5173/src/App.jsx:1009
[ 1485923ms] [ERROR] Failed to load resource: net::ERR_CONNECTION_REFUSED @ http://localhost:8080/api/groups/mine?username=kai_test:0
[ 1485923ms] [LOG] Failed to load groups @ http://localhost:5173/src/App.jsx:1019
[ 1486150ms] [ERROR] Failed to load resource: net::ERR_CONNECTION_REFUSED @ http://localhost:8080/api/chat/history?user1=kai_test&user2=jade_test:0
[ 1486150ms] [LOG] Failed to load chat history @ http://localhost:5173/src/App.jsx:1066
[ 1488150ms] [ERROR] Failed to load resource: net::ERR_CONNECTION_REFUSED @ http://localhost:8080/api/chat/history?user1=kai_test&user2=jade_test:0
[ 1488152ms] [LOG] Failed to load chat history @ http://localhost:5173/src/App.jsx:1066
[ 1490142ms] [ERROR] Failed to load resource: net::ERR_CONNECTION_REFUSED @ http://localhost:8080/api/chat/history?user1=kai_test&user2=jade_test:0
[ 1490142ms] [LOG] Failed to load chat history @ http://localhost:5173/src/App.jsx:1066
[ 1490910ms] [ERROR] Failed to load resource: net::ERR_CONNECTION_REFUSED @ http://localhost:8080/api/auth/users:0
[ 1490911ms] [LOG] Failed to load contacts @ http://localhost:5173/src/App.jsx:1009
[ 1490915ms] [ERROR] Failed to load resource: net::ERR_CONNECTION_REFUSED @ http://localhost:8080/api/groups/mine?username=kai_test:0
[ 1490917ms] [LOG] Failed to load groups @ http://localhost:5173/src/App.jsx:1019
[ 1492148ms] [ERROR] Failed to load resource: net::ERR_CONNECTION_REFUSED @ http://localhost:8080/api/chat/history?user1=kai_test&user2=jade_test:0
[ 1492149ms] [LOG] Failed to load chat history @ http://localhost:5173/src/App.jsx:1066
[ 1494139ms] [ERROR] Failed to load resource: net::ERR_CONNECTION_REFUSED @ http://localhost:8080/api/chat/history?user1=kai_test&user2=jade_test:0
[ 1494140ms] [LOG] Failed to load chat history @ http://localhost:5173/src/App.jsx:1066
[ 1495912ms] [ERROR] Failed to load resource: net::ERR_CONNECTION_REFUSED @ http://localhost:8080/api/auth/users:0
[ 1495912ms] [LOG] Failed to load contacts @ http://localhost:5173/src/App.jsx:1009
[ 1495914ms] [ERROR] Failed to load resource: net::ERR_CONNECTION_REFUSED @ http://localhost:8080/api/groups/mine?username=kai_test:0
[ 1495915ms] [LOG] Failed to load groups @ http://localhost:5173/src/App.jsx:1019
[ 1496144ms] [ERROR] Failed to load resource: net::ERR_CONNECTION_REFUSED @ http://localhost:8080/api/chat/history?user1=kai_test&user2=jade_test:0
[ 1496145ms] [LOG] Failed to load chat history @ http://localhost:5173/src/App.jsx:1066
[ 1498146ms] [ERROR] Failed to load resource: net::ERR_CONNECTION_REFUSED @ http://localhost:8080/api/chat/history?user1=kai_test&user2=jade_test:0
[ 1498146ms] [LOG] Failed to load chat history @ http://localhost:5173/src/App.jsx:1066
[ 1500138ms] [ERROR] Failed to load resource: net::ERR_CONNECTION_REFUSED @ http://localhost:8080/api/chat/history?user1=kai_test&user2=jade_test:0
[ 1500138ms] [LOG] Failed to load chat history @ http://localhost:5173/src/App.jsx:1066
[ 1500908ms] [ERROR] Failed to load resource: net::ERR_CONNECTION_REFUSED @ http://localhost:8080/api/auth/users:0
[ 1500909ms] [LOG] Failed to load contacts @ http://localhost:5173/src/App.jsx:1009
[ 1500910ms] [ERROR] Failed to load resource: net::ERR_CONNECTION_REFUSED @ http://localhost:8080/api/groups/mine?username=kai_test:0
[ 1500911ms] [LOG] Failed to load groups @ http://localhost:5173/src/App.jsx:1019
[ 1502151ms] [ERROR] Failed to load resource: net::ERR_CONNECTION_REFUSED @ http://localhost:8080/api/chat/history?user1=kai_test&user2=jade_test:0
[ 1502152ms] [LOG] Failed to load chat history @ http://localhost:5173/src/App.jsx:1066
[ 1504139ms] [ERROR] Failed to load resource: net::ERR_CONNECTION_REFUSED @ http://localhost:8080/api/chat/history?user1=kai_test&user2=jade_test:0
[ 1504140ms] [LOG] Failed to load chat history @ http://localhost:5173/src/App.jsx:1066
[ 1505916ms] [ERROR] Failed to load resource: net::ERR_CONNECTION_REFUSED @ http://localhost:8080/api/auth/users:0
[ 1505916ms] [LOG] Failed to load contacts @ http://localhost:5173/src/App.jsx:1009
[ 1505918ms] [ERROR] Failed to load resource: net::ERR_CONNECTION_REFUSED @ http://localhost:8080/api/groups/mine?username=kai_test:0
[ 1505918ms] [LOG] Failed to load groups @ http://localhost:5173/src/App.jsx:1019
[ 1506154ms] [ERROR] Failed to load resource: net::ERR_CONNECTION_REFUSED @ http://localhost:8080/api/chat/history?user1=kai_test&user2=jade_test:0
[ 1506156ms] [LOG] Failed to load chat history @ http://localhost:5173/src/App.jsx:1066
[ 1508143ms] [ERROR] Failed to load resource: net::ERR_CONNECTION_REFUSED @ http://localhost:8080/api/chat/history?user1=kai_test&user2=jade_test:0
[ 1508143ms] [LOG] Failed to load chat history @ http://localhost:5173/src/App.jsx:1066
[ 1510140ms] [ERROR] Failed to load resource: net::ERR_CONNECTION_REFUSED @ http://localhost:8080/api/chat/history?user1=kai_test&user2=jade_test:0
[ 1510142ms] [LOG] Failed to load chat history @ http://localhost:5173/src/App.jsx:1066
[ 1510911ms] [ERROR] Failed to load resource: net::ERR_CONNECTION_REFUSED @ http://localhost:8080/api/auth/users:0
[ 1510911ms] [LOG] Failed to load contacts @ http://localhost:5173/src/App.jsx:1009
[ 1510914ms] [ERROR] Failed to load resource: net::ERR_CONNECTION_REFUSED @ http://localhost:8080/api/groups/mine?username=kai_test:0
[ 1510914ms] [LOG] Failed to load groups @ http://localhost:5173/src/App.jsx:1019
[ 1512144ms] [ERROR] Failed to load resource: net::ERR_CONNECTION_REFUSED @ http://localhost:8080/api/chat/history?user1=kai_test&user2=jade_test:0
[ 1512144ms] [LOG] Failed to load chat history @ http://localhost:5173/src/App.jsx:1066
[ 1514143ms] [ERROR] Failed to load resource: net::ERR_CONNECTION_REFUSED @ http://localhost:8080/api/chat/history?user1=kai_test&user2=jade_test:0
[ 1514143ms] [LOG] Failed to load chat history @ http://localhost:5173/src/App.jsx:1066
[ 1515910ms] [ERROR] Failed to load resource: net::ERR_CONNECTION_REFUSED @ http://localhost:8080/api/auth/users:0
[ 1515910ms] [LOG] Failed to load contacts @ http://localhost:5173/src/App.jsx:1009
[ 1515910ms] [ERROR] Failed to load resource: net::ERR_CONNECTION_REFUSED @ http://localhost:8080/api/groups/mine?username=kai_test:0
[ 1515911ms] [LOG] Failed to load groups @ http://localhost:5173/src/App.jsx:1019
[ 1516143ms] [ERROR] Failed to load resource: net::ERR_CONNECTION_REFUSED @ http://localhost:8080/api/chat/history?user1=kai_test&user2=jade_test:0
[ 1516143ms] [LOG] Failed to load chat history @ http://localhost:5173/src/App.jsx:1066
[ 1518140ms] [ERROR] Failed to load resource: net::ERR_CONNECTION_REFUSED @ http://localhost:8080/api/chat/history?user1=kai_test&user2=jade_test:0
[ 1518140ms] [LOG] Failed to load chat history @ http://localhost:5173/src/App.jsx:1066
[ 1520143ms] [ERROR] Failed to load resource: net::ERR_CONNECTION_REFUSED @ http://localhost:8080/api/chat/history?user1=kai_test&user2=jade_test:0
[ 1520143ms] [LOG] Failed to load chat history @ http://localhost:5173/src/App.jsx:1066
[ 1520909ms] [ERROR] Failed to load resource: net::ERR_CONNECTION_REFUSED @ http://localhost:8080/api/auth/users:0
[ 1520910ms] [LOG] Failed to load contacts @ http://localhost:5173/src/App.jsx:1009
[ 1520911ms] [ERROR] Failed to load resource: net::ERR_CONNECTION_REFUSED @ http://localhost:8080/api/groups/mine?username=kai_test:0
[ 1520911ms] [LOG] Failed to load groups @ http://localhost:5173/src/App.jsx:1019
[ 1522145ms] [ERROR] Failed to load resource: net::ERR_CONNECTION_REFUSED @ http://localhost:8080/api/chat/history?user1=kai_test&user2=jade_test:0
[ 1522145ms] [LOG] Failed to load chat history @ http://localhost:5173/src/App.jsx:1066
[ 1524153ms] [ERROR] Failed to load resource: net::ERR_CONNECTION_REFUSED @ http://localhost:8080/api/chat/history?user1=kai_test&user2=jade_test:0
[ 1524153ms] [LOG] Failed to load chat history @ http://localhost:5173/src/App.jsx:1066
[ 1525907ms] [ERROR] Failed to load resource: net::ERR_CONNECTION_REFUSED @ http://localhost:8080/api/auth/users:0
[ 1525907ms] [LOG] Failed to load contacts @ http://localhost:5173/src/App.jsx:1009
[ 1525909ms] [ERROR] Failed to load resource: net::ERR_CONNECTION_REFUSED @ http://localhost:8080/api/groups/mine?username=kai_test:0
[ 1525909ms] [LOG] Failed to load groups @ http://localhost:5173/src/App.jsx:1019
[ 1526143ms] [ERROR] Failed to load resource: net::ERR_CONNECTION_REFUSED @ http://localhost:8080/api/chat/history?user1=kai_test&user2=jade_test:0
[ 1526143ms] [LOG] Failed to load chat history @ http://localhost:5173/src/App.jsx:1066
[ 1528142ms] [ERROR] Failed to load resource: net::ERR_CONNECTION_REFUSED @ http://localhost:8080/api/chat/history?user1=kai_test&user2=jade_test:0
[ 1528143ms] [LOG] Failed to load chat history @ http://localhost:5173/src/App.jsx:1066
[ 1530152ms] [ERROR] Failed to load resource: net::ERR_CONNECTION_REFUSED @ http://localhost:8080/api/chat/history?user1=kai_test&user2=jade_test:0
[ 1530152ms] [LOG] Failed to load chat history @ http://localhost:5173/src/App.jsx:1066
[ 1530903ms] [ERROR] Failed to load resource: net::ERR_CONNECTION_REFUSED @ http://localhost:8080/api/auth/users:0
[ 1530904ms] [LOG] Failed to load contacts @ http://localhost:5173/src/App.jsx:1009
[ 1530905ms] [ERROR] Failed to load resource: net::ERR_CONNECTION_REFUSED @ http://localhost:8080/api/groups/mine?username=kai_test:0
[ 1530906ms] [LOG] Failed to load groups @ http://localhost:5173/src/App.jsx:1019
[ 1532147ms] [ERROR] Failed to load resource: net::ERR_CONNECTION_REFUSED @ http://localhost:8080/api/chat/history?user1=kai_test&user2=jade_test:0
[ 1532148ms] [LOG] Failed to load chat history @ http://localhost:5173/src/App.jsx:1066
[ 1534144ms] [ERROR] Failed to load resource: net::ERR_CONNECTION_REFUSED @ http://localhost:8080/api/chat/history?user1=kai_test&user2=jade_test:0
[ 1534144ms] [LOG] Failed to load chat history @ http://localhost:5173/src/App.jsx:1066
[ 1535917ms] [ERROR] Failed to load resource: net::ERR_CONNECTION_REFUSED @ http://localhost:8080/api/auth/users:0
[ 1535917ms] [LOG] Failed to load contacts @ http://localhost:5173/src/App.jsx:1009
[ 1535918ms] [ERROR] Failed to load resource: net::ERR_CONNECTION_REFUSED @ http://localhost:8080/api/groups/mine?username=kai_test:0
[ 1535919ms] [LOG] Failed to load groups @ http://localhost:5173/src/App.jsx:1019
[ 1536138ms] [ERROR] Failed to load resource: net::ERR_CONNECTION_REFUSED @ http://localhost:8080/api/chat/history?user1=kai_test&user2=jade_test:0
[ 1536138ms] [LOG] Failed to load chat history @ http://localhost:5173/src/App.jsx:1066
[ 1538149ms] [ERROR] Failed to load resource: net::ERR_CONNECTION_REFUSED @ http://localhost:8080/api/chat/history?user1=kai_test&user2=jade_test:0
[ 1538152ms] [LOG] Failed to load chat history @ http://localhost:5173/src/App.jsx:1066
[ 1540147ms] [ERROR] Failed to load resource: net::ERR_CONNECTION_REFUSED @ http://localhost:8080/api/chat/history?user1=kai_test&user2=jade_test:0
[ 1540147ms] [LOG] Failed to load chat history @ http://localhost:5173/src/App.jsx:1066
[ 1540915ms] [ERROR] Failed to load resource: net::ERR_CONNECTION_REFUSED @ http://localhost:8080/api/auth/users:0
[ 1540916ms] [LOG] Failed to load contacts @ http://localhost:5173/src/App.jsx:1009
[ 1540920ms] [ERROR] Failed to load resource: net::ERR_CONNECTION_REFUSED @ http://localhost:8080/api/groups/mine?username=kai_test:0
[ 1540922ms] [LOG] Failed to load groups @ http://localhost:5173/src/App.jsx:1019
[ 1542150ms] [ERROR] Failed to load resource: net::ERR_CONNECTION_REFUSED @ http://localhost:8080/api/chat/history?user1=kai_test&user2=jade_test:0
[ 1542150ms] [LOG] Failed to load chat history @ http://localhost:5173/src/App.jsx:1066
[ 1544152ms] [ERROR] Failed to load resource: net::ERR_CONNECTION_REFUSED @ http://localhost:8080/api/chat/history?user1=kai_test&user2=jade_test:0
[ 1544153ms] [LOG] Failed to load chat history @ http://localhost:5173/src/App.jsx:1066
[ 1545919ms] [ERROR] Failed to load resource: net::ERR_CONNECTION_REFUSED @ http://localhost:8080/api/auth/users:0
[ 1545920ms] [LOG] Failed to load contacts @ http://localhost:5173/src/App.jsx:1009
[ 1545920ms] [ERROR] Failed to load resource: net::ERR_CONNECTION_REFUSED @ http://localhost:8080/api/groups/mine?username=kai_test:0
[ 1545920ms] [LOG] Failed to load groups @ http://localhost:5173/src/App.jsx:1019
[ 1546143ms] [ERROR] Failed to load resource: net::ERR_CONNECTION_REFUSED @ http://localhost:8080/api/chat/history?user1=kai_test&user2=jade_test:0
[ 1546143ms] [LOG] Failed to load chat history @ http://localhost:5173/src/App.jsx:1066
[ 1548150ms] [ERROR] Failed to load resource: net::ERR_CONNECTION_REFUSED @ http://localhost:8080/api/chat/history?user1=kai_test&user2=jade_test:0
[ 1548150ms] [LOG] Failed to load chat history @ http://localhost:5173/src/App.jsx:1066
[ 1550144ms] [ERROR] Failed to load resource: net::ERR_CONNECTION_REFUSED @ http://localhost:8080/api/chat/history?user1=kai_test&user2=jade_test:0
[ 1550145ms] [LOG] Failed to load chat history @ http://localhost:5173/src/App.jsx:1066
[ 1550926ms] [ERROR] Failed to load resource: net::ERR_CONNECTION_REFUSED @ http://localhost:8080/api/auth/users:0
[ 1550926ms] [LOG] Failed to load contacts @ http://localhost:5173/src/App.jsx:1009
[ 1550927ms] [ERROR] Failed to load resource: net::ERR_CONNECTION_REFUSED @ http://localhost:8080/api/groups/mine?username=kai_test:0
[ 1550927ms] [LOG] Failed to load groups @ http://localhost:5173/src/App.jsx:1019
[ 1552144ms] [ERROR] Failed to load resource: net::ERR_CONNECTION_REFUSED @ http://localhost:8080/api/chat/history?user1=kai_test&user2=jade_test:0
[ 1552144ms] [LOG] Failed to load chat history @ http://localhost:5173/src/App.jsx:1066
[ 1554141ms] [ERROR] Failed to load resource: net::ERR_CONNECTION_REFUSED @ http://localhost:8080/api/chat/history?user1=kai_test&user2=jade_test:0
[ 1554141ms] [LOG] Failed to load chat history @ http://localhost:5173/src/App.jsx:1066
[ 1555907ms] [ERROR] Failed to load resource: net::ERR_CONNECTION_REFUSED @ http://localhost:8080/api/auth/users:0
[ 1555908ms] [LOG] Failed to load contacts @ http://localhost:5173/src/App.jsx:1009
[ 1555909ms] [ERROR] Failed to load resource: net::ERR_CONNECTION_REFUSED @ http://localhost:8080/api/groups/mine?username=kai_test:0
[ 1555910ms] [LOG] Failed to load groups @ http://localhost:5173/src/App.jsx:1019
[ 1556147ms] [ERROR] Failed to load resource: net::ERR_CONNECTION_REFUSED @ http://localhost:8080/api/chat/history?user1=kai_test&user2=jade_test:0
[ 1556147ms] [LOG] Failed to load chat history @ http://localhost:5173/src/App.jsx:1066
[ 1558137ms] [ERROR] Failed to load resource: net::ERR_CONNECTION_REFUSED @ http://localhost:8080/api/chat/history?user1=kai_test&user2=jade_test:0
[ 1558137ms] [LOG] Failed to load chat history @ http://localhost:5173/src/App.jsx:1066
[ 1560144ms] [ERROR] Failed to load resource: net::ERR_CONNECTION_REFUSED @ http://localhost:8080/api/chat/history?user1=kai_test&user2=jade_test:0
[ 1560146ms] [LOG] Failed to load chat history @ http://localhost:5173/src/App.jsx:1066
[ 1560914ms] [ERROR] Failed to load resource: net::ERR_CONNECTION_REFUSED @ http://localhost:8080/api/auth/users:0
[ 1560914ms] [LOG] Failed to load contacts @ http://localhost:5173/src/App.jsx:1009
[ 1560916ms] [ERROR] Failed to load resource: net::ERR_CONNECTION_REFUSED @ http://localhost:8080/api/groups/mine?username=kai_test:0
[ 1560917ms] [LOG] Failed to load groups @ http://localhost:5173/src/App.jsx:1019
[ 1562151ms] [ERROR] Failed to load resource: net::ERR_CONNECTION_REFUSED @ http://localhost:8080/api/chat/history?user1=kai_test&user2=jade_test:0
[ 1562151ms] [LOG] Failed to load chat history @ http://localhost:5173/src/App.jsx:1066
[ 1564139ms] [ERROR] Failed to load resource: net::ERR_CONNECTION_REFUSED @ http://localhost:8080/api/chat/history?user1=kai_test&user2=jade_test:0
[ 1564139ms] [LOG] Failed to load chat history @ http://localhost:5173/src/App.jsx:1066
[ 1565915ms] [ERROR] Failed to load resource: net::ERR_CONNECTION_REFUSED @ http://localhost:8080/api/auth/users:0
[ 1565915ms] [LOG] Failed to load contacts @ http://localhost:5173/src/App.jsx:1009
[ 1565916ms] [ERROR] Failed to load resource: net::ERR_CONNECTION_REFUSED @ http://localhost:8080/api/groups/mine?username=kai_test:0
[ 1565917ms] [LOG] Failed to load groups @ http://localhost:5173/src/App.jsx:1019
[ 1566138ms] [ERROR] Failed to load resource: net::ERR_CONNECTION_REFUSED @ http://localhost:8080/api/chat/history?user1=kai_test&user2=jade_test:0
[ 1566138ms] [LOG] Failed to load chat history @ http://localhost:5173/src/App.jsx:1066
[ 1568146ms] [ERROR] Failed to load resource: net::ERR_CONNECTION_REFUSED @ http://localhost:8080/api/chat/history?user1=kai_test&user2=jade_test:0
[ 1568147ms] [LOG] Failed to load chat history @ http://localhost:5173/src/App.jsx:1066
[ 1570141ms] [ERROR] Failed to load resource: net::ERR_CONNECTION_REFUSED @ http://localhost:8080/api/chat/history?user1=kai_test&user2=jade_test:0
[ 1570142ms] [LOG] Failed to load chat history @ http://localhost:5173/src/App.jsx:1066
[ 1570909ms] [ERROR] Failed to load resource: net::ERR_CONNECTION_REFUSED @ http://localhost:8080/api/auth/users:0
[ 1570909ms] [LOG] Failed to load contacts @ http://localhost:5173/src/App.jsx:1009
[ 1570910ms] [ERROR] Failed to load resource: net::ERR_CONNECTION_REFUSED @ http://localhost:8080/api/groups/mine?username=kai_test:0
[ 1570910ms] [LOG] Failed to load groups @ http://localhost:5173/src/App.jsx:1019
[ 1572148ms] [ERROR] Failed to load resource: net::ERR_CONNECTION_REFUSED @ http://localhost:8080/api/chat/history?user1=kai_test&user2=jade_test:0
[ 1572148ms] [LOG] Failed to load chat history @ http://localhost:5173/src/App.jsx:1066
[ 1574149ms] [ERROR] Failed to load resource: net::ERR_CONNECTION_REFUSED @ http://localhost:8080/api/chat/history?user1=kai_test&user2=jade_test:0
[ 1574149ms] [LOG] Failed to load chat history @ http://localhost:5173/src/App.jsx:1066
[ 1575904ms] [ERROR] Failed to load resource: net::ERR_CONNECTION_REFUSED @ http://localhost:8080/api/auth/users:0
[ 1575904ms] [LOG] Failed to load contacts @ http://localhost:5173/src/App.jsx:1009
[ 1575905ms] [ERROR] Failed to load resource: net::ERR_CONNECTION_REFUSED @ http://localhost:8080/api/groups/mine?username=kai_test:0
[ 1575905ms] [LOG] Failed to load groups @ http://localhost:5173/src/App.jsx:1019
[ 1576138ms] [ERROR] Failed to load resource: net::ERR_CONNECTION_REFUSED @ http://localhost:8080/api/chat/history?user1=kai_test&user2=jade_test:0
[ 1576138ms] [LOG] Failed to load chat history @ http://localhost:5173/src/App.jsx:1066
[ 1578149ms] [ERROR] Failed to load resource: net::ERR_CONNECTION_REFUSED @ http://localhost:8080/api/chat/history?user1=kai_test&user2=jade_test:0
[ 1578149ms] [LOG] Failed to load chat history @ http://localhost:5173/src/App.jsx:1066
[ 1580150ms] [ERROR] Failed to load resource: net::ERR_CONNECTION_REFUSED @ http://localhost:8080/api/chat/history?user1=kai_test&user2=jade_test:0
[ 1580151ms] [LOG] Failed to load chat history @ http://localhost:5173/src/App.jsx:1066
[ 1580906ms] [ERROR] Failed to load resource: net::ERR_CONNECTION_REFUSED @ http://localhost:8080/api/auth/users:0
[ 1580907ms] [LOG] Failed to load contacts @ http://localhost:5173/src/App.jsx:1009
[ 1580909ms] [ERROR] Failed to load resource: net::ERR_CONNECTION_REFUSED @ http://localhost:8080/api/groups/mine?username=kai_test:0
[ 1580910ms] [LOG] Failed to load groups @ http://localhost:5173/src/App.jsx:1019
[ 1582143ms] [ERROR] Failed to load resource: net::ERR_CONNECTION_REFUSED @ http://localhost:8080/api/chat/history?user1=kai_test&user2=jade_test:0
[ 1582144ms] [LOG] Failed to load chat history @ http://localhost:5173/src/App.jsx:1066
[ 1584152ms] [ERROR] Failed to load resource: net::ERR_CONNECTION_REFUSED @ http://localhost:8080/api/chat/history?user1=kai_test&user2=jade_test:0
[ 1584152ms] [LOG] Failed to load chat history @ http://localhost:5173/src/App.jsx:1066
[ 1585906ms] [ERROR] Failed to load resource: net::ERR_CONNECTION_REFUSED @ http://localhost:8080/api/auth/users:0
[ 1585906ms] [LOG] Failed to load contacts @ http://localhost:5173/src/App.jsx:1009
[ 1585906ms] [ERROR] Failed to load resource: net::ERR_CONNECTION_REFUSED @ http://localhost:8080/api/groups/mine?username=kai_test:0
[ 1585907ms] [LOG] Failed to load groups @ http://localhost:5173/src/App.jsx:1019
[ 1586140ms] [ERROR] Failed to load resource: net::ERR_CONNECTION_REFUSED @ http://localhost:8080/api/chat/history?user1=kai_test&user2=jade_test:0
[ 1586140ms] [LOG] Failed to load chat history @ http://localhost:5173/src/App.jsx:1066
[ 1588145ms] [ERROR] Failed to load resource: net::ERR_CONNECTION_REFUSED @ http://localhost:8080/api/chat/history?user1=kai_test&user2=jade_test:0
[ 1588145ms] [LOG] Failed to load chat history @ http://localhost:5173/src/App.jsx:1066
[ 1590141ms] [ERROR] Failed to load resource: net::ERR_CONNECTION_REFUSED @ http://localhost:8080/api/chat/history?user1=kai_test&user2=jade_test:0
[ 1590141ms] [LOG] Failed to load chat history @ http://localhost:5173/src/App.jsx:1066
[ 1590913ms] [ERROR] Failed to load resource: net::ERR_CONNECTION_REFUSED @ http://localhost:8080/api/auth/users:0
[ 1590913ms] [LOG] Failed to load contacts @ http://localhost:5173/src/App.jsx:1009
[ 1590915ms] [ERROR] Failed to load resource: net::ERR_CONNECTION_REFUSED @ http://localhost:8080/api/groups/mine?username=kai_test:0
[ 1590916ms] [LOG] Failed to load groups @ http://localhost:5173/src/App.jsx:1019
[ 1592151ms] [ERROR] Failed to load resource: net::ERR_CONNECTION_REFUSED @ http://localhost:8080/api/chat/history?user1=kai_test&user2=jade_test:0
[ 1592152ms] [LOG] Failed to load chat history @ http://localhost:5173/src/App.jsx:1066
[ 1594158ms] [ERROR] Failed to load resource: net::ERR_CONNECTION_REFUSED @ http://localhost:8080/api/chat/history?user1=kai_test&user2=jade_test:0
[ 1594158ms] [LOG] Failed to load chat history @ http://localhost:5173/src/App.jsx:1066
[ 1595922ms] [ERROR] Failed to load resource: net::ERR_CONNECTION_REFUSED @ http://localhost:8080/api/auth/users:0
[ 1595922ms] [LOG] Failed to load contacts @ http://localhost:5173/src/App.jsx:1009
[ 1595922ms] [ERROR] Failed to load resource: net::ERR_CONNECTION_REFUSED @ http://localhost:8080/api/groups/mine?username=kai_test:0
[ 1595922ms] [LOG] Failed to load groups @ http://localhost:5173/src/App.jsx:1019
[ 1596137ms] [ERROR] Failed to load resource: net::ERR_CONNECTION_REFUSED @ http://localhost:8080/api/chat/history?user1=kai_test&user2=jade_test:0
[ 1596138ms] [LOG] Failed to load chat history @ http://localhost:5173/src/App.jsx:1066
[ 1598143ms] [ERROR] Failed to load resource: net::ERR_CONNECTION_REFUSED @ http://localhost:8080/api/chat/history?user1=kai_test&user2=jade_test:0
[ 1598144ms] [LOG] Failed to load chat history @ http://localhost:5173/src/App.jsx:1066
[ 1600147ms] [ERROR] Failed to load resource: net::ERR_CONNECTION_REFUSED @ http://localhost:8080/api/chat/history?user1=kai_test&user2=jade_test:0
[ 1600147ms] [LOG] Failed to load chat history @ http://localhost:5173/src/App.jsx:1066
[ 1600921ms] [ERROR] Failed to load resource: net::ERR_CONNECTION_REFUSED @ http://localhost:8080/api/auth/users:0
[ 1600921ms] [LOG] Failed to load contacts @ http://localhost:5173/src/App.jsx:1009
[ 1600922ms] [ERROR] Failed to load resource: net::ERR_CONNECTION_REFUSED @ http://localhost:8080/api/groups/mine?username=kai_test:0
[ 1600922ms] [LOG] Failed to load groups @ http://localhost:5173/src/App.jsx:1019
[ 1602151ms] [ERROR] Failed to load resource: net::ERR_CONNECTION_REFUSED @ http://localhost:8080/api/chat/history?user1=kai_test&user2=jade_test:0
[ 1602151ms] [LOG] Failed to load chat history @ http://localhost:5173/src/App.jsx:1066
[ 1604149ms] [ERROR] Failed to load resource: net::ERR_CONNECTION_REFUSED @ http://localhost:8080/api/chat/history?user1=kai_test&user2=jade_test:0
[ 1604150ms] [LOG] Failed to load chat history @ http://localhost:5173/src/App.jsx:1066
[ 1605912ms] [ERROR] Failed to load resource: net::ERR_CONNECTION_REFUSED @ http://localhost:8080/api/auth/users:0
[ 1605913ms] [LOG] Failed to load contacts @ http://localhost:5173/src/App.jsx:1009
[ 1605915ms] [ERROR] Failed to load resource: net::ERR_CONNECTION_REFUSED @ http://localhost:8080/api/groups/mine?username=kai_test:0
[ 1605915ms] [LOG] Failed to load groups @ http://localhost:5173/src/App.jsx:1019
[ 1606138ms] [ERROR] Failed to load resource: net::ERR_CONNECTION_REFUSED @ http://localhost:8080/api/chat/history?user1=kai_test&user2=jade_test:0
[ 1606139ms] [LOG] Failed to load chat history @ http://localhost:5173/src/App.jsx:1066
[ 1608150ms] [ERROR] Failed to load resource: net::ERR_CONNECTION_REFUSED @ http://localhost:8080/api/chat/history?user1=kai_test&user2=jade_test:0
[ 1608150ms] [LOG] Failed to load chat history @ http://localhost:5173/src/App.jsx:1066
[ 1610151ms] [ERROR] Failed to load resource: net::ERR_CONNECTION_REFUSED @ http://localhost:8080/api/chat/history?user1=kai_test&user2=jade_test:0
[ 1610151ms] [LOG] Failed to load chat history @ http://localhost:5173/src/App.jsx:1066
[ 1610913ms] [ERROR] Failed to load resource: net::ERR_CONNECTION_REFUSED @ http://localhost:8080/api/auth/users:0
[ 1610913ms] [LOG] Failed to load contacts @ http://localhost:5173/src/App.jsx:1009
[ 1610915ms] [ERROR] Failed to load resource: net::ERR_CONNECTION_REFUSED @ http://localhost:8080/api/groups/mine?username=kai_test:0
[ 1610915ms] [LOG] Failed to load groups @ http://localhost:5173/src/App.jsx:1019
[ 1612146ms] [ERROR] Failed to load resource: net::ERR_CONNECTION_REFUSED @ http://localhost:8080/api/chat/history?user1=kai_test&user2=jade_test:0
[ 1612146ms] [LOG] Failed to load chat history @ http://localhost:5173/src/App.jsx:1066
[ 1614144ms] [ERROR] Failed to load resource: net::ERR_CONNECTION_REFUSED @ http://localhost:8080/api/chat/history?user1=kai_test&user2=jade_test:0
[ 1614144ms] [LOG] Failed to load chat history @ http://localhost:5173/src/App.jsx:1066
[ 1615913ms] [ERROR] Failed to load resource: net::ERR_CONNECTION_REFUSED @ http://localhost:8080/api/auth/users:0
[ 1615913ms] [LOG] Failed to load contacts @ http://localhost:5173/src/App.jsx:1009
[ 1615915ms] [ERROR] Failed to load resource: net::ERR_CONNECTION_REFUSED @ http://localhost:8080/api/groups/mine?username=kai_test:0
[ 1615915ms] [LOG] Failed to load groups @ http://localhost:5173/src/App.jsx:1019
[ 1616150ms] [ERROR] Failed to load resource: net::ERR_CONNECTION_REFUSED @ http://localhost:8080/api/chat/history?user1=kai_test&user2=jade_test:0
[ 1616150ms] [LOG] Failed to load chat history @ http://localhost:5173/src/App.jsx:1066
[ 1618141ms] [ERROR] Failed to load resource: net::ERR_CONNECTION_REFUSED @ http://localhost:8080/api/chat/history?user1=kai_test&user2=jade_test:0
[ 1618141ms] [LOG] Failed to load chat history @ http://localhost:5173/src/App.jsx:1066
[ 1620146ms] [ERROR] Failed to load resource: net::ERR_CONNECTION_REFUSED @ http://localhost:8080/api/chat/history?user1=kai_test&user2=jade_test:0
[ 1620146ms] [LOG] Failed to load chat history @ http://localhost:5173/src/App.jsx:1066
[ 1620914ms] [ERROR] Failed to load resource: net::ERR_CONNECTION_REFUSED @ http://localhost:8080/api/auth/users:0
[ 1620914ms] [LOG] Failed to load contacts @ http://localhost:5173/src/App.jsx:1009
[ 1620915ms] [ERROR] Failed to load resource: net::ERR_CONNECTION_REFUSED @ http://localhost:8080/api/groups/mine?username=kai_test:0
[ 1620915ms] [LOG] Failed to load groups @ http://localhost:5173/src/App.jsx:1019
[ 1622151ms] [ERROR] Failed to load resource: net::ERR_CONNECTION_REFUSED @ http://localhost:8080/api/chat/history?user1=kai_test&user2=jade_test:0
[ 1622151ms] [LOG] Failed to load chat history @ http://localhost:5173/src/App.jsx:1066
[ 1624142ms] [ERROR] Failed to load resource: net::ERR_CONNECTION_REFUSED @ http://localhost:8080/api/chat/history?user1=kai_test&user2=jade_test:0
[ 1624142ms] [LOG] Failed to load chat history @ http://localhost:5173/src/App.jsx:1066
[ 1625919ms] [ERROR] Failed to load resource: net::ERR_CONNECTION_REFUSED @ http://localhost:8080/api/auth/users:0
[ 1625919ms] [LOG] Failed to load contacts @ http://localhost:5173/src/App.jsx:1009
[ 1625919ms] [ERROR] Failed to load resource: net::ERR_CONNECTION_REFUSED @ http://localhost:8080/api/groups/mine?username=kai_test:0
[ 1625919ms] [LOG] Failed to load groups @ http://localhost:5173/src/App.jsx:1019
[ 1626152ms] [ERROR] Failed to load resource: net::ERR_CONNECTION_REFUSED @ http://localhost:8080/api/chat/history?user1=kai_test&user2=jade_test:0
[ 1626152ms] [LOG] Failed to load chat history @ http://localhost:5173/src/App.jsx:1066
[ 1628153ms] [ERROR] Failed to load resource: net::ERR_CONNECTION_REFUSED @ http://localhost:8080/api/chat/history?user1=kai_test&user2=jade_test:0
[ 1628153ms] [LOG] Failed to load chat history @ http://localhost:5173/src/App.jsx:1066
[ 1630149ms] [ERROR] Failed to load resource: net::ERR_CONNECTION_REFUSED @ http://localhost:8080/api/chat/history?user1=kai_test&user2=jade_test:0
[ 1630149ms] [LOG] Failed to load chat history @ http://localhost:5173/src/App.jsx:1066
[ 1630918ms] [ERROR] Failed to load resource: net::ERR_CONNECTION_REFUSED @ http://localhost:8080/api/auth/users:0
[ 1630918ms] [LOG] Failed to load contacts @ http://localhost:5173/src/App.jsx:1009
[ 1630919ms] [ERROR] Failed to load resource: net::ERR_CONNECTION_REFUSED @ http://localhost:8080/api/groups/mine?username=kai_test:0
[ 1630920ms] [LOG] Failed to load groups @ http://localhost:5173/src/App.jsx:1019
[ 1632152ms] [ERROR] Failed to load resource: net::ERR_CONNECTION_REFUSED @ http://localhost:8080/api/chat/history?user1=kai_test&user2=jade_test:0
[ 1632153ms] [LOG] Failed to load chat history @ http://localhost:5173/src/App.jsx:1066
[ 1634199ms] [ERROR] Failed to load resource: net::ERR_CONNECTION_REFUSED @ http://localhost:8080/api/chat/history?user1=kai_test&user2=jade_test:0
[ 1634204ms] [LOG] Failed to load chat history @ http://localhost:5173/src/App.jsx:1066
[ 1635918ms] [ERROR] Failed to load resource: net::ERR_CONNECTION_REFUSED @ http://localhost:8080/api/auth/users:0
[ 1635918ms] [LOG] Failed to load contacts @ http://localhost:5173/src/App.jsx:1009
[ 1635920ms] [ERROR] Failed to load resource: net::ERR_CONNECTION_REFUSED @ http://localhost:8080/api/groups/mine?username=kai_test:0
[ 1635920ms] [LOG] Failed to load groups @ http://localhost:5173/src/App.jsx:1019
[ 1636151ms] [ERROR] Failed to load resource: net::ERR_CONNECTION_REFUSED @ http://localhost:8080/api/chat/history?user1=kai_test&user2=jade_test:0
[ 1636152ms] [LOG] Failed to load chat history @ http://localhost:5173/src/App.jsx:1066
[ 1638152ms] [ERROR] Failed to load resource: net::ERR_CONNECTION_REFUSED @ http://localhost:8080/api/chat/history?user1=kai_test&user2=jade_test:0
[ 1638152ms] [LOG] Failed to load chat history @ http://localhost:5173/src/App.jsx:1066
[ 1640145ms] [ERROR] Failed to load resource: net::ERR_CONNECTION_REFUSED @ http://localhost:8080/api/chat/history?user1=kai_test&user2=jade_test:0
[ 1640145ms] [LOG] Failed to load chat history @ http://localhost:5173/src/App.jsx:1066
[ 1640917ms] [ERROR] Failed to load resource: net::ERR_CONNECTION_REFUSED @ http://localhost:8080/api/auth/users:0
[ 1640918ms] [LOG] Failed to load contacts @ http://localhost:5173/src/App.jsx:1009
[ 1640918ms] [ERROR] Failed to load resource: net::ERR_CONNECTION_REFUSED @ http://localhost:8080/api/groups/mine?username=kai_test:0
[ 1640918ms] [LOG] Failed to load groups @ http://localhost:5173/src/App.jsx:1019
[ 1642143ms] [ERROR] Failed to load resource: net::ERR_CONNECTION_REFUSED @ http://localhost:8080/api/chat/history?user1=kai_test&user2=jade_test:0
[ 1642143ms] [LOG] Failed to load chat history @ http://localhost:5173/src/App.jsx:1066
[ 1644150ms] [ERROR] Failed to load resource: net::ERR_CONNECTION_REFUSED @ http://localhost:8080/api/chat/history?user1=kai_test&user2=jade_test:0
[ 1644150ms] [LOG] Failed to load chat history @ http://localhost:5173/src/App.jsx:1066
[ 1645908ms] [ERROR] Failed to load resource: net::ERR_CONNECTION_REFUSED @ http://localhost:8080/api/auth/users:0
[ 1645908ms] [LOG] Failed to load contacts @ http://localhost:5173/src/App.jsx:1009
[ 1645909ms] [ERROR] Failed to load resource: net::ERR_CONNECTION_REFUSED @ http://localhost:8080/api/groups/mine?username=kai_test:0
[ 1645910ms] [LOG] Failed to load groups @ http://localhost:5173/src/App.jsx:1019
[ 1646141ms] [ERROR] Failed to load resource: net::ERR_CONNECTION_REFUSED @ http://localhost:8080/api/chat/history?user1=kai_test&user2=jade_test:0
[ 1646141ms] [LOG] Failed to load chat history @ http://localhost:5173/src/App.jsx:1066
[ 1648147ms] [ERROR] Failed to load resource: net::ERR_CONNECTION_REFUSED @ http://localhost:8080/api/chat/history?user1=kai_test&user2=jade_test:0
[ 1648147ms] [LOG] Failed to load chat history @ http://localhost:5173/src/App.jsx:1066
[ 1650144ms] [ERROR] Failed to load resource: net::ERR_CONNECTION_REFUSED @ http://localhost:8080/api/chat/history?user1=kai_test&user2=jade_test:0
[ 1650145ms] [LOG] Failed to load chat history @ http://localhost:5173/src/App.jsx:1066
[ 1650904ms] [ERROR] Failed to load resource: net::ERR_CONNECTION_REFUSED @ http://localhost:8080/api/auth/users:0
[ 1650905ms] [LOG] Failed to load contacts @ http://localhost:5173/src/App.jsx:1009
[ 1650907ms] [ERROR] Failed to load resource: net::ERR_CONNECTION_REFUSED @ http://localhost:8080/api/groups/mine?username=kai_test:0
[ 1650907ms] [LOG] Failed to load groups @ http://localhost:5173/src/App.jsx:1019
[ 1652153ms] [ERROR] Failed to load resource: net::ERR_CONNECTION_REFUSED @ http://localhost:8080/api/chat/history?user1=kai_test&user2=jade_test:0
[ 1652153ms] [LOG] Failed to load chat history @ http://localhost:5173/src/App.jsx:1066
[ 1654142ms] [ERROR] Failed to load resource: net::ERR_CONNECTION_REFUSED @ http://localhost:8080/api/chat/history?user1=kai_test&user2=jade_test:0
[ 1654142ms] [LOG] Failed to load chat history @ http://localhost:5173/src/App.jsx:1066
[ 1655917ms] [ERROR] Failed to load resource: net::ERR_CONNECTION_REFUSED @ http://localhost:8080/api/auth/users:0
[ 1655917ms] [LOG] Failed to load contacts @ http://localhost:5173/src/App.jsx:1009
[ 1655919ms] [ERROR] Failed to load resource: net::ERR_CONNECTION_REFUSED @ http://localhost:8080/api/groups/mine?username=kai_test:0
[ 1655920ms] [LOG] Failed to load groups @ http://localhost:5173/src/App.jsx:1019
[ 1656147ms] [ERROR] Failed to load resource: net::ERR_CONNECTION_REFUSED @ http://localhost:8080/api/chat/history?user1=kai_test&user2=jade_test:0
[ 1656147ms] [LOG] Failed to load chat history @ http://localhost:5173/src/App.jsx:1066
[ 1658152ms] [ERROR] Failed to load resource: net::ERR_CONNECTION_REFUSED @ http://localhost:8080/api/chat/history?user1=kai_test&user2=jade_test:0
[ 1658153ms] [LOG] Failed to load chat history @ http://localhost:5173/src/App.jsx:1066
[ 1660154ms] [ERROR] Failed to load resource: net::ERR_CONNECTION_REFUSED @ http://localhost:8080/api/chat/history?user1=kai_test&user2=jade_test:0
[ 1660154ms] [LOG] Failed to load chat history @ http://localhost:5173/src/App.jsx:1066
[ 1660919ms] [ERROR] Failed to load resource: net::ERR_CONNECTION_REFUSED @ http://localhost:8080/api/auth/users:0
[ 1660919ms] [LOG] Failed to load contacts @ http://localhost:5173/src/App.jsx:1009
[ 1660921ms] [ERROR] Failed to load resource: net::ERR_CONNECTION_REFUSED @ http://localhost:8080/api/groups/mine?username=kai_test:0
[ 1660921ms] [LOG] Failed to load groups @ http://localhost:5173/src/App.jsx:1019
[ 1662175ms] [ERROR] Failed to load resource: net::ERR_CONNECTION_REFUSED @ http://localhost:8080/api/chat/history?user1=kai_test&user2=jade_test:0
[ 1662175ms] [LOG] Failed to load chat history @ http://localhost:5173/src/App.jsx:1066
[ 1664150ms] [ERROR] Failed to load resource: net::ERR_CONNECTION_REFUSED @ http://localhost:8080/api/chat/history?user1=kai_test&user2=jade_test:0
[ 1664150ms] [LOG] Failed to load chat history @ http://localhost:5173/src/App.jsx:1066
[ 1666103ms] [ERROR] Failed to load resource: net::ERR_CONNECTION_REFUSED @ http://localhost:8080/api/auth/users:0
[ 1666103ms] [LOG] Failed to load contacts @ http://localhost:5173/src/App.jsx:1009
[ 1666104ms] [ERROR] Failed to load resource: net::ERR_CONNECTION_REFUSED @ http://localhost:8080/api/groups/mine?username=kai_test:0
[ 1666104ms] [LOG] Failed to load groups @ http://localhost:5173/src/App.jsx:1019
[ 1666141ms] [ERROR] Failed to load resource: net::ERR_CONNECTION_REFUSED @ http://localhost:8080/api/chat/history?user1=kai_test&user2=jade_test:0
[ 1666141ms] [LOG] Failed to load chat history @ http://localhost:5173/src/App.jsx:1066
[ 1668144ms] [ERROR] Failed to load resource: net::ERR_CONNECTION_REFUSED @ http://localhost:8080/api/chat/history?user1=kai_test&user2=jade_test:0
[ 1668144ms] [LOG] Failed to load chat history @ http://localhost:5173/src/App.jsx:1066
[ 1670209ms] [ERROR] Failed to load resource: net::ERR_CONNECTION_REFUSED @ http://localhost:8080/api/chat/history?user1=kai_test&user2=jade_test:0
[ 1670209ms] [LOG] Failed to load chat history @ http://localhost:5173/src/App.jsx:1066
[ 1670905ms] [ERROR] Failed to load resource: net::ERR_CONNECTION_REFUSED @ http://localhost:8080/api/auth/users:0
[ 1670905ms] [LOG] Failed to load contacts @ http://localhost:5173/src/App.jsx:1009
[ 1670907ms] [ERROR] Failed to load resource: net::ERR_CONNECTION_REFUSED @ http://localhost:8080/api/groups/mine?username=kai_test:0
[ 1670907ms] [LOG] Failed to load groups @ http://localhost:5173/src/App.jsx:1019
[ 1672140ms] [ERROR] Failed to load resource: net::ERR_CONNECTION_REFUSED @ http://localhost:8080/api/chat/history?user1=kai_test&user2=jade_test:0
[ 1672140ms] [LOG] Failed to load chat history @ http://localhost:5173/src/App.jsx:1066
[ 1674145ms] [ERROR] Failed to load resource: net::ERR_CONNECTION_REFUSED @ http://localhost:8080/api/chat/history?user1=kai_test&user2=jade_test:0
[ 1674145ms] [LOG] Failed to load chat history @ http://localhost:5173/src/App.jsx:1066
[ 1675920ms] [ERROR] Failed to load resource: net::ERR_CONNECTION_REFUSED @ http://localhost:8080/api/auth/users:0
[ 1675920ms] [LOG] Failed to load contacts @ http://localhost:5173/src/App.jsx:1009
[ 1675922ms] [ERROR] Failed to load resource: net::ERR_CONNECTION_REFUSED @ http://localhost:8080/api/groups/mine?username=kai_test:0
[ 1675922ms] [LOG] Failed to load groups @ http://localhost:5173/src/App.jsx:1019
[ 1676322ms] [ERROR] Failed to load resource: net::ERR_CONNECTION_REFUSED @ http://localhost:8080/api/chat/history?user1=kai_test&user2=jade_test:0
[ 1676322ms] [LOG] Failed to load chat history @ http://localhost:5173/src/App.jsx:1066
[ 1678152ms] [ERROR] Failed to load resource: net::ERR_CONNECTION_REFUSED @ http://localhost:8080/api/chat/history?user1=kai_test&user2=jade_test:0
[ 1678153ms] [LOG] Failed to load chat history @ http://localhost:5173/src/App.jsx:1066
[ 1680139ms] [ERROR] Failed to load resource: net::ERR_CONNECTION_REFUSED @ http://localhost:8080/api/chat/history?user1=kai_test&user2=jade_test:0
[ 1680139ms] [LOG] Failed to load chat history @ http://localhost:5173/src/App.jsx:1066
[ 1680910ms] [ERROR] Failed to load resource: net::ERR_CONNECTION_REFUSED @ http://localhost:8080/api/auth/users:0
[ 1680910ms] [LOG] Failed to load contacts @ http://localhost:5173/src/App.jsx:1009
[ 1680911ms] [ERROR] Failed to load resource: net::ERR_CONNECTION_REFUSED @ http://localhost:8080/api/groups/mine?username=kai_test:0
[ 1680912ms] [LOG] Failed to load groups @ http://localhost:5173/src/App.jsx:1019
[ 1682151ms] [ERROR] Failed to load resource: net::ERR_CONNECTION_REFUSED @ http://localhost:8080/api/chat/history?user1=kai_test&user2=jade_test:0
[ 1682151ms] [LOG] Failed to load chat history @ http://localhost:5173/src/App.jsx:1066
[ 1684141ms] [ERROR] Failed to load resource: net::ERR_CONNECTION_REFUSED @ http://localhost:8080/api/chat/history?user1=kai_test&user2=jade_test:0
[ 1684141ms] [LOG] Failed to load chat history @ http://localhost:5173/src/App.jsx:1066
[ 1685906ms] [ERROR] Failed to load resource: net::ERR_CONNECTION_REFUSED @ http://localhost:8080/api/auth/users:0
[ 1685907ms] [LOG] Failed to load contacts @ http://localhost:5173/src/App.jsx:1009
[ 1685908ms] [ERROR] Failed to load resource: net::ERR_CONNECTION_REFUSED @ http://localhost:8080/api/groups/mine?username=kai_test:0
[ 1685909ms] [LOG] Failed to load groups @ http://localhost:5173/src/App.jsx:1019
[ 1686141ms] [ERROR] Failed to load resource: net::ERR_CONNECTION_REFUSED @ http://localhost:8080/api/chat/history?user1=kai_test&user2=jade_test:0
[ 1686141ms] [LOG] Failed to load chat history @ http://localhost:5173/src/App.jsx:1066
[ 1688149ms] [ERROR] Failed to load resource: net::ERR_CONNECTION_REFUSED @ http://localhost:8080/api/chat/history?user1=kai_test&user2=jade_test:0
[ 1688150ms] [LOG] Failed to load chat history @ http://localhost:5173/src/App.jsx:1066
[ 1690142ms] [ERROR] Failed to load resource: net::ERR_CONNECTION_REFUSED @ http://localhost:8080/api/chat/history?user1=kai_test&user2=jade_test:0
[ 1690142ms] [LOG] Failed to load chat history @ http://localhost:5173/src/App.jsx:1066
[ 1690906ms] [ERROR] Failed to load resource: net::ERR_CONNECTION_REFUSED @ http://localhost:8080/api/auth/users:0
[ 1690906ms] [LOG] Failed to load contacts @ http://localhost:5173/src/App.jsx:1009
[ 1690908ms] [ERROR] Failed to load resource: net::ERR_CONNECTION_REFUSED @ http://localhost:8080/api/groups/mine?username=kai_test:0
[ 1690909ms] [LOG] Failed to load groups @ http://localhost:5173/src/App.jsx:1019
[ 1692143ms] [ERROR] Failed to load resource: net::ERR_CONNECTION_REFUSED @ http://localhost:8080/api/chat/history?user1=kai_test&user2=jade_test:0
[ 1692143ms] [LOG] Failed to load chat history @ http://localhost:5173/src/App.jsx:1066
[ 1694147ms] [ERROR] Failed to load resource: net::ERR_CONNECTION_REFUSED @ http://localhost:8080/api/chat/history?user1=kai_test&user2=jade_test:0
[ 1694147ms] [LOG] Failed to load chat history @ http://localhost:5173/src/App.jsx:1066
[ 1695909ms] [ERROR] Failed to load resource: net::ERR_CONNECTION_REFUSED @ http://localhost:8080/api/auth/users:0
[ 1695909ms] [LOG] Failed to load contacts @ http://localhost:5173/src/App.jsx:1009
[ 1695910ms] [ERROR] Failed to load resource: net::ERR_CONNECTION_REFUSED @ http://localhost:8080/api/groups/mine?username=kai_test:0
[ 1695911ms] [LOG] Failed to load groups @ http://localhost:5173/src/App.jsx:1019
[ 1696140ms] [ERROR] Failed to load resource: net::ERR_CONNECTION_REFUSED @ http://localhost:8080/api/chat/history?user1=kai_test&user2=jade_test:0
[ 1696141ms] [LOG] Failed to load chat history @ http://localhost:5173/src/App.jsx:1066
[ 1698145ms] [ERROR] Failed to load resource: net::ERR_CONNECTION_REFUSED @ http://localhost:8080/api/chat/history?user1=kai_test&user2=jade_test:0
[ 1698145ms] [LOG] Failed to load chat history @ http://localhost:5173/src/App.jsx:1066
[ 1700140ms] [ERROR] Failed to load resource: net::ERR_CONNECTION_REFUSED @ http://localhost:8080/api/chat/history?user1=kai_test&user2=jade_test:0
[ 1700141ms] [LOG] Failed to load chat history @ http://localhost:5173/src/App.jsx:1066
[ 1700917ms] [ERROR] Failed to load resource: net::ERR_CONNECTION_REFUSED @ http://localhost:8080/api/auth/users:0
[ 1700918ms] [LOG] Failed to load contacts @ http://localhost:5173/src/App.jsx:1009
[ 1700919ms] [ERROR] Failed to load resource: net::ERR_CONNECTION_REFUSED @ http://localhost:8080/api/groups/mine?username=kai_test:0
[ 1700919ms] [LOG] Failed to load groups @ http://localhost:5173/src/App.jsx:1019
[ 1702148ms] [ERROR] Failed to load resource: net::ERR_CONNECTION_REFUSED @ http://localhost:8080/api/chat/history?user1=kai_test&user2=jade_test:0
[ 1702148ms] [LOG] Failed to load chat history @ http://localhost:5173/src/App.jsx:1066
[ 1704151ms] [ERROR] Failed to load resource: net::ERR_CONNECTION_REFUSED @ http://localhost:8080/api/chat/history?user1=kai_test&user2=jade_test:0
[ 1704151ms] [LOG] Failed to load chat history @ http://localhost:5173/src/App.jsx:1066
[ 1705910ms] [ERROR] Failed to load resource: net::ERR_CONNECTION_REFUSED @ http://localhost:8080/api/auth/users:0
[ 1705910ms] [LOG] Failed to load contacts @ http://localhost:5173/src/App.jsx:1009
[ 1705912ms] [ERROR] Failed to load resource: net::ERR_CONNECTION_REFUSED @ http://localhost:8080/api/groups/mine?username=kai_test:0
[ 1705912ms] [LOG] Failed to load groups @ http://localhost:5173/src/App.jsx:1019
[ 1706145ms] [ERROR] Failed to load resource: net::ERR_CONNECTION_REFUSED @ http://localhost:8080/api/chat/history?user1=kai_test&user2=jade_test:0
[ 1706145ms] [LOG] Failed to load chat history @ http://localhost:5173/src/App.jsx:1066
[ 1708149ms] [ERROR] Failed to load resource: net::ERR_CONNECTION_REFUSED @ http://localhost:8080/api/chat/history?user1=kai_test&user2=jade_test:0
[ 1708149ms] [LOG] Failed to load chat history @ http://localhost:5173/src/App.jsx:1066
[ 1710145ms] [ERROR] Failed to load resource: net::ERR_CONNECTION_REFUSED @ http://localhost:8080/api/chat/history?user1=kai_test&user2=jade_test:0
[ 1710145ms] [LOG] Failed to load chat history @ http://localhost:5173/src/App.jsx:1066
[ 1710907ms] [ERROR] Failed to load resource: net::ERR_CONNECTION_REFUSED @ http://localhost:8080/api/auth/users:0
[ 1710907ms] [LOG] Failed to load contacts @ http://localhost:5173/src/App.jsx:1009
[ 1710907ms] [ERROR] Failed to load resource: net::ERR_CONNECTION_REFUSED @ http://localhost:8080/api/groups/mine?username=kai_test:0
[ 1710907ms] [LOG] Failed to load groups @ http://localhost:5173/src/App.jsx:1019
[ 1712150ms] [ERROR] Failed to load resource: net::ERR_CONNECTION_REFUSED @ http://localhost:8080/api/chat/history?user1=kai_test&user2=jade_test:0
[ 1712150ms] [LOG] Failed to load chat history @ http://localhost:5173/src/App.jsx:1066
[ 1714153ms] [ERROR] Failed to load resource: net::ERR_CONNECTION_REFUSED @ http://localhost:8080/api/chat/history?user1=kai_test&user2=jade_test:0
[ 1714153ms] [LOG] Failed to load chat history @ http://localhost:5173/src/App.jsx:1066
[ 1715927ms] [ERROR] Failed to load resource: net::ERR_CONNECTION_REFUSED @ http://localhost:8080/api/auth/users:0
[ 1715929ms] [LOG] Failed to load contacts @ http://localhost:5173/src/App.jsx:1009
[ 1715932ms] [ERROR] Failed to load resource: net::ERR_CONNECTION_REFUSED @ http://localhost:8080/api/groups/mine?username=kai_test:0
[ 1715934ms] [LOG] Failed to load groups @ http://localhost:5173/src/App.jsx:1019
[ 1716151ms] [ERROR] Failed to load resource: net::ERR_CONNECTION_REFUSED @ http://localhost:8080/api/chat/history?user1=kai_test&user2=jade_test:0
[ 1716151ms] [LOG] Failed to load chat history @ http://localhost:5173/src/App.jsx:1066
[ 1718150ms] [ERROR] Failed to load resource: net::ERR_CONNECTION_REFUSED @ http://localhost:8080/api/chat/history?user1=kai_test&user2=jade_test:0
[ 1718150ms] [LOG] Failed to load chat history @ http://localhost:5173/src/App.jsx:1066
[ 1720151ms] [ERROR] Failed to load resource: net::ERR_CONNECTION_REFUSED @ http://localhost:8080/api/chat/history?user1=kai_test&user2=jade_test:0
[ 1720152ms] [LOG] Failed to load chat history @ http://localhost:5173/src/App.jsx:1066
[ 1720910ms] [ERROR] Failed to load resource: net::ERR_CONNECTION_REFUSED @ http://localhost:8080/api/auth/users:0
[ 1720910ms] [LOG] Failed to load contacts @ http://localhost:5173/src/App.jsx:1009
[ 1720911ms] [ERROR] Failed to load resource: net::ERR_CONNECTION_REFUSED @ http://localhost:8080/api/groups/mine?username=kai_test:0
[ 1720912ms] [LOG] Failed to load groups @ http://localhost:5173/src/App.jsx:1019
[ 1722141ms] [ERROR] Failed to load resource: net::ERR_CONNECTION_REFUSED @ http://localhost:8080/api/chat/history?user1=kai_test&user2=jade_test:0
[ 1722141ms] [LOG] Failed to load chat history @ http://localhost:5173/src/App.jsx:1066
[ 1724189ms] [ERROR] Failed to load resource: net::ERR_CONNECTION_REFUSED @ http://localhost:8080/api/chat/history?user1=kai_test&user2=jade_test:0
[ 1724190ms] [LOG] Failed to load chat history @ http://localhost:5173/src/App.jsx:1066
[ 1725918ms] [ERROR] Failed to load resource: net::ERR_CONNECTION_REFUSED @ http://localhost:8080/api/auth/users:0
[ 1725919ms] [LOG] Failed to load contacts @ http://localhost:5173/src/App.jsx:1009
[ 1725921ms] [ERROR] Failed to load resource: net::ERR_CONNECTION_REFUSED @ http://localhost:8080/api/groups/mine?username=kai_test:0
[ 1725921ms] [LOG] Failed to load groups @ http://localhost:5173/src/App.jsx:1019
[ 1726137ms] [ERROR] Failed to load resource: net::ERR_CONNECTION_REFUSED @ http://localhost:8080/api/chat/history?user1=kai_test&user2=jade_test:0
[ 1726137ms] [LOG] Failed to load chat history @ http://localhost:5173/src/App.jsx:1066
[ 1728144ms] [ERROR] Failed to load resource: net::ERR_CONNECTION_REFUSED @ http://localhost:8080/api/chat/history?user1=kai_test&user2=jade_test:0
[ 1728144ms] [LOG] Failed to load chat history @ http://localhost:5173/src/App.jsx:1066
[ 1730152ms] [ERROR] Failed to load resource: net::ERR_CONNECTION_REFUSED @ http://localhost:8080/api/chat/history?user1=kai_test&user2=jade_test:0
[ 1730152ms] [LOG] Failed to load chat history @ http://localhost:5173/src/App.jsx:1066
[ 1730915ms] [ERROR] Failed to load resource: net::ERR_CONNECTION_REFUSED @ http://localhost:8080/api/auth/users:0
[ 1730916ms] [LOG] Failed to load contacts @ http://localhost:5173/src/App.jsx:1009
[ 1730917ms] [ERROR] Failed to load resource: net::ERR_CONNECTION_REFUSED @ http://localhost:8080/api/groups/mine?username=kai_test:0
[ 1730918ms] [LOG] Failed to load groups @ http://localhost:5173/src/App.jsx:1019
[ 1732142ms] [ERROR] Failed to load resource: net::ERR_CONNECTION_REFUSED @ http://localhost:8080/api/chat/history?user1=kai_test&user2=jade_test:0
[ 1732142ms] [LOG] Failed to load chat history @ http://localhost:5173/src/App.jsx:1066
[ 1734144ms] [ERROR] Failed to load resource: net::ERR_CONNECTION_REFUSED @ http://localhost:8080/api/chat/history?user1=kai_test&user2=jade_test:0
[ 1734145ms] [LOG] Failed to load chat history @ http://localhost:5173/src/App.jsx:1066
[ 1735904ms] [ERROR] Failed to load resource: net::ERR_CONNECTION_REFUSED @ http://localhost:8080/api/auth/users:0
[ 1735905ms] [LOG] Failed to load contacts @ http://localhost:5173/src/App.jsx:1009
[ 1735907ms] [ERROR] Failed to load resource: net::ERR_CONNECTION_REFUSED @ http://localhost:8080/api/groups/mine?username=kai_test:0
[ 1735907ms] [LOG] Failed to load groups @ http://localhost:5173/src/App.jsx:1019
[ 1736138ms] [ERROR] Failed to load resource: net::ERR_CONNECTION_REFUSED @ http://localhost:8080/api/chat/history?user1=kai_test&user2=jade_test:0
[ 1736138ms] [LOG] Failed to load chat history @ http://localhost:5173/src/App.jsx:1066
[ 1738148ms] [ERROR] Failed to load resource: net::ERR_CONNECTION_REFUSED @ http://localhost:8080/api/chat/history?user1=kai_test&user2=jade_test:0
[ 1738149ms] [LOG] Failed to load chat history @ http://localhost:5173/src/App.jsx:1066
[ 1740139ms] [ERROR] Failed to load resource: net::ERR_CONNECTION_REFUSED @ http://localhost:8080/api/chat/history?user1=kai_test&user2=jade_test:0
[ 1740139ms] [LOG] Failed to load chat history @ http://localhost:5173/src/App.jsx:1066
[ 1740906ms] [ERROR] Failed to load resource: net::ERR_CONNECTION_REFUSED @ http://localhost:8080/api/auth/users:0
[ 1740906ms] [LOG] Failed to load contacts @ http://localhost:5173/src/App.jsx:1009
[ 1740907ms] [ERROR] Failed to load resource: net::ERR_CONNECTION_REFUSED @ http://localhost:8080/api/groups/mine?username=kai_test:0
[ 1740908ms] [LOG] Failed to load groups @ http://localhost:5173/src/App.jsx:1019
[ 1742145ms] [ERROR] Failed to load resource: net::ERR_CONNECTION_REFUSED @ http://localhost:8080/api/chat/history?user1=kai_test&user2=jade_test:0
[ 1742147ms] [LOG] Failed to load chat history @ http://localhost:5173/src/App.jsx:1066
[ 1744143ms] [ERROR] Failed to load resource: net::ERR_CONNECTION_REFUSED @ http://localhost:8080/api/chat/history?user1=kai_test&user2=jade_test:0
[ 1744143ms] [LOG] Failed to load chat history @ http://localhost:5173/src/App.jsx:1066
[ 1745910ms] [ERROR] Failed to load resource: net::ERR_CONNECTION_REFUSED @ http://localhost:8080/api/auth/users:0
[ 1745912ms] [LOG] Failed to load contacts @ http://localhost:5173/src/App.jsx:1009
[ 1745916ms] [ERROR] Failed to load resource: net::ERR_CONNECTION_REFUSED @ http://localhost:8080/api/groups/mine?username=kai_test:0
[ 1745916ms] [LOG] Failed to load groups @ http://localhost:5173/src/App.jsx:1019
[ 1746145ms] [ERROR] Failed to load resource: net::ERR_CONNECTION_REFUSED @ http://localhost:8080/api/chat/history?user1=kai_test&user2=jade_test:0
[ 1746145ms] [LOG] Failed to load chat history @ http://localhost:5173/src/App.jsx:1066
[ 1748152ms] [ERROR] Failed to load resource: net::ERR_CONNECTION_REFUSED @ http://localhost:8080/api/chat/history?user1=kai_test&user2=jade_test:0
[ 1748152ms] [LOG] Failed to load chat history @ http://localhost:5173/src/App.jsx:1066
[ 1750155ms] [ERROR] Failed to load resource: net::ERR_CONNECTION_REFUSED @ http://localhost:8080/api/chat/history?user1=kai_test&user2=jade_test:0
[ 1750155ms] [LOG] Failed to load chat history @ http://localhost:5173/src/App.jsx:1066
[ 1750911ms] [ERROR] Failed to load resource: net::ERR_CONNECTION_REFUSED @ http://localhost:8080/api/auth/users:0
[ 1750912ms] [LOG] Failed to load contacts @ http://localhost:5173/src/App.jsx:1009
[ 1750913ms] [ERROR] Failed to load resource: net::ERR_CONNECTION_REFUSED @ http://localhost:8080/api/groups/mine?username=kai_test:0
[ 1750913ms] [LOG] Failed to load groups @ http://localhost:5173/src/App.jsx:1019
[ 1752149ms] [ERROR] Failed to load resource: net::ERR_CONNECTION_REFUSED @ http://localhost:8080/api/chat/history?user1=kai_test&user2=jade_test:0
[ 1752149ms] [LOG] Failed to load chat history @ http://localhost:5173/src/App.jsx:1066
[ 1754144ms] [ERROR] Failed to load resource: net::ERR_CONNECTION_REFUSED @ http://localhost:8080/api/chat/history?user1=kai_test&user2=jade_test:0
[ 1754144ms] [LOG] Failed to load chat history @ http://localhost:5173/src/App.jsx:1066
[ 1755912ms] [ERROR] Failed to load resource: net::ERR_CONNECTION_REFUSED @ http://localhost:8080/api/auth/users:0
[ 1755912ms] [LOG] Failed to load contacts @ http://localhost:5173/src/App.jsx:1009
[ 1755913ms] [ERROR] Failed to load resource: net::ERR_CONNECTION_REFUSED @ http://localhost:8080/api/groups/mine?username=kai_test:0
[ 1755913ms] [LOG] Failed to load groups @ http://localhost:5173/src/App.jsx:1019
[ 1756145ms] [ERROR] Failed to load resource: net::ERR_CONNECTION_REFUSED @ http://localhost:8080/api/chat/history?user1=kai_test&user2=jade_test:0
[ 1756145ms] [LOG] Failed to load chat history @ http://localhost:5173/src/App.jsx:1066
[ 1758139ms] [ERROR] Failed to load resource: net::ERR_CONNECTION_REFUSED @ http://localhost:8080/api/chat/history?user1=kai_test&user2=jade_test:0
[ 1758139ms] [LOG] Failed to load chat history @ http://localhost:5173/src/App.jsx:1066
[ 1760143ms] [ERROR] Failed to load resource: net::ERR_CONNECTION_REFUSED @ http://localhost:8080/api/chat/history?user1=kai_test&user2=jade_test:0
[ 1760143ms] [LOG] Failed to load chat history @ http://localhost:5173/src/App.jsx:1066
[ 1760909ms] [ERROR] Failed to load resource: net::ERR_CONNECTION_REFUSED @ http://localhost:8080/api/auth/users:0
[ 1760909ms] [LOG] Failed to load contacts @ http://localhost:5173/src/App.jsx:1009
[ 1760910ms] [ERROR] Failed to load resource: net::ERR_CONNECTION_REFUSED @ http://localhost:8080/api/groups/mine?username=kai_test:0
[ 1760912ms] [LOG] Failed to load groups @ http://localhost:5173/src/App.jsx:1019
[ 1762143ms] [ERROR] Failed to load resource: net::ERR_CONNECTION_REFUSED @ http://localhost:8080/api/chat/history?user1=kai_test&user2=jade_test:0
[ 1762143ms] [LOG] Failed to load chat history @ http://localhost:5173/src/App.jsx:1066
[ 1764140ms] [ERROR] Failed to load resource: net::ERR_CONNECTION_REFUSED @ http://localhost:8080/api/chat/history?user1=kai_test&user2=jade_test:0
[ 1764140ms] [LOG] Failed to load chat history @ http://localhost:5173/src/App.jsx:1066
[ 1765913ms] [ERROR] Failed to load resource: net::ERR_CONNECTION_REFUSED @ http://localhost:8080/api/auth/users:0
[ 1765915ms] [LOG] Failed to load contacts @ http://localhost:5173/src/App.jsx:1009
[ 1765918ms] [ERROR] Failed to load resource: net::ERR_CONNECTION_REFUSED @ http://localhost:8080/api/groups/mine?username=kai_test:0
[ 1765920ms] [LOG] Failed to load groups @ http://localhost:5173/src/App.jsx:1019
[ 1766139ms] [ERROR] Failed to load resource: net::ERR_CONNECTION_REFUSED @ http://localhost:8080/api/chat/history?user1=kai_test&user2=jade_test:0
[ 1766139ms] [LOG] Failed to load chat history @ http://localhost:5173/src/App.jsx:1066
[ 1768146ms] [ERROR] Failed to load resource: net::ERR_CONNECTION_REFUSED @ http://localhost:8080/api/chat/history?user1=kai_test&user2=jade_test:0
[ 1768146ms] [LOG] Failed to load chat history @ http://localhost:5173/src/App.jsx:1066
[ 1770151ms] [ERROR] Failed to load resource: net::ERR_CONNECTION_REFUSED @ http://localhost:8080/api/chat/history?user1=kai_test&user2=jade_test:0
[ 1770151ms] [LOG] Failed to load chat history @ http://localhost:5173/src/App.jsx:1066
[ 1770906ms] [ERROR] Failed to load resource: net::ERR_CONNECTION_REFUSED @ http://localhost:8080/api/auth/users:0
[ 1770906ms] [LOG] Failed to load contacts @ http://localhost:5173/src/App.jsx:1009
[ 1770906ms] [ERROR] Failed to load resource: net::ERR_CONNECTION_REFUSED @ http://localhost:8080/api/groups/mine?username=kai_test:0
[ 1770906ms] [LOG] Failed to load groups @ http://localhost:5173/src/App.jsx:1019
[ 1772148ms] [ERROR] Failed to load resource: net::ERR_CONNECTION_REFUSED @ http://localhost:8080/api/chat/history?user1=kai_test&user2=jade_test:0
[ 1772149ms] [LOG] Failed to load chat history @ http://localhost:5173/src/App.jsx:1066
[ 1774149ms] [ERROR] Failed to load resource: net::ERR_CONNECTION_REFUSED @ http://localhost:8080/api/chat/history?user1=kai_test&user2=jade_test:0
[ 1774150ms] [LOG] Failed to load chat history @ http://localhost:5173/src/App.jsx:1066
[ 1775923ms] [ERROR] Failed to load resource: net::ERR_CONNECTION_REFUSED @ http://localhost:8080/api/auth/users:0
[ 1775923ms] [LOG] Failed to load contacts @ http://localhost:5173/src/App.jsx:1009
[ 1775924ms] [ERROR] Failed to load resource: net::ERR_CONNECTION_REFUSED @ http://localhost:8080/api/groups/mine?username=kai_test:0
[ 1775924ms] [LOG] Failed to load groups @ http://localhost:5173/src/App.jsx:1019
[ 1776150ms] [ERROR] Failed to load resource: net::ERR_CONNECTION_REFUSED @ http://localhost:8080/api/chat/history?user1=kai_test&user2=jade_test:0
[ 1776150ms] [LOG] Failed to load chat history @ http://localhost:5173/src/App.jsx:1066
[ 1778149ms] [ERROR] Failed to load resource: net::ERR_CONNECTION_REFUSED @ http://localhost:8080/api/chat/history?user1=kai_test&user2=jade_test:0
[ 1778149ms] [LOG] Failed to load chat history @ http://localhost:5173/src/App.jsx:1066
[ 1780143ms] [ERROR] Failed to load resource: net::ERR_CONNECTION_REFUSED @ http://localhost:8080/api/chat/history?user1=kai_test&user2=jade_test:0
[ 1780143ms] [LOG] Failed to load chat history @ http://localhost:5173/src/App.jsx:1066
[ 1780912ms] [ERROR] Failed to load resource: net::ERR_CONNECTION_REFUSED @ http://localhost:8080/api/auth/users:0
[ 1780912ms] [LOG] Failed to load contacts @ http://localhost:5173/src/App.jsx:1009
[ 1780914ms] [ERROR] Failed to load resource: net::ERR_CONNECTION_REFUSED @ http://localhost:8080/api/groups/mine?username=kai_test:0
[ 1780914ms] [LOG] Failed to load groups @ http://localhost:5173/src/App.jsx:1019
[ 1782146ms] [ERROR] Failed to load resource: net::ERR_CONNECTION_REFUSED @ http://localhost:8080/api/chat/history?user1=kai_test&user2=jade_test:0
[ 1782147ms] [LOG] Failed to load chat history @ http://localhost:5173/src/App.jsx:1066
[ 1784152ms] [ERROR] Failed to load resource: net::ERR_CONNECTION_REFUSED @ http://localhost:8080/api/chat/history?user1=kai_test&user2=jade_test:0
[ 1784152ms] [LOG] Failed to load chat history @ http://localhost:5173/src/App.jsx:1066
[ 1785906ms] [ERROR] Failed to load resource: net::ERR_CONNECTION_REFUSED @ http://localhost:8080/api/auth/users:0
[ 1785906ms] [LOG] Failed to load contacts @ http://localhost:5173/src/App.jsx:1009
[ 1785908ms] [ERROR] Failed to load resource: net::ERR_CONNECTION_REFUSED @ http://localhost:8080/api/groups/mine?username=kai_test:0
[ 1785908ms] [LOG] Failed to load groups @ http://localhost:5173/src/App.jsx:1019
[ 1786142ms] [ERROR] Failed to load resource: net::ERR_CONNECTION_REFUSED @ http://localhost:8080/api/chat/history?user1=kai_test&user2=jade_test:0
[ 1786142ms] [LOG] Failed to load chat history @ http://localhost:5173/src/App.jsx:1066
[ 1788151ms] [ERROR] Failed to load resource: net::ERR_CONNECTION_REFUSED @ http://localhost:8080/api/chat/history?user1=kai_test&user2=jade_test:0
[ 1788151ms] [LOG] Failed to load chat history @ http://localhost:5173/src/App.jsx:1066
[ 1790145ms] [ERROR] Failed to load resource: net::ERR_CONNECTION_REFUSED @ http://localhost:8080/api/chat/history?user1=kai_test&user2=jade_test:0
[ 1790145ms] [LOG] Failed to load chat history @ http://localhost:5173/src/App.jsx:1066
[ 1790914ms] [ERROR] Failed to load resource: net::ERR_CONNECTION_REFUSED @ http://localhost:8080/api/auth/users:0
[ 1790914ms] [LOG] Failed to load contacts @ http://localhost:5173/src/App.jsx:1009
[ 1790916ms] [ERROR] Failed to load resource: net::ERR_CONNECTION_REFUSED @ http://localhost:8080/api/groups/mine?username=kai_test:0
[ 1790916ms] [LOG] Failed to load groups @ http://localhost:5173/src/App.jsx:1019
[ 1792172ms] [ERROR] Failed to load resource: net::ERR_CONNECTION_REFUSED @ http://localhost:8080/api/chat/history?user1=kai_test&user2=jade_test:0
[ 1792172ms] [LOG] Failed to load chat history @ http://localhost:5173/src/App.jsx:1066
[ 1794144ms] [ERROR] Failed to load resource: net::ERR_CONNECTION_REFUSED @ http://localhost:8080/api/chat/history?user1=kai_test&user2=jade_test:0
[ 1794144ms] [LOG] Failed to load chat history @ http://localhost:5173/src/App.jsx:1066
[ 1795918ms] [ERROR] Failed to load resource: net::ERR_CONNECTION_REFUSED @ http://localhost:8080/api/auth/users:0
[ 1795918ms] [LOG] Failed to load contacts @ http://localhost:5173/src/App.jsx:1009
[ 1795919ms] [ERROR] Failed to load resource: net::ERR_CONNECTION_REFUSED @ http://localhost:8080/api/groups/mine?username=kai_test:0
[ 1795919ms] [LOG] Failed to load groups @ http://localhost:5173/src/App.jsx:1019
[ 1796163ms] [ERROR] Failed to load resource: net::ERR_CONNECTION_REFUSED @ http://localhost:8080/api/chat/history?user1=kai_test&user2=jade_test:0
[ 1796163ms] [LOG] Failed to load chat history @ http://localhost:5173/src/App.jsx:1066
[ 1798138ms] [ERROR] Failed to load resource: net::ERR_CONNECTION_REFUSED @ http://localhost:8080/api/chat/history?user1=kai_test&user2=jade_test:0
[ 1798138ms] [LOG] Failed to load chat history @ http://localhost:5173/src/App.jsx:1066
[ 1800143ms] [ERROR] Failed to load resource: net::ERR_CONNECTION_REFUSED @ http://localhost:8080/api/chat/history?user1=kai_test&user2=jade_test:0
[ 1800143ms] [LOG] Failed to load chat history @ http://localhost:5173/src/App.jsx:1066
[ 1800906ms] [ERROR] Failed to load resource: net::ERR_CONNECTION_REFUSED @ http://localhost:8080/api/auth/users:0
[ 1800906ms] [LOG] Failed to load contacts @ http://localhost:5173/src/App.jsx:1009
[ 1800907ms] [ERROR] Failed to load resource: net::ERR_CONNECTION_REFUSED @ http://localhost:8080/api/groups/mine?username=kai_test:0
[ 1800907ms] [LOG] Failed to load groups @ http://localhost:5173/src/App.jsx:1019
[ 1802144ms] [ERROR] Failed to load resource: net::ERR_CONNECTION_REFUSED @ http://localhost:8080/api/chat/history?user1=kai_test&user2=jade_test:0
[ 1802144ms] [LOG] Failed to load chat history @ http://localhost:5173/src/App.jsx:1066
[ 1804148ms] [ERROR] Failed to load resource: net::ERR_CONNECTION_REFUSED @ http://localhost:8080/api/chat/history?user1=kai_test&user2=jade_test:0
[ 1804148ms] [LOG] Failed to load chat history @ http://localhost:5173/src/App.jsx:1066
[ 1805911ms] [ERROR] Failed to load resource: net::ERR_CONNECTION_REFUSED @ http://localhost:8080/api/auth/users:0
[ 1805911ms] [LOG] Failed to load contacts @ http://localhost:5173/src/App.jsx:1009
[ 1805912ms] [ERROR] Failed to load resource: net::ERR_CONNECTION_REFUSED @ http://localhost:8080/api/groups/mine?username=kai_test:0
[ 1805913ms] [LOG] Failed to load groups @ http://localhost:5173/src/App.jsx:1019
[ 1806144ms] [ERROR] Failed to load resource: net::ERR_CONNECTION_REFUSED @ http://localhost:8080/api/chat/history?user1=kai_test&user2=jade_test:0
[ 1806144ms] [LOG] Failed to load chat history @ http://localhost:5173/src/App.jsx:1066
[ 1808150ms] [ERROR] Failed to load resource: net::ERR_CONNECTION_REFUSED @ http://localhost:8080/api/chat/history?user1=kai_test&user2=jade_test:0
[ 1808150ms] [LOG] Failed to load chat history @ http://localhost:5173/src/App.jsx:1066
[ 1810146ms] [ERROR] Failed to load resource: net::ERR_CONNECTION_REFUSED @ http://localhost:8080/api/chat/history?user1=kai_test&user2=jade_test:0
[ 1810146ms] [LOG] Failed to load chat history @ http://localhost:5173/src/App.jsx:1066
[ 1810906ms] [ERROR] Failed to load resource: net::ERR_CONNECTION_REFUSED @ http://localhost:8080/api/auth/users:0
[ 1810906ms] [LOG] Failed to load contacts @ http://localhost:5173/src/App.jsx:1009
[ 1810908ms] [ERROR] Failed to load resource: net::ERR_CONNECTION_REFUSED @ http://localhost:8080/api/groups/mine?username=kai_test:0
[ 1810908ms] [LOG] Failed to load groups @ http://localhost:5173/src/App.jsx:1019
[ 1812145ms] [ERROR] Failed to load resource: net::ERR_CONNECTION_REFUSED @ http://localhost:8080/api/chat/history?user1=kai_test&user2=jade_test:0
[ 1812147ms] [LOG] Failed to load chat history @ http://localhost:5173/src/App.jsx:1066
[ 1814146ms] [ERROR] Failed to load resource: net::ERR_CONNECTION_REFUSED @ http://localhost:8080/api/chat/history?user1=kai_test&user2=jade_test:0
[ 1814146ms] [LOG] Failed to load chat history @ http://localhost:5173/src/App.jsx:1066
[ 1815933ms] [ERROR] Failed to load resource: net::ERR_CONNECTION_REFUSED @ http://localhost:8080/api/auth/users:0
[ 1815933ms] [LOG] Failed to load contacts @ http://localhost:5173/src/App.jsx:1009
[ 1815934ms] [ERROR] Failed to load resource: net::ERR_CONNECTION_REFUSED @ http://localhost:8080/api/groups/mine?username=kai_test:0
[ 1815934ms] [LOG] Failed to load groups @ http://localhost:5173/src/App.jsx:1019
[ 1816143ms] [ERROR] Failed to load resource: net::ERR_CONNECTION_REFUSED @ http://localhost:8080/api/chat/history?user1=kai_test&user2=jade_test:0
[ 1816143ms] [LOG] Failed to load chat history @ http://localhost:5173/src/App.jsx:1066
[ 1818147ms] [ERROR] Failed to load resource: net::ERR_CONNECTION_REFUSED @ http://localhost:8080/api/chat/history?user1=kai_test&user2=jade_test:0
[ 1818147ms] [LOG] Failed to load chat history @ http://localhost:5173/src/App.jsx:1066
[ 1820145ms] [ERROR] Failed to load resource: net::ERR_CONNECTION_REFUSED @ http://localhost:8080/api/chat/history?user1=kai_test&user2=jade_test:0
[ 1820146ms] [LOG] Failed to load chat history @ http://localhost:5173/src/App.jsx:1066
[ 1820911ms] [ERROR] Failed to load resource: net::ERR_CONNECTION_REFUSED @ http://localhost:8080/api/auth/users:0
[ 1820913ms] [LOG] Failed to load contacts @ http://localhost:5173/src/App.jsx:1009
[ 1820914ms] [ERROR] Failed to load resource: net::ERR_CONNECTION_REFUSED @ http://localhost:8080/api/groups/mine?username=kai_test:0
[ 1820915ms] [LOG] Failed to load groups @ http://localhost:5173/src/App.jsx:1019
[ 1822144ms] [ERROR] Failed to load resource: net::ERR_CONNECTION_REFUSED @ http://localhost:8080/api/chat/history?user1=kai_test&user2=jade_test:0
[ 1822144ms] [LOG] Failed to load chat history @ http://localhost:5173/src/App.jsx:1066
[ 1824139ms] [ERROR] Failed to load resource: net::ERR_CONNECTION_REFUSED @ http://localhost:8080/api/chat/history?user1=kai_test&user2=jade_test:0
[ 1824139ms] [LOG] Failed to load chat history @ http://localhost:5173/src/App.jsx:1066
[ 1825911ms] [ERROR] Failed to load resource: net::ERR_CONNECTION_REFUSED @ http://localhost:8080/api/auth/users:0
[ 1825911ms] [LOG] Failed to load contacts @ http://localhost:5173/src/App.jsx:1009
[ 1825911ms] [ERROR] Failed to load resource: net::ERR_CONNECTION_REFUSED @ http://localhost:8080/api/groups/mine?username=kai_test:0
[ 1825911ms] [LOG] Failed to load groups @ http://localhost:5173/src/App.jsx:1019
[ 1826145ms] [ERROR] Failed to load resource: net::ERR_CONNECTION_REFUSED @ http://localhost:8080/api/chat/history?user1=kai_test&user2=jade_test:0
[ 1826146ms] [LOG] Failed to load chat history @ http://localhost:5173/src/App.jsx:1066
[ 1828140ms] [ERROR] Failed to load resource: net::ERR_CONNECTION_REFUSED @ http://localhost:8080/api/chat/history?user1=kai_test&user2=jade_test:0
[ 1828140ms] [LOG] Failed to load chat history @ http://localhost:5173/src/App.jsx:1066
[ 1830138ms] [ERROR] Failed to load resource: net::ERR_CONNECTION_REFUSED @ http://localhost:8080/api/chat/history?user1=kai_test&user2=jade_test:0
[ 1830138ms] [LOG] Failed to load chat history @ http://localhost:5173/src/App.jsx:1066
[ 1830905ms] [ERROR] Failed to load resource: net::ERR_CONNECTION_REFUSED @ http://localhost:8080/api/auth/users:0
[ 1830905ms] [LOG] Failed to load contacts @ http://localhost:5173/src/App.jsx:1009
[ 1830907ms] [ERROR] Failed to load resource: net::ERR_CONNECTION_REFUSED @ http://localhost:8080/api/groups/mine?username=kai_test:0
[ 1830907ms] [LOG] Failed to load groups @ http://localhost:5173/src/App.jsx:1019
[ 1832147ms] [ERROR] Failed to load resource: net::ERR_CONNECTION_REFUSED @ http://localhost:8080/api/chat/history?user1=kai_test&user2=jade_test:0
[ 1832147ms] [LOG] Failed to load chat history @ http://localhost:5173/src/App.jsx:1066
[ 1834143ms] [ERROR] Failed to load resource: net::ERR_CONNECTION_REFUSED @ http://localhost:8080/api/chat/history?user1=kai_test&user2=jade_test:0
[ 1834143ms] [LOG] Failed to load chat history @ http://localhost:5173/src/App.jsx:1066
[ 1835907ms] [ERROR] Failed to load resource: net::ERR_CONNECTION_REFUSED @ http://localhost:8080/api/auth/users:0
[ 1835907ms] [LOG] Failed to load contacts @ http://localhost:5173/src/App.jsx:1009
[ 1835907ms] [ERROR] Failed to load resource: net::ERR_CONNECTION_REFUSED @ http://localhost:8080/api/groups/mine?username=kai_test:0
[ 1835907ms] [LOG] Failed to load groups @ http://localhost:5173/src/App.jsx:1019
[ 1836141ms] [ERROR] Failed to load resource: net::ERR_CONNECTION_REFUSED @ http://localhost:8080/api/chat/history?user1=kai_test&user2=jade_test:0
[ 1836141ms] [LOG] Failed to load chat history @ http://localhost:5173/src/App.jsx:1066
[ 1838140ms] [ERROR] Failed to load resource: net::ERR_CONNECTION_REFUSED @ http://localhost:8080/api/chat/history?user1=kai_test&user2=jade_test:0
[ 1838140ms] [LOG] Failed to load chat history @ http://localhost:5173/src/App.jsx:1066
[ 1840146ms] [ERROR] Failed to load resource: net::ERR_CONNECTION_REFUSED @ http://localhost:8080/api/chat/history?user1=kai_test&user2=jade_test:0
[ 1840146ms] [LOG] Failed to load chat history @ http://localhost:5173/src/App.jsx:1066
[ 1840912ms] [ERROR] Failed to load resource: net::ERR_CONNECTION_REFUSED @ http://localhost:8080/api/auth/users:0
[ 1840913ms] [LOG] Failed to load contacts @ http://localhost:5173/src/App.jsx:1009
[ 1840914ms] [ERROR] Failed to load resource: net::ERR_CONNECTION_REFUSED @ http://localhost:8080/api/groups/mine?username=kai_test:0
[ 1840914ms] [LOG] Failed to load groups @ http://localhost:5173/src/App.jsx:1019
[ 1842140ms] [ERROR] Failed to load resource: net::ERR_CONNECTION_REFUSED @ http://localhost:8080/api/chat/history?user1=kai_test&user2=jade_test:0
[ 1842140ms] [LOG] Failed to load chat history @ http://localhost:5173/src/App.jsx:1066
[ 1844148ms] [ERROR] Failed to load resource: net::ERR_CONNECTION_REFUSED @ http://localhost:8080/api/chat/history?user1=kai_test&user2=jade_test:0
[ 1844151ms] [LOG] Failed to load chat history @ http://localhost:5173/src/App.jsx:1066
[ 1845916ms] [ERROR] Failed to load resource: net::ERR_CONNECTION_REFUSED @ http://localhost:8080/api/auth/users:0
[ 1845916ms] [LOG] Failed to load contacts @ http://localhost:5173/src/App.jsx:1009
[ 1845917ms] [ERROR] Failed to load resource: net::ERR_CONNECTION_REFUSED @ http://localhost:8080/api/groups/mine?username=kai_test:0
[ 1845917ms] [LOG] Failed to load groups @ http://localhost:5173/src/App.jsx:1019
[ 1846148ms] [ERROR] Failed to load resource: net::ERR_CONNECTION_REFUSED @ http://localhost:8080/api/chat/history?user1=kai_test&user2=jade_test:0
[ 1846148ms] [LOG] Failed to load chat history @ http://localhost:5173/src/App.jsx:1066
[ 1848149ms] [ERROR] Failed to load resource: net::ERR_CONNECTION_REFUSED @ http://localhost:8080/api/chat/history?user1=kai_test&user2=jade_test:0
[ 1848149ms] [LOG] Failed to load chat history @ http://localhost:5173/src/App.jsx:1066
[ 1850138ms] [ERROR] Failed to load resource: net::ERR_CONNECTION_REFUSED @ http://localhost:8080/api/chat/history?user1=kai_test&user2=jade_test:0
[ 1850138ms] [LOG] Failed to load chat history @ http://localhost:5173/src/App.jsx:1066
[ 1850904ms] [ERROR] Failed to load resource: net::ERR_CONNECTION_REFUSED @ http://localhost:8080/api/auth/users:0
[ 1850905ms] [LOG] Failed to load contacts @ http://localhost:5173/src/App.jsx:1009
[ 1850905ms] [ERROR] Failed to load resource: net::ERR_CONNECTION_REFUSED @ http://localhost:8080/api/groups/mine?username=kai_test:0
[ 1850905ms] [LOG] Failed to load groups @ http://localhost:5173/src/App.jsx:1019
[ 1852144ms] [ERROR] Failed to load resource: net::ERR_CONNECTION_REFUSED @ http://localhost:8080/api/chat/history?user1=kai_test&user2=jade_test:0
[ 1852144ms] [LOG] Failed to load chat history @ http://localhost:5173/src/App.jsx:1066
[ 1854149ms] [ERROR] Failed to load resource: net::ERR_CONNECTION_REFUSED @ http://localhost:8080/api/chat/history?user1=kai_test&user2=jade_test:0
[ 1854149ms] [LOG] Failed to load chat history @ http://localhost:5173/src/App.jsx:1066
[ 1855917ms] [ERROR] Failed to load resource: net::ERR_CONNECTION_REFUSED @ http://localhost:8080/api/auth/users:0
[ 1855917ms] [LOG] Failed to load contacts @ http://localhost:5173/src/App.jsx:1009
[ 1855917ms] [ERROR] Failed to load resource: net::ERR_CONNECTION_REFUSED @ http://localhost:8080/api/groups/mine?username=kai_test:0
[ 1855917ms] [LOG] Failed to load groups @ http://localhost:5173/src/App.jsx:1019
[ 1856148ms] [ERROR] Failed to load resource: net::ERR_CONNECTION_REFUSED @ http://localhost:8080/api/chat/history?user1=kai_test&user2=jade_test:0
[ 1856148ms] [LOG] Failed to load chat history @ http://localhost:5173/src/App.jsx:1066
[ 1858150ms] [ERROR] Failed to load resource: net::ERR_CONNECTION_REFUSED @ http://localhost:8080/api/chat/history?user1=kai_test&user2=jade_test:0
[ 1858151ms] [LOG] Failed to load chat history @ http://localhost:5173/src/App.jsx:1066
[ 1860151ms] [ERROR] Failed to load resource: net::ERR_CONNECTION_REFUSED @ http://localhost:8080/api/chat/history?user1=kai_test&user2=jade_test:0
[ 1860151ms] [LOG] Failed to load chat history @ http://localhost:5173/src/App.jsx:1066
[ 1860906ms] [ERROR] Failed to load resource: net::ERR_CONNECTION_REFUSED @ http://localhost:8080/api/auth/users:0
[ 1860907ms] [LOG] Failed to load contacts @ http://localhost:5173/src/App.jsx:1009
[ 1860909ms] [ERROR] Failed to load resource: net::ERR_CONNECTION_REFUSED @ http://localhost:8080/api/groups/mine?username=kai_test:0
[ 1860909ms] [LOG] Failed to load groups @ http://localhost:5173/src/App.jsx:1019
[ 1862155ms] [ERROR] Failed to load resource: net::ERR_CONNECTION_REFUSED @ http://localhost:8080/api/chat/history?user1=kai_test&user2=jade_test:0
[ 1862155ms] [LOG] Failed to load chat history @ http://localhost:5173/src/App.jsx:1066
[ 1864144ms] [ERROR] Failed to load resource: net::ERR_CONNECTION_REFUSED @ http://localhost:8080/api/chat/history?user1=kai_test&user2=jade_test:0
[ 1864144ms] [LOG] Failed to load chat history @ http://localhost:5173/src/App.jsx:1066
[ 1865916ms] [ERROR] Failed to load resource: net::ERR_CONNECTION_REFUSED @ http://localhost:8080/api/auth/users:0
[ 1865916ms] [LOG] Failed to load contacts @ http://localhost:5173/src/App.jsx:1009
[ 1865917ms] [ERROR] Failed to load resource: net::ERR_CONNECTION_REFUSED @ http://localhost:8080/api/groups/mine?username=kai_test:0
[ 1865917ms] [LOG] Failed to load groups @ http://localhost:5173/src/App.jsx:1019
[ 1866152ms] [ERROR] Failed to load resource: net::ERR_CONNECTION_REFUSED @ http://localhost:8080/api/chat/history?user1=kai_test&user2=jade_test:0
[ 1866152ms] [LOG] Failed to load chat history @ http://localhost:5173/src/App.jsx:1066
[ 1868148ms] [ERROR] Failed to load resource: net::ERR_CONNECTION_REFUSED @ http://localhost:8080/api/chat/history?user1=kai_test&user2=jade_test:0
[ 1868148ms] [LOG] Failed to load chat history @ http://localhost:5173/src/App.jsx:1066
[ 1870139ms] [ERROR] Failed to load resource: net::ERR_CONNECTION_REFUSED @ http://localhost:8080/api/chat/history?user1=kai_test&user2=jade_test:0
[ 1870139ms] [LOG] Failed to load chat history @ http://localhost:5173/src/App.jsx:1066
[ 1870934ms] [ERROR] Failed to load resource: net::ERR_CONNECTION_REFUSED @ http://localhost:8080/api/auth/users:0
[ 1870934ms] [LOG] Failed to load contacts @ http://localhost:5173/src/App.jsx:1009
[ 1870935ms] [ERROR] Failed to load resource: net::ERR_CONNECTION_REFUSED @ http://localhost:8080/api/groups/mine?username=kai_test:0
[ 1870936ms] [LOG] Failed to load groups @ http://localhost:5173/src/App.jsx:1019
[ 1872152ms] [ERROR] Failed to load resource: net::ERR_CONNECTION_REFUSED @ http://localhost:8080/api/chat/history?user1=kai_test&user2=jade_test:0
[ 1872152ms] [LOG] Failed to load chat history @ http://localhost:5173/src/App.jsx:1066
[ 1874137ms] [ERROR] Failed to load resource: net::ERR_CONNECTION_REFUSED @ http://localhost:8080/api/chat/history?user1=kai_test&user2=jade_test:0
[ 1874137ms] [LOG] Failed to load chat history @ http://localhost:5173/src/App.jsx:1066
[ 1875921ms] [ERROR] Failed to load resource: net::ERR_CONNECTION_REFUSED @ http://localhost:8080/api/auth/users:0
[ 1875921ms] [LOG] Failed to load contacts @ http://localhost:5173/src/App.jsx:1009
[ 1875924ms] [ERROR] Failed to load resource: net::ERR_CONNECTION_REFUSED @ http://localhost:8080/api/groups/mine?username=kai_test:0
[ 1875926ms] [LOG] Failed to load groups @ http://localhost:5173/src/App.jsx:1019
[ 1876161ms] [ERROR] Failed to load resource: net::ERR_CONNECTION_REFUSED @ http://localhost:8080/api/chat/history?user1=kai_test&user2=jade_test:0
[ 1876162ms] [LOG] Failed to load chat history @ http://localhost:5173/src/App.jsx:1066
[ 1878156ms] [ERROR] Failed to load resource: net::ERR_CONNECTION_REFUSED @ http://localhost:8080/api/chat/history?user1=kai_test&user2=jade_test:0
[ 1878156ms] [LOG] Failed to load chat history @ http://localhost:5173/src/App.jsx:1066
[ 1880145ms] [ERROR] Failed to load resource: net::ERR_CONNECTION_REFUSED @ http://localhost:8080/api/chat/history?user1=kai_test&user2=jade_test:0
[ 1880145ms] [LOG] Failed to load chat history @ http://localhost:5173/src/App.jsx:1066
[ 1880912ms] [ERROR] Failed to load resource: net::ERR_CONNECTION_REFUSED @ http://localhost:8080/api/auth/users:0
[ 1880912ms] [LOG] Failed to load contacts @ http://localhost:5173/src/App.jsx:1009
[ 1880914ms] [ERROR] Failed to load resource: net::ERR_CONNECTION_REFUSED @ http://localhost:8080/api/groups/mine?username=kai_test:0
[ 1880915ms] [LOG] Failed to load groups @ http://localhost:5173/src/App.jsx:1019
[ 1882143ms] [ERROR] Failed to load resource: net::ERR_CONNECTION_REFUSED @ http://localhost:8080/api/chat/history?user1=kai_test&user2=jade_test:0
[ 1882143ms] [LOG] Failed to load chat history @ http://localhost:5173/src/App.jsx:1066
[ 1884143ms] [ERROR] Failed to load resource: net::ERR_CONNECTION_REFUSED @ http://localhost:8080/api/chat/history?user1=kai_test&user2=jade_test:0
[ 1884144ms] [LOG] Failed to load chat history @ http://localhost:5173/src/App.jsx:1066
[ 1885907ms] [ERROR] Failed to load resource: net::ERR_NO_BUFFER_SPACE @ http://localhost:8080/api/auth/users:0
[ 1885907ms] [LOG] Failed to load contacts @ http://localhost:5173/src/App.jsx:1009
[ 1885908ms] [ERROR] Failed to load resource: net::ERR_CONNECTION_REFUSED @ http://localhost:8080/api/groups/mine?username=kai_test:0
[ 1885908ms] [LOG] Failed to load groups @ http://localhost:5173/src/App.jsx:1019
[ 1886139ms] [ERROR] Failed to load resource: net::ERR_CONNECTION_REFUSED @ http://localhost:8080/api/chat/history?user1=kai_test&user2=jade_test:0
[ 1886139ms] [LOG] Failed to load chat history @ http://localhost:5173/src/App.jsx:1066
[ 1888147ms] [ERROR] Failed to load resource: net::ERR_CONNECTION_REFUSED @ http://localhost:8080/api/chat/history?user1=kai_test&user2=jade_test:0
[ 1888147ms] [LOG] Failed to load chat history @ http://localhost:5173/src/App.jsx:1066
[ 1889114ms] [ERROR] Failed to load resource: net::ERR_CONNECTION_REFUSED @ http://localhost:8080/api/chat/send:0
[ 1889114ms] [LOG] Message send failed: TypeError: Failed to fetch
    at api (http://localhost:5173/src/App.jsx:13:20)
    at handleSendMessage (http://localhost:5173/src/App.jsx:1092:27) @ http://localhost:5173/src/App.jsx:1104
[ 1890145ms] [ERROR] Failed to load resource: net::ERR_CONNECTION_REFUSED @ http://localhost:8080/api/chat/history?user1=kai_test&user2=jade_test:0
[ 1890145ms] [LOG] Failed to load chat history @ http://localhost:5173/src/App.jsx:1066
[ 1890907ms] [ERROR] Failed to load resource: net::ERR_CONNECTION_REFUSED @ http://localhost:8080/api/auth/users:0
[ 1890907ms] [LOG] Failed to load contacts @ http://localhost:5173/src/App.jsx:1009
[ 1890909ms] [ERROR] Failed to load resource: net::ERR_CONNECTION_REFUSED @ http://localhost:8080/api/groups/mine?username=kai_test:0
[ 1890909ms] [LOG] Failed to load groups @ http://localhost:5173/src/App.jsx:1019
[ 1892153ms] [ERROR] Failed to load resource: net::ERR_CONNECTION_REFUSED @ http://localhost:8080/api/chat/history?user1=kai_test&user2=jade_test:0
[ 1892153ms] [LOG] Failed to load chat history @ http://localhost:5173/src/App.jsx:1066
[ 1892517ms] [ERROR] Failed to load resource: net::ERR_CONNECTION_REFUSED @ http://localhost:8080/api/groups/b3928152-115c-4ca6-ae22-3a190e144235/messages:0
[ 1892517ms] [LOG] Failed to load group messages @ http://localhost:5173/src/App.jsx:1040
[ 1894518ms] [ERROR] Failed to load resource: net::ERR_CONNECTION_REFUSED @ http://localhost:8080/api/groups/b3928152-115c-4ca6-ae22-3a190e144235/messages:0
[ 1894518ms] [LOG] Failed to load group messages @ http://localhost:5173/src/App.jsx:1040
[ 1894828ms] [ERROR] Failed to load resource: net::ERR_CONNECTION_REFUSED @ http://localhost:8080/api/groups/b3928152-115c-4ca6-ae22-3a190e144235/messages:0
[ 1894828ms] [LOG] Group message send failed: TypeError: Failed to fetch
    at api (http://localhost:5173/src/App.jsx:13:20)
    at handleSendGroupMessage (http://localhost:5173/src/App.jsx:1115:10)
    at handleSend (http://localhost:5173/src/App.jsx:570:4)
    at executeDispatch (http://localhost:5173/node_modules/.vite/deps/react-dom_client.js?v=fdad505b:9139:5)
    at runWithFiberInDEV (http://localhost:5173/node_modules/.vite/deps/react-dom_client.js?v=fdad505b:850:66)
    at processDispatchQueue (http://localhost:5173/node_modules/.vite/deps/react-dom_client.js?v=fdad505b:9165:27)
    at http://localhost:5173/node_modules/.vite/deps/react-dom_client.js?v=fdad505b:9452:5
    at batchedUpdates$1 (http://localhost:5173/node_modules/.vite/deps/react-dom_client.js?v=fdad505b:2042:12)
    at dispatchEventForPluginEventSystem (http://localhost:5173/node_modules/.vite/deps/react-dom_client.js?v=fdad505b:9238:4)
    at dispatchEvent (http://localhost:5173/node_modules/.vite/deps/react-dom_client.js?v=fdad505b:11317:29) @ http://localhost:5173/src/App.jsx:1123
[ 1895904ms] [ERROR] Failed to load resource: net::ERR_CONNECTION_REFUSED @ http://localhost:8080/api/auth/users:0
[ 1895904ms] [LOG] Failed to load contacts @ http://localhost:5173/src/App.jsx:1009
[ 1895904ms] [ERROR] Failed to load resource: net::ERR_CONNECTION_REFUSED @ http://localhost:8080/api/groups/mine?username=kai_test:0
[ 1895904ms] [LOG] Failed to load groups @ http://localhost:5173/src/App.jsx:1019
[ 1896523ms] [ERROR] Failed to load resource: net::ERR_CONNECTION_REFUSED @ http://localhost:8080/api/groups/b3928152-115c-4ca6-ae22-3a190e144235/messages:0
[ 1896523ms] [LOG] Failed to load group messages @ http://localhost:5173/src/App.jsx:1040
[ 1898520ms] [ERROR] Failed to load resource: net::ERR_CONNECTION_REFUSED @ http://localhost:8080/api/groups/b3928152-115c-4ca6-ae22-3a190e144235/messages:0
[ 1898520ms] [LOG] Failed to load group messages @ http://localhost:5173/src/App.jsx:1040
[ 1900533ms] [ERROR] Failed to load resource: net::ERR_CONNECTION_REFUSED @ http://localhost:8080/api/groups/b3928152-115c-4ca6-ae22-3a190e144235/messages:0
[ 1900534ms] [LOG] Failed to load group messages @ http://localhost:5173/src/App.jsx:1040
[ 1900968ms] [ERROR] Failed to load resource: net::ERR_CONNECTION_REFUSED @ http://localhost:8080/api/auth/users:0
[ 1900968ms] [LOG] Failed to load contacts @ http://localhost:5173/src/App.jsx:1009
[ 1900973ms] [ERROR] Failed to load resource: net::ERR_CONNECTION_REFUSED @ http://localhost:8080/api/groups/mine?username=kai_test:0
[ 1900973ms] [LOG] Failed to load groups @ http://localhost:5173/src/App.jsx:1019
[ 1902548ms] [ERROR] Failed to load resource: net::ERR_CONNECTION_REFUSED @ http://localhost:8080/api/groups/b3928152-115c-4ca6-ae22-3a190e144235/messages:0
[ 1902554ms] [LOG] Failed to load group messages @ http://localhost:5173/src/App.jsx:1040
[ 1904522ms] [ERROR] Failed to load resource: net::ERR_CONNECTION_REFUSED @ http://localhost:8080/api/groups/b3928152-115c-4ca6-ae22-3a190e144235/messages:0
[ 1904522ms] [LOG] Failed to load group messages @ http://localhost:5173/src/App.jsx:1040
[ 1905921ms] [ERROR] Failed to load resource: net::ERR_CONNECTION_REFUSED @ http://localhost:8080/api/auth/users:0
[ 1905922ms] [LOG] Failed to load contacts @ http://localhost:5173/src/App.jsx:1009
[ 1905924ms] [ERROR] Failed to load resource: net::ERR_CONNECTION_REFUSED @ http://localhost:8080/api/groups/mine?username=kai_test:0
[ 1905925ms] [LOG] Failed to load groups @ http://localhost:5173/src/App.jsx:1019
[ 1906524ms] [ERROR] Failed to load resource: net::ERR_CONNECTION_REFUSED @ http://localhost:8080/api/groups/b3928152-115c-4ca6-ae22-3a190e144235/messages:0
[ 1906525ms] [LOG] Failed to load group messages @ http://localhost:5173/src/App.jsx:1040
[ 1908522ms] [ERROR] Failed to load resource: net::ERR_CONNECTION_REFUSED @ http://localhost:8080/api/groups/b3928152-115c-4ca6-ae22-3a190e144235/messages:0
[ 1908522ms] [LOG] Failed to load group messages @ http://localhost:5173/src/App.jsx:1040
[ 1910544ms] [ERROR] Failed to load resource: net::ERR_CONNECTION_REFUSED @ http://localhost:8080/api/groups/b3928152-115c-4ca6-ae22-3a190e144235/messages:0
[ 1910544ms] [LOG] Failed to load group messages @ http://localhost:5173/src/App.jsx:1040
[ 1910910ms] [ERROR] Failed to load resource: net::ERR_CONNECTION_REFUSED @ http://localhost:8080/api/auth/users:0
[ 1910911ms] [LOG] Failed to load contacts @ http://localhost:5173/src/App.jsx:1009
[ 1910913ms] [ERROR] Failed to load resource: net::ERR_CONNECTION_REFUSED @ http://localhost:8080/api/groups/mine?username=kai_test:0
[ 1910914ms] [LOG] Failed to load groups @ http://localhost:5173/src/App.jsx:1019
[ 1912525ms] [ERROR] Failed to load resource: net::ERR_CONNECTION_REFUSED @ http://localhost:8080/api/groups/b3928152-115c-4ca6-ae22-3a190e144235/messages:0
[ 1912525ms] [LOG] Failed to load group messages @ http://localhost:5173/src/App.jsx:1040
[ 1914517ms] [ERROR] Failed to load resource: net::ERR_CONNECTION_REFUSED @ http://localhost:8080/api/groups/b3928152-115c-4ca6-ae22-3a190e144235/messages:0
[ 1914517ms] [LOG] Failed to load group messages @ http://localhost:5173/src/App.jsx:1040
[ 1915912ms] [ERROR] Failed to load resource: net::ERR_CONNECTION_REFUSED @ http://localhost:8080/api/auth/users:0
[ 1915912ms] [LOG] Failed to load contacts @ http://localhost:5173/src/App.jsx:1009
[ 1915913ms] [ERROR] Failed to load resource: net::ERR_CONNECTION_REFUSED @ http://localhost:8080/api/groups/mine?username=kai_test:0
[ 1915913ms] [LOG] Failed to load groups @ http://localhost:5173/src/App.jsx:1019
[ 1916525ms] [ERROR] Failed to load resource: net::ERR_CONNECTION_REFUSED @ http://localhost:8080/api/groups/b3928152-115c-4ca6-ae22-3a190e144235/messages:0
[ 1916525ms] [LOG] Failed to load group messages @ http://localhost:5173/src/App.jsx:1040
[ 1918518ms] [ERROR] Failed to load resource: net::ERR_CONNECTION_REFUSED @ http://localhost:8080/api/groups/b3928152-115c-4ca6-ae22-3a190e144235/messages:0
[ 1918518ms] [LOG] Failed to load group messages @ http://localhost:5173/src/App.jsx:1040
[ 1920520ms] [ERROR] Failed to load resource: net::ERR_CONNECTION_REFUSED @ http://localhost:8080/api/groups/b3928152-115c-4ca6-ae22-3a190e144235/messages:0
[ 1920520ms] [LOG] Failed to load group messages @ http://localhost:5173/src/App.jsx:1040
[ 1920906ms] [ERROR] Failed to load resource: net::ERR_CONNECTION_REFUSED @ http://localhost:8080/api/auth/users:0
[ 1920906ms] [LOG] Failed to load contacts @ http://localhost:5173/src/App.jsx:1009
[ 1920908ms] [ERROR] Failed to load resource: net::ERR_CONNECTION_REFUSED @ http://localhost:8080/api/groups/mine?username=kai_test:0
[ 1920909ms] [LOG] Failed to load groups @ http://localhost:5173/src/App.jsx:1019
[ 1922536ms] [ERROR] Failed to load resource: net::ERR_CONNECTION_REFUSED @ http://localhost:8080/api/groups/b3928152-115c-4ca6-ae22-3a190e144235/messages:0
[ 1922537ms] [LOG] Failed to load group messages @ http://localhost:5173/src/App.jsx:1040
[ 1924518ms] [ERROR] Failed to load resource: net::ERR_CONNECTION_REFUSED @ http://localhost:8080/api/groups/b3928152-115c-4ca6-ae22-3a190e144235/messages:0
[ 1924519ms] [LOG] Failed to load group messages @ http://localhost:5173/src/App.jsx:1040
[ 1925908ms] [ERROR] Failed to load resource: net::ERR_CONNECTION_REFUSED @ http://localhost:8080/api/auth/users:0
[ 1925908ms] [LOG] Failed to load contacts @ http://localhost:5173/src/App.jsx:1009
[ 1925908ms] [ERROR] Failed to load resource: net::ERR_CONNECTION_REFUSED @ http://localhost:8080/api/groups/mine?username=kai_test:0
[ 1925909ms] [LOG] Failed to load groups @ http://localhost:5173/src/App.jsx:1019
[ 1926526ms] [ERROR] Failed to load resource: net::ERR_CONNECTION_REFUSED @ http://localhost:8080/api/groups/b3928152-115c-4ca6-ae22-3a190e144235/messages:0
[ 1926526ms] [LOG] Failed to load group messages @ http://localhost:5173/src/App.jsx:1040
[ 1928537ms] [ERROR] Failed to load resource: net::ERR_CONNECTION_REFUSED @ http://localhost:8080/api/groups/b3928152-115c-4ca6-ae22-3a190e144235/messages:0
[ 1928540ms] [LOG] Failed to load group messages @ http://localhost:5173/src/App.jsx:1040
[ 1930531ms] [ERROR] Failed to load resource: net::ERR_CONNECTION_REFUSED @ http://localhost:8080/api/groups/b3928152-115c-4ca6-ae22-3a190e144235/messages:0
[ 1930531ms] [LOG] Failed to load group messages @ http://localhost:5173/src/App.jsx:1040
[ 1930904ms] [ERROR] Failed to load resource: net::ERR_CONNECTION_REFUSED @ http://localhost:8080/api/auth/users:0
[ 1930904ms] [LOG] Failed to load contacts @ http://localhost:5173/src/App.jsx:1009
[ 1930907ms] [ERROR] Failed to load resource: net::ERR_CONNECTION_REFUSED @ http://localhost:8080/api/groups/mine?username=kai_test:0
[ 1930907ms] [LOG] Failed to load groups @ http://localhost:5173/src/App.jsx:1019
[ 1932532ms] [ERROR] Failed to load resource: net::ERR_CONNECTION_REFUSED @ http://localhost:8080/api/groups/b3928152-115c-4ca6-ae22-3a190e144235/messages:0
[ 1932532ms] [LOG] Failed to load group messages @ http://localhost:5173/src/App.jsx:1040
[ 1934537ms] [ERROR] Failed to load resource: net::ERR_CONNECTION_REFUSED @ http://localhost:8080/api/groups/b3928152-115c-4ca6-ae22-3a190e144235/messages:0
[ 1934537ms] [LOG] Failed to load group messages @ http://localhost:5173/src/App.jsx:1040
[ 1935908ms] [ERROR] Failed to load resource: net::ERR_CONNECTION_REFUSED @ http://localhost:8080/api/auth/users:0
[ 1935908ms] [LOG] Failed to load contacts @ http://localhost:5173/src/App.jsx:1009
[ 1935908ms] [ERROR] Failed to load resource: net::ERR_CONNECTION_REFUSED @ http://localhost:8080/api/groups/mine?username=kai_test:0
[ 1935909ms] [LOG] Failed to load groups @ http://localhost:5173/src/App.jsx:1019
[ 1936528ms] [ERROR] Failed to load resource: net::ERR_CONNECTION_REFUSED @ http://localhost:8080/api/groups/b3928152-115c-4ca6-ae22-3a190e144235/messages:0
[ 1936532ms] [LOG] Failed to load group messages @ http://localhost:5173/src/App.jsx:1040
[ 1938529ms] [ERROR] Failed to load resource: net::ERR_CONNECTION_REFUSED @ http://localhost:8080/api/groups/b3928152-115c-4ca6-ae22-3a190e144235/messages:0
[ 1938529ms] [LOG] Failed to load group messages @ http://localhost:5173/src/App.jsx:1040
[ 1940551ms] [ERROR] Failed to load resource: net::ERR_CONNECTION_REFUSED @ http://localhost:8080/api/groups/b3928152-115c-4ca6-ae22-3a190e144235/messages:0
[ 1940558ms] [LOG] Failed to load group messages @ http://localhost:5173/src/App.jsx:1040
[ 1941008ms] [ERROR] Failed to load resource: net::ERR_CONNECTION_REFUSED @ http://localhost:8080/api/auth/users:0
[ 1941008ms] [LOG] Failed to load contacts @ http://localhost:5173/src/App.jsx:1009
[ 1941009ms] [ERROR] Failed to load resource: net::ERR_CONNECTION_REFUSED @ http://localhost:8080/api/groups/mine?username=kai_test:0
[ 1941012ms] [LOG] Failed to load groups @ http://localhost:5173/src/App.jsx:1019
[ 1942525ms] [ERROR] Failed to load resource: net::ERR_CONNECTION_REFUSED @ http://localhost:8080/api/groups/b3928152-115c-4ca6-ae22-3a190e144235/messages:0
[ 1942525ms] [LOG] Failed to load group messages @ http://localhost:5173/src/App.jsx:1040
[ 1944521ms] [ERROR] Failed to load resource: net::ERR_CONNECTION_REFUSED @ http://localhost:8080/api/groups/b3928152-115c-4ca6-ae22-3a190e144235/messages:0
[ 1944521ms] [LOG] Failed to load group messages @ http://localhost:5173/src/App.jsx:1040
[ 1945906ms] [ERROR] Failed to load resource: net::ERR_CONNECTION_REFUSED @ http://localhost:8080/api/auth/users:0
[ 1945908ms] [LOG] Failed to load contacts @ http://localhost:5173/src/App.jsx:1009
[ 1945909ms] [ERROR] Failed to load resource: net::ERR_CONNECTION_REFUSED @ http://localhost:8080/api/groups/mine?username=kai_test:0
[ 1945909ms] [LOG] Failed to load groups @ http://localhost:5173/src/App.jsx:1019
[ 1946531ms] [ERROR] Failed to load resource: net::ERR_CONNECTION_REFUSED @ http://localhost:8080/api/groups/b3928152-115c-4ca6-ae22-3a190e144235/messages:0
[ 1946531ms] [LOG] Failed to load group messages @ http://localhost:5173/src/App.jsx:1040
[ 1948527ms] [ERROR] Failed to load resource: net::ERR_CONNECTION_REFUSED @ http://localhost:8080/api/groups/b3928152-115c-4ca6-ae22-3a190e144235/messages:0
[ 1948527ms] [LOG] Failed to load group messages @ http://localhost:5173/src/App.jsx:1040
[ 1950632ms] [ERROR] Failed to load resource: net::ERR_CONNECTION_REFUSED @ http://localhost:8080/api/groups/b3928152-115c-4ca6-ae22-3a190e144235/messages:0
[ 1950633ms] [LOG] Failed to load group messages @ http://localhost:5173/src/App.jsx:1040
[ 1951129ms] [ERROR] Failed to load resource: net::ERR_CONNECTION_REFUSED @ http://localhost:8080/api/auth/users:0
[ 1951129ms] [LOG] Failed to load contacts @ http://localhost:5173/src/App.jsx:1009
[ 1951129ms] [ERROR] Failed to load resource: net::ERR_CONNECTION_REFUSED @ http://localhost:8080/api/groups/mine?username=kai_test:0
[ 1951129ms] [LOG] Failed to load groups @ http://localhost:5173/src/App.jsx:1019
[ 1952525ms] [ERROR] Failed to load resource: net::ERR_CONNECTION_REFUSED @ http://localhost:8080/api/groups/b3928152-115c-4ca6-ae22-3a190e144235/messages:0
[ 1952525ms] [LOG] Failed to load group messages @ http://localhost:5173/src/App.jsx:1040
[ 1954854ms] [ERROR] Failed to load resource: net::ERR_CONNECTION_REFUSED @ http://localhost:8080/api/groups/b3928152-115c-4ca6-ae22-3a190e144235/messages:0
[ 1954855ms] [LOG] Failed to load group messages @ http://localhost:5173/src/App.jsx:1040
[ 1955909ms] [ERROR] Failed to load resource: net::ERR_CONNECTION_REFUSED @ http://localhost:8080/api/auth/users:0
[ 1955913ms] [LOG] Failed to load contacts @ http://localhost:5173/src/App.jsx:1009
[ 1955916ms] [ERROR] Failed to load resource: net::ERR_CONNECTION_REFUSED @ http://localhost:8080/api/groups/mine?username=kai_test:0
[ 1955916ms] [LOG] Failed to load groups @ http://localhost:5173/src/App.jsx:1019
[ 1956528ms] [ERROR] Failed to load resource: net::ERR_CONNECTION_REFUSED @ http://localhost:8080/api/groups/b3928152-115c-4ca6-ae22-3a190e144235/messages:0
[ 1956529ms] [LOG] Failed to load group messages @ http://localhost:5173/src/App.jsx:1040
[ 1958523ms] [ERROR] Failed to load resource: net::ERR_CONNECTION_REFUSED @ http://localhost:8080/api/groups/b3928152-115c-4ca6-ae22-3a190e144235/messages:0
[ 1958523ms] [LOG] Failed to load group messages @ http://localhost:5173/src/App.jsx:1040
[ 1960531ms] [ERROR] Failed to load resource: net::ERR_CONNECTION_REFUSED @ http://localhost:8080/api/groups/b3928152-115c-4ca6-ae22-3a190e144235/messages:0
[ 1960531ms] [LOG] Failed to load group messages @ http://localhost:5173/src/App.jsx:1040
[ 1960950ms] [ERROR] Failed to load resource: net::ERR_CONNECTION_REFUSED @ http://localhost:8080/api/auth/users:0
[ 1960950ms] [LOG] Failed to load contacts @ http://localhost:5173/src/App.jsx:1009
[ 1960950ms] [ERROR] Failed to load resource: net::ERR_CONNECTION_REFUSED @ http://localhost:8080/api/groups/mine?username=kai_test:0
[ 1960950ms] [LOG] Failed to load groups @ http://localhost:5173/src/App.jsx:1019
[ 1962530ms] [ERROR] Failed to load resource: net::ERR_CONNECTION_REFUSED @ http://localhost:8080/api/groups/b3928152-115c-4ca6-ae22-3a190e144235/messages:0
[ 1962531ms] [LOG] Failed to load group messages @ http://localhost:5173/src/App.jsx:1040
[ 1964523ms] [ERROR] Failed to load resource: net::ERR_CONNECTION_REFUSED @ http://localhost:8080/api/groups/b3928152-115c-4ca6-ae22-3a190e144235/messages:0
[ 1964523ms] [LOG] Failed to load group messages @ http://localhost:5173/src/App.jsx:1040
[ 1965925ms] [ERROR] Failed to load resource: net::ERR_CONNECTION_REFUSED @ http://localhost:8080/api/auth/users:0
[ 1965926ms] [LOG] Failed to load contacts @ http://localhost:5173/src/App.jsx:1009
[ 1965926ms] [ERROR] Failed to load resource: net::ERR_CONNECTION_REFUSED @ http://localhost:8080/api/groups/mine?username=kai_test:0
[ 1965927ms] [LOG] Failed to load groups @ http://localhost:5173/src/App.jsx:1019
[ 1966522ms] [ERROR] Failed to load resource: net::ERR_CONNECTION_REFUSED @ http://localhost:8080/api/groups/b3928152-115c-4ca6-ae22-3a190e144235/messages:0
[ 1966523ms] [LOG] Failed to load group messages @ http://localhost:5173/src/App.jsx:1040
[ 1968526ms] [ERROR] Failed to load resource: net::ERR_CONNECTION_REFUSED @ http://localhost:8080/api/groups/b3928152-115c-4ca6-ae22-3a190e144235/messages:0
[ 1968527ms] [LOG] Failed to load group messages @ http://localhost:5173/src/App.jsx:1040
[ 1970522ms] [ERROR] Failed to load resource: net::ERR_CONNECTION_REFUSED @ http://localhost:8080/api/groups/b3928152-115c-4ca6-ae22-3a190e144235/messages:0
[ 1970522ms] [LOG] Failed to load group messages @ http://localhost:5173/src/App.jsx:1040
[ 1970909ms] [ERROR] Failed to load resource: net::ERR_CONNECTION_REFUSED @ http://localhost:8080/api/auth/users:0
[ 1970909ms] [LOG] Failed to load contacts @ http://localhost:5173/src/App.jsx:1009
[ 1970911ms] [ERROR] Failed to load resource: net::ERR_CONNECTION_REFUSED @ http://localhost:8080/api/groups/mine?username=kai_test:0
[ 1970911ms] [LOG] Failed to load groups @ http://localhost:5173/src/App.jsx:1019
[ 1972524ms] [ERROR] Failed to load resource: net::ERR_CONNECTION_REFUSED @ http://localhost:8080/api/groups/b3928152-115c-4ca6-ae22-3a190e144235/messages:0
[ 1972524ms] [LOG] Failed to load group messages @ http://localhost:5173/src/App.jsx:1040
[ 1974535ms] [ERROR] Failed to load resource: net::ERR_CONNECTION_REFUSED @ http://localhost:8080/api/groups/b3928152-115c-4ca6-ae22-3a190e144235/messages:0
[ 1974535ms] [LOG] Failed to load group messages @ http://localhost:5173/src/App.jsx:1040
[ 1975914ms] [ERROR] Failed to load resource: net::ERR_CONNECTION_REFUSED @ http://localhost:8080/api/auth/users:0
[ 1975914ms] [LOG] Failed to load contacts @ http://localhost:5173/src/App.jsx:1009
[ 1975915ms] [ERROR] Failed to load resource: net::ERR_CONNECTION_REFUSED @ http://localhost:8080/api/groups/mine?username=kai_test:0
[ 1975916ms] [LOG] Failed to load groups @ http://localhost:5173/src/App.jsx:1019
[ 1976669ms] [ERROR] Failed to load resource: net::ERR_CONNECTION_REFUSED @ http://localhost:8080/api/groups/b3928152-115c-4ca6-ae22-3a190e144235/messages:0
[ 1976678ms] [LOG] Failed to load group messages @ http://localhost:5173/src/App.jsx:1040
[ 1978541ms] [ERROR] Failed to load resource: net::ERR_CONNECTION_REFUSED @ http://localhost:8080/api/groups/b3928152-115c-4ca6-ae22-3a190e144235/messages:0
[ 1978541ms] [LOG] Failed to load group messages @ http://localhost:5173/src/App.jsx:1040
[ 1980530ms] [ERROR] Failed to load resource: net::ERR_CONNECTION_REFUSED @ http://localhost:8080/api/groups/b3928152-115c-4ca6-ae22-3a190e144235/messages:0
[ 1980531ms] [LOG] Failed to load group messages @ http://localhost:5173/src/App.jsx:1040
[ 1980906ms] [ERROR] Failed to load resource: net::ERR_CONNECTION_REFUSED @ http://localhost:8080/api/auth/users:0
[ 1980906ms] [LOG] Failed to load contacts @ http://localhost:5173/src/App.jsx:1009
[ 1980908ms] [ERROR] Failed to load resource: net::ERR_CONNECTION_REFUSED @ http://localhost:8080/api/groups/mine?username=kai_test:0
[ 1980908ms] [LOG] Failed to load groups @ http://localhost:5173/src/App.jsx:1019
[ 1982517ms] [ERROR] Failed to load resource: net::ERR_CONNECTION_REFUSED @ http://localhost:8080/api/groups/b3928152-115c-4ca6-ae22-3a190e144235/messages:0
[ 1982517ms] [LOG] Failed to load group messages @ http://localhost:5173/src/App.jsx:1040
[ 1984522ms] [ERROR] Failed to load resource: net::ERR_CONNECTION_REFUSED @ http://localhost:8080/api/groups/b3928152-115c-4ca6-ae22-3a190e144235/messages:0
[ 1984522ms] [LOG] Failed to load group messages @ http://localhost:5173/src/App.jsx:1040
[ 1985920ms] [ERROR] Failed to load resource: net::ERR_CONNECTION_REFUSED @ http://localhost:8080/api/auth/users:0
[ 1985921ms] [LOG] Failed to load contacts @ http://localhost:5173/src/App.jsx:1009
[ 1985922ms] [ERROR] Failed to load resource: net::ERR_CONNECTION_REFUSED @ http://localhost:8080/api/groups/mine?username=kai_test:0
[ 1985923ms] [LOG] Failed to load groups @ http://localhost:5173/src/App.jsx:1019
[ 1986526ms] [ERROR] Failed to load resource: net::ERR_CONNECTION_REFUSED @ http://localhost:8080/api/groups/b3928152-115c-4ca6-ae22-3a190e144235/messages:0
[ 1986526ms] [LOG] Failed to load group messages @ http://localhost:5173/src/App.jsx:1040
[ 1988530ms] [ERROR] Failed to load resource: net::ERR_CONNECTION_REFUSED @ http://localhost:8080/api/groups/b3928152-115c-4ca6-ae22-3a190e144235/messages:0
[ 1988530ms] [LOG] Failed to load group messages @ http://localhost:5173/src/App.jsx:1040
[ 1990531ms] [ERROR] Failed to load resource: net::ERR_CONNECTION_REFUSED @ http://localhost:8080/api/groups/b3928152-115c-4ca6-ae22-3a190e144235/messages:0
[ 1990531ms] [LOG] Failed to load group messages @ http://localhost:5173/src/App.jsx:1040
[ 1990904ms] [ERROR] Failed to load resource: net::ERR_CONNECTION_REFUSED @ http://localhost:8080/api/auth/users:0
[ 1990904ms] [LOG] Failed to load contacts @ http://localhost:5173/src/App.jsx:1009
[ 1990906ms] [ERROR] Failed to load resource: net::ERR_CONNECTION_REFUSED @ http://localhost:8080/api/groups/mine?username=kai_test:0
[ 1990906ms] [LOG] Failed to load groups @ http://localhost:5173/src/App.jsx:1019
[ 1992522ms] [ERROR] Failed to load resource: net::ERR_CONNECTION_REFUSED @ http://localhost:8080/api/groups/b3928152-115c-4ca6-ae22-3a190e144235/messages:0
[ 1992522ms] [LOG] Failed to load group messages @ http://localhost:5173/src/App.jsx:1040
[ 1994617ms] [ERROR] Failed to load resource: net::ERR_CONNECTION_REFUSED @ http://localhost:8080/api/groups/b3928152-115c-4ca6-ae22-3a190e144235/messages:0
[ 1994617ms] [LOG] Failed to load group messages @ http://localhost:5173/src/App.jsx:1040
[ 1995914ms] [ERROR] Failed to load resource: net::ERR_CONNECTION_REFUSED @ http://localhost:8080/api/auth/users:0
[ 1995914ms] [LOG] Failed to load contacts @ http://localhost:5173/src/App.jsx:1009
[ 1995916ms] [ERROR] Failed to load resource: net::ERR_CONNECTION_REFUSED @ http://localhost:8080/api/groups/mine?username=kai_test:0
[ 1995916ms] [LOG] Failed to load groups @ http://localhost:5173/src/App.jsx:1019
[ 1996525ms] [ERROR] Failed to load resource: net::ERR_CONNECTION_REFUSED @ http://localhost:8080/api/groups/b3928152-115c-4ca6-ae22-3a190e144235/messages:0
[ 1996525ms] [LOG] Failed to load group messages @ http://localhost:5173/src/App.jsx:1040
[ 1998531ms] [ERROR] Failed to load resource: net::ERR_CONNECTION_REFUSED @ http://localhost:8080/api/groups/b3928152-115c-4ca6-ae22-3a190e144235/messages:0
[ 1998531ms] [LOG] Failed to load group messages @ http://localhost:5173/src/App.jsx:1040
[ 2000526ms] [ERROR] Failed to load resource: net::ERR_CONNECTION_REFUSED @ http://localhost:8080/api/groups/b3928152-115c-4ca6-ae22-3a190e144235/messages:0
[ 2000526ms] [LOG] Failed to load group messages @ http://localhost:5173/src/App.jsx:1040
[ 2000913ms] [ERROR] Failed to load resource: net::ERR_CONNECTION_REFUSED @ http://localhost:8080/api/auth/users:0
[ 2000914ms] [LOG] Failed to load contacts @ http://localhost:5173/src/App.jsx:1009
[ 2000915ms] [ERROR] Failed to load resource: net::ERR_CONNECTION_REFUSED @ http://localhost:8080/api/groups/mine?username=kai_test:0
[ 2000916ms] [LOG] Failed to load groups @ http://localhost:5173/src/App.jsx:1019
[ 2002521ms] [ERROR] Failed to load resource: net::ERR_CONNECTION_REFUSED @ http://localhost:8080/api/groups/b3928152-115c-4ca6-ae22-3a190e144235/messages:0
[ 2002521ms] [LOG] Failed to load group messages @ http://localhost:5173/src/App.jsx:1040
[ 2004535ms] [ERROR] Failed to load resource: net::ERR_CONNECTION_REFUSED @ http://localhost:8080/api/groups/b3928152-115c-4ca6-ae22-3a190e144235/messages:0
[ 2004535ms] [LOG] Failed to load group messages @ http://localhost:5173/src/App.jsx:1040
[ 2005917ms] [ERROR] Failed to load resource: net::ERR_CONNECTION_REFUSED @ http://localhost:8080/api/auth/users:0
[ 2005917ms] [LOG] Failed to load contacts @ http://localhost:5173/src/App.jsx:1009
[ 2005918ms] [ERROR] Failed to load resource: net::ERR_CONNECTION_REFUSED @ http://localhost:8080/api/groups/mine?username=kai_test:0
[ 2005919ms] [LOG] Failed to load groups @ http://localhost:5173/src/App.jsx:1019
[ 2006526ms] [ERROR] Failed to load resource: net::ERR_CONNECTION_REFUSED @ http://localhost:8080/api/groups/b3928152-115c-4ca6-ae22-3a190e144235/messages:0
[ 2006526ms] [LOG] Failed to load group messages @ http://localhost:5173/src/App.jsx:1040
[ 2008585ms] [ERROR] Failed to load resource: net::ERR_CONNECTION_REFUSED @ http://localhost:8080/api/groups/b3928152-115c-4ca6-ae22-3a190e144235/messages:0
[ 2008585ms] [LOG] Failed to load group messages @ http://localhost:5173/src/App.jsx:1040
[ 2010525ms] [ERROR] Failed to load resource: net::ERR_CONNECTION_REFUSED @ http://localhost:8080/api/groups/b3928152-115c-4ca6-ae22-3a190e144235/messages:0
[ 2010526ms] [LOG] Failed to load group messages @ http://localhost:5173/src/App.jsx:1040
[ 2010933ms] [ERROR] Failed to load resource: net::ERR_CONNECTION_REFUSED @ http://localhost:8080/api/auth/users:0
[ 2010933ms] [LOG] Failed to load contacts @ http://localhost:5173/src/App.jsx:1009
[ 2010933ms] [ERROR] Failed to load resource: net::ERR_CONNECTION_REFUSED @ http://localhost:8080/api/groups/mine?username=kai_test:0
[ 2010933ms] [LOG] Failed to load groups @ http://localhost:5173/src/App.jsx:1019
[ 2016294ms] [ERROR] Failed to load resource: net::ERR_CONNECTION_REFUSED @ http://localhost:8080/api/groups/b3928152-115c-4ca6-ae22-3a190e144235/messages:0
[ 2016294ms] [LOG] Failed to load group messages @ http://localhost:5173/src/App.jsx:1040
[ 2016295ms] [ERROR] Failed to load resource: net::ERR_CONNECTION_REFUSED @ http://localhost:8080/api/auth/users:0
[ 2016297ms] [LOG] Failed to load contacts @ http://localhost:5173/src/App.jsx:1009
[ 2016300ms] [ERROR] Failed to load resource: net::ERR_CONNECTION_REFUSED @ http://localhost:8080/api/groups/mine?username=kai_test:0
[ 2016300ms] [LOG] Failed to load groups @ http://localhost:5173/src/App.jsx:1019
[ 2016549ms] [ERROR] Failed to load resource: net::ERR_CONNECTION_REFUSED @ http://localhost:8080/api/groups/b3928152-115c-4ca6-ae22-3a190e144235/messages:0
[ 2016549ms] [LOG] Failed to load group messages @ http://localhost:5173/src/App.jsx:1040
[ 2020595ms] [ERROR] Failed to load resource: net::ERR_CONNECTION_REFUSED @ http://localhost:8080/api/groups/b3928152-115c-4ca6-ae22-3a190e144235/messages:0
[ 2020597ms] [LOG] Failed to load group messages @ http://localhost:5173/src/App.jsx:1040
[ 2020921ms] [ERROR] Failed to load resource: net::ERR_CONNECTION_REFUSED @ http://localhost:8080/api/groups/b3928152-115c-4ca6-ae22-3a190e144235/messages:0
[ 2020921ms] [LOG] Failed to load group messages @ http://localhost:5173/src/App.jsx:1040
[ 2020952ms] [ERROR] Failed to load resource: net::ERR_CONNECTION_REFUSED @ http://localhost:8080/api/auth/users:0
[ 2020952ms] [LOG] Failed to load contacts @ http://localhost:5173/src/App.jsx:1009
[ 2020996ms] [ERROR] Failed to load resource: net::ERR_CONNECTION_REFUSED @ http://localhost:8080/api/groups/mine?username=kai_test:0
[ 2020996ms] [LOG] Failed to load groups @ http://localhost:5173/src/App.jsx:1019
[ 2022705ms] [ERROR] Failed to load resource: net::ERR_CONNECTION_REFUSED @ http://localhost:8080/api/groups/b3928152-115c-4ca6-ae22-3a190e144235/messages:0
[ 2022706ms] [LOG] Failed to load group messages @ http://localhost:5173/src/App.jsx:1040
[ 2024540ms] [ERROR] Failed to load resource: net::ERR_CONNECTION_REFUSED @ http://localhost:8080/api/groups/b3928152-115c-4ca6-ae22-3a190e144235/messages:0
[ 2024541ms] [LOG] Failed to load group messages @ http://localhost:5173/src/App.jsx:1040
[ 2026809ms] [ERROR] Failed to load resource: net::ERR_CONNECTION_REFUSED @ http://localhost:8080/api/auth/users:0
[ 2026809ms] [LOG] Failed to load contacts @ http://localhost:5173/src/App.jsx:1009
[ 2026810ms] [ERROR] Failed to load resource: net::ERR_CONNECTION_REFUSED @ http://localhost:8080/api/groups/mine?username=kai_test:0
[ 2026811ms] [LOG] Failed to load groups @ http://localhost:5173/src/App.jsx:1019
[ 2026812ms] [ERROR] Failed to load resource: net::ERR_CONNECTION_REFUSED @ http://localhost:8080/api/groups/b3928152-115c-4ca6-ae22-3a190e144235/messages:0
[ 2026813ms] [LOG] Failed to load group messages @ http://localhost:5173/src/App.jsx:1040
[ 2028528ms] [ERROR] Failed to load resource: net::ERR_CONNECTION_REFUSED @ http://localhost:8080/api/groups/b3928152-115c-4ca6-ae22-3a190e144235/messages:0
[ 2028528ms] [LOG] Failed to load group messages @ http://localhost:5173/src/App.jsx:1040
[ 2030525ms] [ERROR] Failed to load resource: net::ERR_CONNECTION_REFUSED @ http://localhost:8080/api/groups/b3928152-115c-4ca6-ae22-3a190e144235/messages:0
[ 2030525ms] [LOG] Failed to load group messages @ http://localhost:5173/src/App.jsx:1040
[ 2030907ms] [ERROR] Failed to load resource: net::ERR_CONNECTION_REFUSED @ http://localhost:8080/api/auth/users:0
[ 2030907ms] [LOG] Failed to load contacts @ http://localhost:5173/src/App.jsx:1009
[ 2030911ms] [ERROR] Failed to load resource: net::ERR_CONNECTION_REFUSED @ http://localhost:8080/api/groups/mine?username=kai_test:0
[ 2030911ms] [LOG] Failed to load groups @ http://localhost:5173/src/App.jsx:1019
[ 2032647ms] [ERROR] Failed to load resource: net::ERR_CONNECTION_REFUSED @ http://localhost:8080/api/groups/b3928152-115c-4ca6-ae22-3a190e144235/messages:0
[ 2032647ms] [LOG] Failed to load group messages @ http://localhost:5173/src/App.jsx:1040
[ 2034531ms] [ERROR] Failed to load resource: net::ERR_CONNECTION_REFUSED @ http://localhost:8080/api/groups/b3928152-115c-4ca6-ae22-3a190e144235/messages:0
[ 2034531ms] [LOG] Failed to load group messages @ http://localhost:5173/src/App.jsx:1040
[ 2035915ms] [ERROR] Failed to load resource: net::ERR_CONNECTION_REFUSED @ http://localhost:8080/api/auth/users:0
[ 2035916ms] [LOG] Failed to load contacts @ http://localhost:5173/src/App.jsx:1009
[ 2035919ms] [ERROR] Failed to load resource: net::ERR_CONNECTION_REFUSED @ http://localhost:8080/api/groups/mine?username=kai_test:0
[ 2035919ms] [LOG] Failed to load groups @ http://localhost:5173/src/App.jsx:1019
[ 2036530ms] [ERROR] Failed to load resource: net::ERR_CONNECTION_REFUSED @ http://localhost:8080/api/groups/b3928152-115c-4ca6-ae22-3a190e144235/messages:0
[ 2036530ms] [LOG] Failed to load group messages @ http://localhost:5173/src/App.jsx:1040
[ 2038518ms] [ERROR] Failed to load resource: net::ERR_CONNECTION_REFUSED @ http://localhost:8080/api/groups/b3928152-115c-4ca6-ae22-3a190e144235/messages:0
[ 2038518ms] [LOG] Failed to load group messages @ http://localhost:5173/src/App.jsx:1040
[ 2040531ms] [ERROR] Failed to load resource: net::ERR_CONNECTION_REFUSED @ http://localhost:8080/api/groups/b3928152-115c-4ca6-ae22-3a190e144235/messages:0
[ 2040531ms] [LOG] Failed to load group messages @ http://localhost:5173/src/App.jsx:1040
[ 2040923ms] [ERROR] Failed to load resource: net::ERR_CONNECTION_REFUSED @ http://localhost:8080/api/auth/users:0
[ 2040923ms] [LOG] Failed to load contacts @ http://localhost:5173/src/App.jsx:1009
[ 2040924ms] [ERROR] Failed to load resource: net::ERR_CONNECTION_REFUSED @ http://localhost:8080/api/groups/mine?username=kai_test:0
[ 2040925ms] [LOG] Failed to load groups @ http://localhost:5173/src/App.jsx:1019
[ 2042521ms] [ERROR] Failed to load resource: net::ERR_CONNECTION_REFUSED @ http://localhost:8080/api/groups/b3928152-115c-4ca6-ae22-3a190e144235/messages:0
[ 2042521ms] [LOG] Failed to load group messages @ http://localhost:5173/src/App.jsx:1040
[ 2044524ms] [ERROR] Failed to load resource: net::ERR_CONNECTION_REFUSED @ http://localhost:8080/api/groups/b3928152-115c-4ca6-ae22-3a190e144235/messages:0
[ 2044525ms] [LOG] Failed to load group messages @ http://localhost:5173/src/App.jsx:1040
[ 2045918ms] [ERROR] Failed to load resource: net::ERR_CONNECTION_REFUSED @ http://localhost:8080/api/auth/users:0
[ 2045919ms] [LOG] Failed to load contacts @ http://localhost:5173/src/App.jsx:1009
[ 2045922ms] [ERROR] Failed to load resource: net::ERR_CONNECTION_REFUSED @ http://localhost:8080/api/groups/mine?username=kai_test:0
[ 2045923ms] [LOG] Failed to load groups @ http://localhost:5173/src/App.jsx:1019
[ 2046567ms] [ERROR] Failed to load resource: net::ERR_CONNECTION_REFUSED @ http://localhost:8080/api/groups/b3928152-115c-4ca6-ae22-3a190e144235/messages:0
[ 2046567ms] [LOG] Failed to load group messages @ http://localhost:5173/src/App.jsx:1040
[ 2048521ms] [ERROR] Failed to load resource: net::ERR_CONNECTION_REFUSED @ http://localhost:8080/api/groups/b3928152-115c-4ca6-ae22-3a190e144235/messages:0
[ 2048521ms] [LOG] Failed to load group messages @ http://localhost:5173/src/App.jsx:1040
[ 2050522ms] [ERROR] Failed to load resource: net::ERR_CONNECTION_REFUSED @ http://localhost:8080/api/groups/b3928152-115c-4ca6-ae22-3a190e144235/messages:0
[ 2050522ms] [LOG] Failed to load group messages @ http://localhost:5173/src/App.jsx:1040
[ 2050914ms] [ERROR] Failed to load resource: net::ERR_CONNECTION_REFUSED @ http://localhost:8080/api/auth/users:0
[ 2050914ms] [LOG] Failed to load contacts @ http://localhost:5173/src/App.jsx:1009
[ 2050916ms] [ERROR] Failed to load resource: net::ERR_CONNECTION_REFUSED @ http://localhost:8080/api/groups/mine?username=kai_test:0
[ 2050916ms] [LOG] Failed to load groups @ http://localhost:5173/src/App.jsx:1019
[ 2052529ms] [ERROR] Failed to load resource: net::ERR_CONNECTION_REFUSED @ http://localhost:8080/api/groups/b3928152-115c-4ca6-ae22-3a190e144235/messages:0
[ 2052529ms] [LOG] Failed to load group messages @ http://localhost:5173/src/App.jsx:1040
[ 2054523ms] [ERROR] Failed to load resource: net::ERR_CONNECTION_REFUSED @ http://localhost:8080/api/groups/b3928152-115c-4ca6-ae22-3a190e144235/messages:0
[ 2054524ms] [LOG] Failed to load group messages @ http://localhost:5173/src/App.jsx:1040
[ 2055910ms] [ERROR] Failed to load resource: net::ERR_CONNECTION_REFUSED @ http://localhost:8080/api/auth/users:0
[ 2055910ms] [LOG] Failed to load contacts @ http://localhost:5173/src/App.jsx:1009
[ 2055911ms] [ERROR] Failed to load resource: net::ERR_CONNECTION_REFUSED @ http://localhost:8080/api/groups/mine?username=kai_test:0
[ 2055912ms] [LOG] Failed to load groups @ http://localhost:5173/src/App.jsx:1019
[ 2056523ms] [ERROR] Failed to load resource: net::ERR_CONNECTION_REFUSED @ http://localhost:8080/api/groups/b3928152-115c-4ca6-ae22-3a190e144235/messages:0
[ 2056523ms] [LOG] Failed to load group messages @ http://localhost:5173/src/App.jsx:1040
[ 2058531ms] [ERROR] Failed to load resource: net::ERR_CONNECTION_REFUSED @ http://localhost:8080/api/groups/b3928152-115c-4ca6-ae22-3a190e144235/messages:0
[ 2058531ms] [LOG] Failed to load group messages @ http://localhost:5173/src/App.jsx:1040
[ 2060529ms] [ERROR] Failed to load resource: net::ERR_CONNECTION_REFUSED @ http://localhost:8080/api/groups/b3928152-115c-4ca6-ae22-3a190e144235/messages:0
[ 2060529ms] [LOG] Failed to load group messages @ http://localhost:5173/src/App.jsx:1040
[ 2060904ms] [ERROR] Failed to load resource: net::ERR_CONNECTION_REFUSED @ http://localhost:8080/api/auth/users:0
[ 2060907ms] [LOG] Failed to load contacts @ http://localhost:5173/src/App.jsx:1009
[ 2060910ms] [ERROR] Failed to load resource: net::ERR_CONNECTION_REFUSED @ http://localhost:8080/api/groups/mine?username=kai_test:0
[ 2060912ms] [LOG] Failed to load groups @ http://localhost:5173/src/App.jsx:1019
[ 2062524ms] [ERROR] Failed to load resource: net::ERR_CONNECTION_REFUSED @ http://localhost:8080/api/groups/b3928152-115c-4ca6-ae22-3a190e144235/messages:0
[ 2062524ms] [LOG] Failed to load group messages @ http://localhost:5173/src/App.jsx:1040
[ 2064533ms] [ERROR] Failed to load resource: net::ERR_CONNECTION_REFUSED @ http://localhost:8080/api/groups/b3928152-115c-4ca6-ae22-3a190e144235/messages:0
[ 2064533ms] [LOG] Failed to load group messages @ http://localhost:5173/src/App.jsx:1040
[ 2065912ms] [ERROR] Failed to load resource: net::ERR_CONNECTION_REFUSED @ http://localhost:8080/api/auth/users:0
[ 2065913ms] [LOG] Failed to load contacts @ http://localhost:5173/src/App.jsx:1009
[ 2065915ms] [ERROR] Failed to load resource: net::ERR_CONNECTION_REFUSED @ http://localhost:8080/api/groups/mine?username=kai_test:0
[ 2065916ms] [LOG] Failed to load groups @ http://localhost:5173/src/App.jsx:1019
[ 2066524ms] [ERROR] Failed to load resource: net::ERR_CONNECTION_REFUSED @ http://localhost:8080/api/groups/b3928152-115c-4ca6-ae22-3a190e144235/messages:0
[ 2066524ms] [LOG] Failed to load group messages @ http://localhost:5173/src/App.jsx:1040
[ 2068531ms] [ERROR] Failed to load resource: net::ERR_CONNECTION_REFUSED @ http://localhost:8080/api/groups/b3928152-115c-4ca6-ae22-3a190e144235/messages:0
[ 2068532ms] [LOG] Failed to load group messages @ http://localhost:5173/src/App.jsx:1040
[ 2070543ms] [ERROR] Failed to load resource: net::ERR_CONNECTION_REFUSED @ http://localhost:8080/api/groups/b3928152-115c-4ca6-ae22-3a190e144235/messages:0
[ 2070543ms] [LOG] Failed to load group messages @ http://localhost:5173/src/App.jsx:1040
[ 2070944ms] [ERROR] Failed to load resource: net::ERR_CONNECTION_REFUSED @ http://localhost:8080/api/auth/users:0
[ 2070944ms] [LOG] Failed to load contacts @ http://localhost:5173/src/App.jsx:1009
[ 2070945ms] [ERROR] Failed to load resource: net::ERR_CONNECTION_REFUSED @ http://localhost:8080/api/groups/mine?username=kai_test:0
[ 2070946ms] [LOG] Failed to load groups @ http://localhost:5173/src/App.jsx:1019
[ 2072520ms] [ERROR] Failed to load resource: net::ERR_CONNECTION_REFUSED @ http://localhost:8080/api/groups/b3928152-115c-4ca6-ae22-3a190e144235/messages:0
[ 2072521ms] [LOG] Failed to load group messages @ http://localhost:5173/src/App.jsx:1040
[ 2074527ms] [ERROR] Failed to load resource: net::ERR_CONNECTION_REFUSED @ http://localhost:8080/api/groups/b3928152-115c-4ca6-ae22-3a190e144235/messages:0
[ 2074527ms] [LOG] Failed to load group messages @ http://localhost:5173/src/App.jsx:1040
[ 2075905ms] [ERROR] Failed to load resource: net::ERR_CONNECTION_REFUSED @ http://localhost:8080/api/auth/users:0
[ 2075905ms] [LOG] Failed to load contacts @ http://localhost:5173/src/App.jsx:1009
[ 2075907ms] [ERROR] Failed to load resource: net::ERR_CONNECTION_REFUSED @ http://localhost:8080/api/groups/mine?username=kai_test:0
[ 2075907ms] [LOG] Failed to load groups @ http://localhost:5173/src/App.jsx:1019
[ 2076526ms] [ERROR] Failed to load resource: net::ERR_CONNECTION_REFUSED @ http://localhost:8080/api/groups/b3928152-115c-4ca6-ae22-3a190e144235/messages:0
[ 2076526ms] [LOG] Failed to load group messages @ http://localhost:5173/src/App.jsx:1040
[ 2078522ms] [ERROR] Failed to load resource: net::ERR_CONNECTION_REFUSED @ http://localhost:8080/api/groups/b3928152-115c-4ca6-ae22-3a190e144235/messages:0
[ 2078525ms] [LOG] Failed to load group messages @ http://localhost:5173/src/App.jsx:1040
[ 2080523ms] [ERROR] Failed to load resource: net::ERR_CONNECTION_REFUSED @ http://localhost:8080/api/groups/b3928152-115c-4ca6-ae22-3a190e144235/messages:0
[ 2080523ms] [LOG] Failed to load group messages @ http://localhost:5173/src/App.jsx:1040
[ 2080926ms] [ERROR] Failed to load resource: net::ERR_CONNECTION_REFUSED @ http://localhost:8080/api/auth/users:0
[ 2080927ms] [LOG] Failed to load contacts @ http://localhost:5173/src/App.jsx:1009
[ 2080932ms] [ERROR] Failed to load resource: net::ERR_CONNECTION_REFUSED @ http://localhost:8080/api/groups/mine?username=kai_test:0
[ 2080932ms] [LOG] Failed to load groups @ http://localhost:5173/src/App.jsx:1019
[ 2082531ms] [ERROR] Failed to load resource: net::ERR_CONNECTION_REFUSED @ http://localhost:8080/api/groups/b3928152-115c-4ca6-ae22-3a190e144235/messages:0
[ 2082531ms] [LOG] Failed to load group messages @ http://localhost:5173/src/App.jsx:1040
[ 2084526ms] [ERROR] Failed to load resource: net::ERR_CONNECTION_REFUSED @ http://localhost:8080/api/groups/b3928152-115c-4ca6-ae22-3a190e144235/messages:0
[ 2084528ms] [LOG] Failed to load group messages @ http://localhost:5173/src/App.jsx:1040
[ 2085909ms] [ERROR] Failed to load resource: net::ERR_CONNECTION_REFUSED @ http://localhost:8080/api/auth/users:0
[ 2085909ms] [LOG] Failed to load contacts @ http://localhost:5173/src/App.jsx:1009
[ 2085910ms] [ERROR] Failed to load resource: net::ERR_CONNECTION_REFUSED @ http://localhost:8080/api/groups/mine?username=kai_test:0
[ 2085911ms] [LOG] Failed to load groups @ http://localhost:5173/src/App.jsx:1019
[ 2086529ms] [ERROR] Failed to load resource: net::ERR_CONNECTION_REFUSED @ http://localhost:8080/api/groups/b3928152-115c-4ca6-ae22-3a190e144235/messages:0
[ 2086529ms] [LOG] Failed to load group messages @ http://localhost:5173/src/App.jsx:1040
[ 2088524ms] [ERROR] Failed to load resource: net::ERR_CONNECTION_REFUSED @ http://localhost:8080/api/groups/b3928152-115c-4ca6-ae22-3a190e144235/messages:0
[ 2088524ms] [LOG] Failed to load group messages @ http://localhost:5173/src/App.jsx:1040
[ 2090533ms] [ERROR] Failed to load resource: net::ERR_CONNECTION_REFUSED @ http://localhost:8080/api/groups/b3928152-115c-4ca6-ae22-3a190e144235/messages:0
[ 2090533ms] [LOG] Failed to load group messages @ http://localhost:5173/src/App.jsx:1040
[ 2090911ms] [ERROR] Failed to load resource: net::ERR_CONNECTION_REFUSED @ http://localhost:8080/api/auth/users:0
[ 2090911ms] [LOG] Failed to load contacts @ http://localhost:5173/src/App.jsx:1009
[ 2090914ms] [ERROR] Failed to load resource: net::ERR_CONNECTION_REFUSED @ http://localhost:8080/api/groups/mine?username=kai_test:0
[ 2090914ms] [LOG] Failed to load groups @ http://localhost:5173/src/App.jsx:1019
[ 2092529ms] [ERROR] Failed to load resource: net::ERR_CONNECTION_REFUSED @ http://localhost:8080/api/groups/b3928152-115c-4ca6-ae22-3a190e144235/messages:0
[ 2092529ms] [LOG] Failed to load group messages @ http://localhost:5173/src/App.jsx:1040
[ 2094532ms] [ERROR] Failed to load resource: net::ERR_CONNECTION_REFUSED @ http://localhost:8080/api/groups/b3928152-115c-4ca6-ae22-3a190e144235/messages:0
[ 2094532ms] [LOG] Failed to load group messages @ http://localhost:5173/src/App.jsx:1040
[ 2095914ms] [ERROR] Failed to load resource: net::ERR_CONNECTION_REFUSED @ http://localhost:8080/api/auth/users:0
[ 2095914ms] [LOG] Failed to load contacts @ http://localhost:5173/src/App.jsx:1009
[ 2095916ms] [ERROR] Failed to load resource: net::ERR_CONNECTION_REFUSED @ http://localhost:8080/api/groups/mine?username=kai_test:0
[ 2095917ms] [LOG] Failed to load groups @ http://localhost:5173/src/App.jsx:1019
[ 2096526ms] [ERROR] Failed to load resource: net::ERR_CONNECTION_REFUSED @ http://localhost:8080/api/groups/b3928152-115c-4ca6-ae22-3a190e144235/messages:0
[ 2096527ms] [LOG] Failed to load group messages @ http://localhost:5173/src/App.jsx:1040
[ 2098519ms] [ERROR] Failed to load resource: net::ERR_CONNECTION_REFUSED @ http://localhost:8080/api/groups/b3928152-115c-4ca6-ae22-3a190e144235/messages:0
[ 2098519ms] [LOG] Failed to load group messages @ http://localhost:5173/src/App.jsx:1040
[ 2100532ms] [ERROR] Failed to load resource: net::ERR_CONNECTION_REFUSED @ http://localhost:8080/api/groups/b3928152-115c-4ca6-ae22-3a190e144235/messages:0
[ 2100532ms] [LOG] Failed to load group messages @ http://localhost:5173/src/App.jsx:1040
[ 2100911ms] [ERROR] Failed to load resource: net::ERR_CONNECTION_REFUSED @ http://localhost:8080/api/auth/users:0
[ 2100911ms] [LOG] Failed to load contacts @ http://localhost:5173/src/App.jsx:1009
[ 2100913ms] [ERROR] Failed to load resource: net::ERR_CONNECTION_REFUSED @ http://localhost:8080/api/groups/mine?username=kai_test:0
[ 2100914ms] [LOG] Failed to load groups @ http://localhost:5173/src/App.jsx:1019
[ 2102528ms] [ERROR] Failed to load resource: net::ERR_CONNECTION_REFUSED @ http://localhost:8080/api/groups/b3928152-115c-4ca6-ae22-3a190e144235/messages:0
[ 2102528ms] [LOG] Failed to load group messages @ http://localhost:5173/src/App.jsx:1040
[ 2104516ms] [ERROR] Failed to load resource: net::ERR_CONNECTION_REFUSED @ http://localhost:8080/api/groups/b3928152-115c-4ca6-ae22-3a190e144235/messages:0
[ 2104516ms] [LOG] Failed to load group messages @ http://localhost:5173/src/App.jsx:1040
[ 2105910ms] [ERROR] Failed to load resource: net::ERR_CONNECTION_REFUSED @ http://localhost:8080/api/auth/users:0
[ 2105910ms] [LOG] Failed to load contacts @ http://localhost:5173/src/App.jsx:1009
[ 2105911ms] [ERROR] Failed to load resource: net::ERR_CONNECTION_REFUSED @ http://localhost:8080/api/groups/mine?username=kai_test:0
[ 2105912ms] [LOG] Failed to load groups @ http://localhost:5173/src/App.jsx:1019
[ 2106525ms] [ERROR] Failed to load resource: net::ERR_CONNECTION_REFUSED @ http://localhost:8080/api/groups/b3928152-115c-4ca6-ae22-3a190e144235/messages:0
[ 2106525ms] [LOG] Failed to load group messages @ http://localhost:5173/src/App.jsx:1040
[ 2108520ms] [ERROR] Failed to load resource: net::ERR_CONNECTION_REFUSED @ http://localhost:8080/api/groups/b3928152-115c-4ca6-ae22-3a190e144235/messages:0
[ 2108520ms] [LOG] Failed to load group messages @ http://localhost:5173/src/App.jsx:1040
[ 2110528ms] [ERROR] Failed to load resource: net::ERR_CONNECTION_REFUSED @ http://localhost:8080/api/groups/b3928152-115c-4ca6-ae22-3a190e144235/messages:0
[ 2110528ms] [LOG] Failed to load group messages @ http://localhost:5173/src/App.jsx:1040
[ 2110907ms] [ERROR] Failed to load resource: net::ERR_CONNECTION_REFUSED @ http://localhost:8080/api/auth/users:0
[ 2110907ms] [LOG] Failed to load contacts @ http://localhost:5173/src/App.jsx:1009
[ 2110908ms] [ERROR] Failed to load resource: net::ERR_CONNECTION_REFUSED @ http://localhost:8080/api/groups/mine?username=kai_test:0
[ 2110908ms] [LOG] Failed to load groups @ http://localhost:5173/src/App.jsx:1019
[ 2112522ms] [ERROR] Failed to load resource: net::ERR_CONNECTION_REFUSED @ http://localhost:8080/api/groups/b3928152-115c-4ca6-ae22-3a190e144235/messages:0
[ 2112523ms] [LOG] Failed to load group messages @ http://localhost:5173/src/App.jsx:1040
[ 2114524ms] [ERROR] Failed to load resource: net::ERR_CONNECTION_REFUSED @ http://localhost:8080/api/groups/b3928152-115c-4ca6-ae22-3a190e144235/messages:0
[ 2114524ms] [LOG] Failed to load group messages @ http://localhost:5173/src/App.jsx:1040
[ 2115905ms] [ERROR] Failed to load resource: net::ERR_CONNECTION_REFUSED @ http://localhost:8080/api/auth/users:0
[ 2115906ms] [LOG] Failed to load contacts @ http://localhost:5173/src/App.jsx:1009
[ 2115907ms] [ERROR] Failed to load resource: net::ERR_CONNECTION_REFUSED @ http://localhost:8080/api/groups/mine?username=kai_test:0
[ 2115908ms] [LOG] Failed to load groups @ http://localhost:5173/src/App.jsx:1019
[ 2116537ms] [ERROR] Failed to load resource: net::ERR_CONNECTION_REFUSED @ http://localhost:8080/api/groups/b3928152-115c-4ca6-ae22-3a190e144235/messages:0
[ 2116537ms] [LOG] Failed to load group messages @ http://localhost:5173/src/App.jsx:1040
[ 2118524ms] [ERROR] Failed to load resource: net::ERR_CONNECTION_REFUSED @ http://localhost:8080/api/groups/b3928152-115c-4ca6-ae22-3a190e144235/messages:0
[ 2118524ms] [LOG] Failed to load group messages @ http://localhost:5173/src/App.jsx:1040
[ 2120531ms] [ERROR] Failed to load resource: net::ERR_CONNECTION_REFUSED @ http://localhost:8080/api/groups/b3928152-115c-4ca6-ae22-3a190e144235/messages:0
[ 2120531ms] [LOG] Failed to load group messages @ http://localhost:5173/src/App.jsx:1040
[ 2120924ms] [ERROR] Failed to load resource: net::ERR_CONNECTION_REFUSED @ http://localhost:8080/api/auth/users:0
[ 2120924ms] [LOG] Failed to load contacts @ http://localhost:5173/src/App.jsx:1009
[ 2120926ms] [ERROR] Failed to load resource: net::ERR_CONNECTION_REFUSED @ http://localhost:8080/api/groups/mine?username=kai_test:0
[ 2120926ms] [LOG] Failed to load groups @ http://localhost:5173/src/App.jsx:1019
[ 2122531ms] [ERROR] Failed to load resource: net::ERR_CONNECTION_REFUSED @ http://localhost:8080/api/groups/b3928152-115c-4ca6-ae22-3a190e144235/messages:0
[ 2122531ms] [LOG] Failed to load group messages @ http://localhost:5173/src/App.jsx:1040
[ 2124523ms] [ERROR] Failed to load resource: net::ERR_CONNECTION_REFUSED @ http://localhost:8080/api/groups/b3928152-115c-4ca6-ae22-3a190e144235/messages:0
[ 2124523ms] [LOG] Failed to load group messages @ http://localhost:5173/src/App.jsx:1040
[ 2125911ms] [ERROR] Failed to load resource: net::ERR_CONNECTION_REFUSED @ http://localhost:8080/api/auth/users:0
[ 2125911ms] [LOG] Failed to load contacts @ http://localhost:5173/src/App.jsx:1009
[ 2125913ms] [ERROR] Failed to load resource: net::ERR_CONNECTION_REFUSED @ http://localhost:8080/api/groups/mine?username=kai_test:0
[ 2125913ms] [LOG] Failed to load groups @ http://localhost:5173/src/App.jsx:1019
[ 2126531ms] [ERROR] Failed to load resource: net::ERR_CONNECTION_REFUSED @ http://localhost:8080/api/groups/b3928152-115c-4ca6-ae22-3a190e144235/messages:0
[ 2126531ms] [LOG] Failed to load group messages @ http://localhost:5173/src/App.jsx:1040
[ 2128527ms] [ERROR] Failed to load resource: net::ERR_CONNECTION_REFUSED @ http://localhost:8080/api/groups/b3928152-115c-4ca6-ae22-3a190e144235/messages:0
[ 2128528ms] [LOG] Failed to load group messages @ http://localhost:5173/src/App.jsx:1040
[ 2130527ms] [ERROR] Failed to load resource: net::ERR_CONNECTION_REFUSED @ http://localhost:8080/api/groups/b3928152-115c-4ca6-ae22-3a190e144235/messages:0
[ 2130527ms] [LOG] Failed to load group messages @ http://localhost:5173/src/App.jsx:1040
[ 2130931ms] [ERROR] Failed to load resource: net::ERR_CONNECTION_REFUSED @ http://localhost:8080/api/auth/users:0
[ 2130931ms] [LOG] Failed to load contacts @ http://localhost:5173/src/App.jsx:1009
[ 2130932ms] [ERROR] Failed to load resource: net::ERR_CONNECTION_REFUSED @ http://localhost:8080/api/groups/mine?username=kai_test:0
[ 2130932ms] [LOG] Failed to load groups @ http://localhost:5173/src/App.jsx:1019
[ 2132519ms] [ERROR] Failed to load resource: net::ERR_CONNECTION_REFUSED @ http://localhost:8080/api/groups/b3928152-115c-4ca6-ae22-3a190e144235/messages:0
[ 2132519ms] [LOG] Failed to load group messages @ http://localhost:5173/src/App.jsx:1040
[ 2134537ms] [ERROR] Failed to load resource: net::ERR_CONNECTION_REFUSED @ http://localhost:8080/api/groups/b3928152-115c-4ca6-ae22-3a190e144235/messages:0
[ 2134537ms] [LOG] Failed to load group messages @ http://localhost:5173/src/App.jsx:1040
[ 2135915ms] [ERROR] Failed to load resource: net::ERR_CONNECTION_REFUSED @ http://localhost:8080/api/auth/users:0
[ 2135915ms] [LOG] Failed to load contacts @ http://localhost:5173/src/App.jsx:1009
[ 2135916ms] [ERROR] Failed to load resource: net::ERR_CONNECTION_REFUSED @ http://localhost:8080/api/groups/mine?username=kai_test:0
[ 2135916ms] [LOG] Failed to load groups @ http://localhost:5173/src/App.jsx:1019
[ 2136523ms] [ERROR] Failed to load resource: net::ERR_CONNECTION_REFUSED @ http://localhost:8080/api/groups/b3928152-115c-4ca6-ae22-3a190e144235/messages:0
[ 2136523ms] [LOG] Failed to load group messages @ http://localhost:5173/src/App.jsx:1040
[ 2138530ms] [ERROR] Failed to load resource: net::ERR_CONNECTION_REFUSED @ http://localhost:8080/api/groups/b3928152-115c-4ca6-ae22-3a190e144235/messages:0
[ 2138530ms] [LOG] Failed to load group messages @ http://localhost:5173/src/App.jsx:1040
[ 2140530ms] [ERROR] Failed to load resource: net::ERR_CONNECTION_REFUSED @ http://localhost:8080/api/groups/b3928152-115c-4ca6-ae22-3a190e144235/messages:0
[ 2140531ms] [LOG] Failed to load group messages @ http://localhost:5173/src/App.jsx:1040
[ 2140906ms] [ERROR] Failed to load resource: net::ERR_CONNECTION_REFUSED @ http://localhost:8080/api/auth/users:0
[ 2140909ms] [LOG] Failed to load contacts @ http://localhost:5173/src/App.jsx:1009
[ 2140910ms] [ERROR] Failed to load resource: net::ERR_CONNECTION_REFUSED @ http://localhost:8080/api/groups/mine?username=kai_test:0
[ 2140910ms] [LOG] Failed to load groups @ http://localhost:5173/src/App.jsx:1019
[ 2142536ms] [ERROR] Failed to load resource: net::ERR_CONNECTION_REFUSED @ http://localhost:8080/api/groups/b3928152-115c-4ca6-ae22-3a190e144235/messages:0
[ 2142536ms] [LOG] Failed to load group messages @ http://localhost:5173/src/App.jsx:1040
[ 2144518ms] [ERROR] Failed to load resource: net::ERR_CONNECTION_REFUSED @ http://localhost:8080/api/groups/b3928152-115c-4ca6-ae22-3a190e144235/messages:0
[ 2144518ms] [LOG] Failed to load group messages @ http://localhost:5173/src/App.jsx:1040
[ 2145910ms] [ERROR] Failed to load resource: net::ERR_CONNECTION_REFUSED @ http://localhost:8080/api/auth/users:0
[ 2145911ms] [LOG] Failed to load contacts @ http://localhost:5173/src/App.jsx:1009
[ 2145916ms] [ERROR] Failed to load resource: net::ERR_CONNECTION_REFUSED @ http://localhost:8080/api/groups/mine?username=kai_test:0
[ 2145916ms] [LOG] Failed to load groups @ http://localhost:5173/src/App.jsx:1019
[ 2146539ms] [ERROR] Failed to load resource: net::ERR_CONNECTION_REFUSED @ http://localhost:8080/api/groups/b3928152-115c-4ca6-ae22-3a190e144235/messages:0
[ 2146539ms] [LOG] Failed to load group messages @ http://localhost:5173/src/App.jsx:1040
[ 2148518ms] [ERROR] Failed to load resource: net::ERR_CONNECTION_REFUSED @ http://localhost:8080/api/groups/b3928152-115c-4ca6-ae22-3a190e144235/messages:0
[ 2148519ms] [LOG] Failed to load group messages @ http://localhost:5173/src/App.jsx:1040
[ 2151161ms] [ERROR] Failed to load resource: net::ERR_CONNECTION_REFUSED @ http://localhost:8080/api/groups/b3928152-115c-4ca6-ae22-3a190e144235/messages:0
[ 2151174ms] [LOG] Failed to load group messages @ http://localhost:5173/src/App.jsx:1040
[ 2151176ms] [ERROR] Failed to load resource: net::ERR_CONNECTION_REFUSED @ http://localhost:8080/api/auth/users:0
[ 2151176ms] [LOG] Failed to load contacts @ http://localhost:5173/src/App.jsx:1009
[ 2151324ms] [ERROR] Failed to load resource: net::ERR_CONNECTION_REFUSED @ http://localhost:8080/api/groups/mine?username=kai_test:0
[ 2151388ms] [LOG] Failed to load groups @ http://localhost:5173/src/App.jsx:1019
[ 2162358ms] [ERROR] Failed to load resource: net::ERR_CONNECTION_REFUSED @ http://localhost:8080/api/groups/b3928152-115c-4ca6-ae22-3a190e144235/messages:0
[ 2162358ms] [LOG] Failed to load group messages @ http://localhost:5173/src/App.jsx:1040
[ 2162418ms] [ERROR] Failed to load resource: net::ERR_CONNECTION_REFUSED @ http://localhost:8080/api/auth/users:0
[ 2162418ms] [LOG] Failed to load contacts @ http://localhost:5173/src/App.jsx:1009
[ 2162420ms] [ERROR] Failed to load resource: net::ERR_CONNECTION_REFUSED @ http://localhost:8080/api/groups/mine?username=kai_test:0
[ 2162420ms] [LOG] Failed to load groups @ http://localhost:5173/src/App.jsx:1019
[ 2162721ms] [ERROR] Failed to load resource: net::ERR_CONNECTION_REFUSED @ http://localhost:8080/api/groups/b3928152-115c-4ca6-ae22-3a190e144235/messages:0
[ 2162721ms] [LOG] Failed to load group messages @ http://localhost:5173/src/App.jsx:1040
[ 2164606ms] [ERROR] Failed to load resource: net::ERR_CONNECTION_REFUSED @ http://localhost:8080/api/groups/b3928152-115c-4ca6-ae22-3a190e144235/messages:0
[ 2164606ms] [LOG] Failed to load group messages @ http://localhost:5173/src/App.jsx:1040
[ 2165971ms] [ERROR] Failed to load resource: net::ERR_CONNECTION_REFUSED @ http://localhost:8080/api/auth/users:0
[ 2165972ms] [LOG] Failed to load contacts @ http://localhost:5173/src/App.jsx:1009
[ 2165973ms] [ERROR] Failed to load resource: net::ERR_CONNECTION_REFUSED @ http://localhost:8080/api/groups/mine?username=kai_test:0
[ 2165973ms] [LOG] Failed to load groups @ http://localhost:5173/src/App.jsx:1019
[ 2166537ms] [ERROR] Failed to load resource: net::ERR_CONNECTION_REFUSED @ http://localhost:8080/api/groups/b3928152-115c-4ca6-ae22-3a190e144235/messages:0
[ 2166537ms] [LOG] Failed to load group messages @ http://localhost:5173/src/App.jsx:1040
[ 2169234ms] [INFO] %cDownload the React DevTools for a better development experience: https://react.dev/link/react-devtools font-weight:bold @ http://localhost:5173/node_modules/.vite/deps/react-dom_client.js?v=fdad505b:14333
[ 2175211ms] [VERBOSE] [DOM] Input elements should have autocomplete attributes (suggested: "current-password"): (More info: https://goo.gl/9p2vKq) %o @ http://localhost:5173/:0
