[     105ms] [INFO] %cDownload the React DevTools for a better development experience: https://react.dev/link/react-devtools font-weight:bold @ http://localhost:5173/node_modules/.vite/deps/react-dom_client.js?v=fdad505b:14333
[     228ms] [VERBOSE] [DOM] Input elements should have autocomplete attributes (suggested: "current-password"): (More info: https://goo.gl/9p2vKq) %o @ http://localhost:5173/:0
[  169567ms] [LOG] [vite] server connection lost. Polling for restart... @ http://localhost:5173/@vite/client:998
[  170785ms] [ERROR] Failed to load resource: net::ERR_CONNECTION_REFUSED @ http://localhost:8080/api/chat/history?user1=jade_test&user2=kai_test:0
[  170785ms] [LOG] Failed to load chat history @ http://localhost:5173/src/App.jsx:1066
[  172998ms] [ERROR] Failed to load resource: net::ERR_CONNECTION_REFUSED @ http://localhost:8080/api/chat/history?user1=jade_test&user2=kai_test:0
[  172998ms] [LOG] Failed to load chat history @ http://localhost:5173/src/App.jsx:1066
[  174580ms] [ERROR] Failed to load resource: net::ERR_CONNECTION_REFUSED @ http://localhost:8080/api/auth/users:0
[  174590ms] [LOG] Failed to load contacts @ http://localhost:5173/src/App.jsx:1009
[  174591ms] [ERROR] Failed to load resource: net::ERR_CONNECTION_REFUSED @ http://localhost:8080/api/groups/mine?username=jade_test:0
[  174591ms] [LOG] Failed to load groups @ http://localhost:5173/src/App.jsx:1019
[  174952ms] [ERROR] Failed to load resource: net::ERR_CONNECTION_REFUSED @ http://localhost:8080/api/chat/history?user1=jade_test&user2=kai_test:0
[  174952ms] [LOG] Failed to load chat history @ http://localhost:5173/src/App.jsx:1066
[  176786ms] [ERROR] Failed to load resource: net::ERR_CONNECTION_REFUSED @ http://localhost:8080/api/chat/history?user1=jade_test&user2=kai_test:0
[  176786ms] [LOG] Failed to load chat history @ http://localhost:5173/src/App.jsx:1066
[  179060ms] [ERROR] Failed to load resource: net::ERR_CONNECTION_REFUSED @ http://localhost:8080/api/chat/history?user1=jade_test&user2=kai_test:0
[  179062ms] [LOG] Failed to load chat history @ http://localhost:5173/src/App.jsx:1066
[  179066ms] [ERROR] Failed to load resource: net::ERR_CONNECTION_REFUSED @ http://localhost:8080/api/auth/users:0
[  179066ms] [LOG] Failed to load contacts @ http://localhost:5173/src/App.jsx:1009
[  179067ms] [ERROR] Failed to load resource: net::ERR_CONNECTION_REFUSED @ http://localhost:8080/api/groups/mine?username=jade_test:0
[  179069ms] [LOG] Failed to load groups @ http://localhost:5173/src/App.jsx:1019
[  180781ms] [ERROR] Failed to load resource: net::ERR_CONNECTION_REFUSED @ http://localhost:8080/api/chat/history?user1=jade_test&user2=kai_test:0
[  180781ms] [LOG] Failed to load chat history @ http://localhost:5173/src/App.jsx:1066
[  183177ms] [ERROR] Failed to load resource: net::ERR_CONNECTION_REFUSED @ http://localhost:8080/api/chat/history?user1=jade_test&user2=kai_test:0
[  183177ms] [LOG] Failed to load chat history @ http://localhost:5173/src/App.jsx:1066
[  184039ms] [ERROR] Failed to load resource: net::ERR_CONNECTION_REFUSED @ http://localhost:8080/api/auth/users:0
[  184039ms] [LOG] Failed to load contacts @ http://localhost:5173/src/App.jsx:1009
[  184039ms] [ERROR] Failed to load resource: net::ERR_CONNECTION_REFUSED @ http://localhost:8080/api/groups/mine?username=jade_test:0
[  184039ms] [LOG] Failed to load groups @ http://localhost:5173/src/App.jsx:1019
[  185539ms] [ERROR] Failed to load resource: net::ERR_CONNECTION_REFUSED @ http://localhost:8080/api/chat/history?user1=jade_test&user2=kai_test:0
[  185544ms] [LOG] Failed to load chat history @ http://localhost:5173/src/App.jsx:1066
[  190066ms] [ERROR] Failed to load resource: net::ERR_CONNECTION_REFUSED @ http://localhost:8080/api/chat/history?user1=jade_test&user2=kai_test:0
[  190066ms] [LOG] Failed to load chat history @ http://localhost:5173/src/App.jsx:1066
[  190070ms] [ERROR] Failed to load resource: net::ERR_CONNECTION_REFUSED @ http://localhost:8080/api/chat/history?user1=jade_test&user2=kai_test:0
[  190070ms] [LOG] Failed to load chat history @ http://localhost:5173/src/App.jsx:1066
[  190073ms] [ERROR] Failed to load resource: net::ERR_CONNECTION_REFUSED @ http://localhost:8080/api/auth/users:0
[  190074ms] [LOG] Failed to load contacts @ http://localhost:5173/src/App.jsx:1009
[  190125ms] [ERROR] Failed to load resource: net::ERR_CONNECTION_REFUSED @ http://localhost:8080/api/groups/mine?username=jade_test:0
[  190125ms] [LOG] Failed to load groups @ http://localhost:5173/src/App.jsx:1019
[  190818ms] [ERROR] Failed to load resource: net::ERR_CONNECTION_REFUSED @ http://localhost:8080/api/chat/history?user1=jade_test&user2=kai_test:0
[  190818ms] [LOG] Failed to load chat history @ http://localhost:5173/src/App.jsx:1066
[  192785ms] [ERROR] Failed to load resource: net::ERR_CONNECTION_REFUSED @ http://localhost:8080/api/chat/history?user1=jade_test&user2=kai_test:0
[  192785ms] [LOG] Failed to load chat history @ http://localhost:5173/src/App.jsx:1066
[  193895ms] [ERROR] Failed to load resource: net::ERR_CONNECTION_REFUSED @ http://localhost:8080/api/auth/users:0
[  193896ms] [LOG] Failed to load contacts @ http://localhost:5173/src/App.jsx:1009
[  193898ms] [ERROR] Failed to load resource: net::ERR_CONNECTION_REFUSED @ http://localhost:8080/api/groups/mine?username=jade_test:0
[  193898ms] [LOG] Failed to load groups @ http://localhost:5173/src/App.jsx:1019
[  194782ms] [ERROR] Failed to load resource: net::ERR_CONNECTION_REFUSED @ http://localhost:8080/api/chat/history?user1=jade_test&user2=kai_test:0
[  194782ms] [LOG] Failed to load chat history @ http://localhost:5173/src/App.jsx:1066
[  196782ms] [ERROR] Failed to load resource: net::ERR_CONNECTION_REFUSED @ http://localhost:8080/api/chat/history?user1=jade_test&user2=kai_test:0
[  196782ms] [LOG] Failed to load chat history @ http://localhost:5173/src/App.jsx:1066
[  198793ms] [ERROR] Failed to load resource: net::ERR_CONNECTION_REFUSED @ http://localhost:8080/api/chat/history?user1=jade_test&user2=kai_test:0
[  198796ms] [LOG] Failed to load chat history @ http://localhost:5173/src/App.jsx:1066
[  198893ms] [ERROR] Failed to load resource: net::ERR_CONNECTION_REFUSED @ http://localhost:8080/api/auth/users:0
[  198894ms] [LOG] Failed to load contacts @ http://localhost:5173/src/App.jsx:1009
[  198896ms] [ERROR] Failed to load resource: net::ERR_CONNECTION_REFUSED @ http://localhost:8080/api/groups/mine?username=jade_test:0
[  198897ms] [LOG] Failed to load groups @ http://localhost:5173/src/App.jsx:1019
[  200788ms] [ERROR] Failed to load resource: net::ERR_CONNECTION_REFUSED @ http://localhost:8080/api/chat/history?user1=jade_test&user2=kai_test:0
[  200789ms] [LOG] Failed to load chat history @ http://localhost:5173/src/App.jsx:1066
[  202783ms] [ERROR] Failed to load resource: net::ERR_CONNECTION_REFUSED @ http://localhost:8080/api/chat/history?user1=jade_test&user2=kai_test:0
[  202783ms] [LOG] Failed to load chat history @ http://localhost:5173/src/App.jsx:1066
[  203892ms] [ERROR] Failed to load resource: net::ERR_CONNECTION_REFUSED @ http://localhost:8080/api/auth/users:0
[  203895ms] [LOG] Failed to load contacts @ http://localhost:5173/src/App.jsx:1009
[  203902ms] [ERROR] Failed to load resource: net::ERR_CONNECTION_REFUSED @ http://localhost:8080/api/groups/mine?username=jade_test:0
[  203905ms] [LOG] Failed to load groups @ http://localhost:5173/src/App.jsx:1019
[  204786ms] [ERROR] Failed to load resource: net::ERR_CONNECTION_REFUSED @ http://localhost:8080/api/chat/history?user1=jade_test&user2=kai_test:0
[  204787ms] [LOG] Failed to load chat history @ http://localhost:5173/src/App.jsx:1066
[  206783ms] [ERROR] Failed to load resource: net::ERR_CONNECTION_REFUSED @ http://localhost:8080/api/chat/history?user1=jade_test&user2=kai_test:0
[  206783ms] [LOG] Failed to load chat history @ http://localhost:5173/src/App.jsx:1066
[  208782ms] [ERROR] Failed to load resource: net::ERR_CONNECTION_REFUSED @ http://localhost:8080/api/chat/history?user1=jade_test&user2=kai_test:0
[  208783ms] [LOG] Failed to load chat history @ http://localhost:5173/src/App.jsx:1066
[  208892ms] [ERROR] Failed to load resource: net::ERR_CONNECTION_REFUSED @ http://localhost:8080/api/auth/users:0
[  208894ms] [LOG] Failed to load contacts @ http://localhost:5173/src/App.jsx:1009
[  208897ms] [ERROR] Failed to load resource: net::ERR_CONNECTION_REFUSED @ http://localhost:8080/api/groups/mine?username=jade_test:0
[  208899ms] [LOG] Failed to load groups @ http://localhost:5173/src/App.jsx:1019
[  210788ms] [ERROR] Failed to load resource: net::ERR_CONNECTION_REFUSED @ http://localhost:8080/api/chat/history?user1=jade_test&user2=kai_test:0
[  210788ms] [LOG] Failed to load chat history @ http://localhost:5173/src/App.jsx:1066
[  212784ms] [ERROR] Failed to load resource: net::ERR_CONNECTION_REFUSED @ http://localhost:8080/api/chat/history?user1=jade_test&user2=kai_test:0
[  212784ms] [LOG] Failed to load chat history @ http://localhost:5173/src/App.jsx:1066
[  213894ms] [ERROR] Failed to load resource: net::ERR_CONNECTION_REFUSED @ http://localhost:8080/api/auth/users:0
[  213895ms] [LOG] Failed to load contacts @ http://localhost:5173/src/App.jsx:1009
[  213898ms] [ERROR] Failed to load resource: net::ERR_CONNECTION_REFUSED @ http://localhost:8080/api/groups/mine?username=jade_test:0
[  213899ms] [LOG] Failed to load groups @ http://localhost:5173/src/App.jsx:1019
[  214789ms] [ERROR] Failed to load resource: net::ERR_CONNECTION_REFUSED @ http://localhost:8080/api/chat/history?user1=jade_test&user2=kai_test:0
[  214790ms] [LOG] Failed to load chat history @ http://localhost:5173/src/App.jsx:1066
[  216827ms] [ERROR] Failed to load resource: net::ERR_CONNECTION_REFUSED @ http://localhost:8080/api/chat/history?user1=jade_test&user2=kai_test:0
[  216828ms] [LOG] Failed to load chat history @ http://localhost:5173/src/App.jsx:1066
[  218787ms] [ERROR] Failed to load resource: net::ERR_CONNECTION_REFUSED @ http://localhost:8080/api/chat/history?user1=jade_test&user2=kai_test:0
[  218787ms] [LOG] Failed to load chat history @ http://localhost:5173/src/App.jsx:1066
[  218901ms] [ERROR] Failed to load resource: net::ERR_CONNECTION_REFUSED @ http://localhost:8080/api/auth/users:0
[  218906ms] [LOG] Failed to load contacts @ http://localhost:5173/src/App.jsx:1009
[  218908ms] [ERROR] Failed to load resource: net::ERR_CONNECTION_REFUSED @ http://localhost:8080/api/groups/mine?username=jade_test:0
[  218908ms] [LOG] Failed to load groups @ http://localhost:5173/src/App.jsx:1019
[  220786ms] [ERROR] Failed to load resource: net::ERR_CONNECTION_REFUSED @ http://localhost:8080/api/chat/history?user1=jade_test&user2=kai_test:0
[  220786ms] [LOG] Failed to load chat history @ http://localhost:5173/src/App.jsx:1066
[  222778ms] [ERROR] Failed to load resource: net::ERR_CONNECTION_REFUSED @ http://localhost:8080/api/chat/history?user1=jade_test&user2=kai_test:0
[  222779ms] [LOG] Failed to load chat history @ http://localhost:5173/src/App.jsx:1066
[  223903ms] [ERROR] Failed to load resource: net::ERR_CONNECTION_REFUSED @ http://localhost:8080/api/auth/users:0
[  223903ms] [LOG] Failed to load contacts @ http://localhost:5173/src/App.jsx:1009
[  223906ms] [ERROR] Failed to load resource: net::ERR_CONNECTION_REFUSED @ http://localhost:8080/api/groups/mine?username=jade_test:0
[  223907ms] [LOG] Failed to load groups @ http://localhost:5173/src/App.jsx:1019
[  224788ms] [ERROR] Failed to load resource: net::ERR_CONNECTION_REFUSED @ http://localhost:8080/api/chat/history?user1=jade_test&user2=kai_test:0
[  224788ms] [LOG] Failed to load chat history @ http://localhost:5173/src/App.jsx:1066
[  226782ms] [ERROR] Failed to load resource: net::ERR_CONNECTION_REFUSED @ http://localhost:8080/api/chat/history?user1=jade_test&user2=kai_test:0
[  226782ms] [LOG] Failed to load chat history @ http://localhost:5173/src/App.jsx:1066
[  228792ms] [ERROR] Failed to load resource: net::ERR_CONNECTION_REFUSED @ http://localhost:8080/api/chat/history?user1=jade_test&user2=kai_test:0
[  228793ms] [LOG] Failed to load chat history @ http://localhost:5173/src/App.jsx:1066
[  228898ms] [ERROR] Failed to load resource: net::ERR_CONNECTION_REFUSED @ http://localhost:8080/api/auth/users:0
[  228899ms] [LOG] Failed to load contacts @ http://localhost:5173/src/App.jsx:1009
[  228900ms] [ERROR] Failed to load resource: net::ERR_CONNECTION_REFUSED @ http://localhost:8080/api/groups/mine?username=jade_test:0
[  228901ms] [LOG] Failed to load groups @ http://localhost:5173/src/App.jsx:1019
[  230787ms] [ERROR] Failed to load resource: net::ERR_CONNECTION_REFUSED @ http://localhost:8080/api/chat/history?user1=jade_test&user2=kai_test:0
[  230787ms] [LOG] Failed to load chat history @ http://localhost:5173/src/App.jsx:1066
[  232889ms] [ERROR] Failed to load resource: net::ERR_CONNECTION_REFUSED @ http://localhost:8080/api/chat/history?user1=jade_test&user2=kai_test:0
[  232889ms] [LOG] Failed to load chat history @ http://localhost:5173/src/App.jsx:1066
[  233902ms] [ERROR] Failed to load resource: net::ERR_CONNECTION_REFUSED @ http://localhost:8080/api/auth/users:0
[  233902ms] [LOG] Failed to load contacts @ http://localhost:5173/src/App.jsx:1009
[  233904ms] [ERROR] Failed to load resource: net::ERR_CONNECTION_REFUSED @ http://localhost:8080/api/groups/mine?username=jade_test:0
[  233905ms] [LOG] Failed to load groups @ http://localhost:5173/src/App.jsx:1019
[  234791ms] [ERROR] Failed to load resource: net::ERR_CONNECTION_REFUSED @ http://localhost:8080/api/chat/history?user1=jade_test&user2=kai_test:0
[  234791ms] [LOG] Failed to load chat history @ http://localhost:5173/src/App.jsx:1066
[  236786ms] [ERROR] Failed to load resource: net::ERR_CONNECTION_REFUSED @ http://localhost:8080/api/chat/history?user1=jade_test&user2=kai_test:0
[  236786ms] [LOG] Failed to load chat history @ http://localhost:5173/src/App.jsx:1066
[  238788ms] [ERROR] Failed to load resource: net::ERR_CONNECTION_REFUSED @ http://localhost:8080/api/chat/history?user1=jade_test&user2=kai_test:0
[  238788ms] [LOG] Failed to load chat history @ http://localhost:5173/src/App.jsx:1066
[  238889ms] [ERROR] Failed to load resource: net::ERR_CONNECTION_REFUSED @ http://localhost:8080/api/auth/users:0
[  238889ms] [LOG] Failed to load contacts @ http://localhost:5173/src/App.jsx:1009
[  238890ms] [ERROR] Failed to load resource: net::ERR_CONNECTION_REFUSED @ http://localhost:8080/api/groups/mine?username=jade_test:0
[  238890ms] [LOG] Failed to load groups @ http://localhost:5173/src/App.jsx:1019
[  240777ms] [ERROR] Failed to load resource: net::ERR_CONNECTION_REFUSED @ http://localhost:8080/api/chat/history?user1=jade_test&user2=kai_test:0
[  240777ms] [LOG] Failed to load chat history @ http://localhost:5173/src/App.jsx:1066
[  242783ms] [ERROR] Failed to load resource: net::ERR_CONNECTION_REFUSED @ http://localhost:8080/api/chat/history?user1=jade_test&user2=kai_test:0
[  242783ms] [LOG] Failed to load chat history @ http://localhost:5173/src/App.jsx:1066
[  243894ms] [ERROR] Failed to load resource: net::ERR_CONNECTION_REFUSED @ http://localhost:8080/api/auth/users:0
[  243895ms] [LOG] Failed to load contacts @ http://localhost:5173/src/App.jsx:1009
[  243898ms] [ERROR] Failed to load resource: net::ERR_CONNECTION_REFUSED @ http://localhost:8080/api/groups/mine?username=jade_test:0
[  243898ms] [LOG] Failed to load groups @ http://localhost:5173/src/App.jsx:1019
[  244882ms] [ERROR] Failed to load resource: net::ERR_CONNECTION_REFUSED @ http://localhost:8080/api/chat/history?user1=jade_test&user2=kai_test:0
[  244882ms] [LOG] Failed to load chat history @ http://localhost:5173/src/App.jsx:1066
[  247334ms] [ERROR] Failed to load resource: net::ERR_CONNECTION_REFUSED @ http://localhost:8080/api/chat/history?user1=jade_test&user2=kai_test:0
[  247338ms] [LOG] Failed to load chat history @ http://localhost:5173/src/App.jsx:1066
[  249579ms] [ERROR] Failed to load resource: net::ERR_CONNECTION_REFUSED @ http://localhost:8080/api/chat/history?user1=jade_test&user2=kai_test:0
[  249579ms] [LOG] Failed to load chat history @ http://localhost:5173/src/App.jsx:1066
[  249588ms] [ERROR] Failed to load resource: net::ERR_CONNECTION_REFUSED @ http://localhost:8080/api/auth/users:0
[  249588ms] [LOG] Failed to load contacts @ http://localhost:5173/src/App.jsx:1009
[  249588ms] [ERROR] Failed to load resource: net::ERR_CONNECTION_REFUSED @ http://localhost:8080/api/groups/mine?username=jade_test:0
[  249588ms] [LOG] Failed to load groups @ http://localhost:5173/src/App.jsx:1019
[  251072ms] [ERROR] Failed to load resource: net::ERR_CONNECTION_REFUSED @ http://localhost:8080/api/chat/history?user1=jade_test&user2=kai_test:0
[  251072ms] [LOG] Failed to load chat history @ http://localhost:5173/src/App.jsx:1066
[  252783ms] [ERROR] Failed to load resource: net::ERR_CONNECTION_REFUSED @ http://localhost:8080/api/chat/history?user1=jade_test&user2=kai_test:0
[  252783ms] [LOG] Failed to load chat history @ http://localhost:5173/src/App.jsx:1066
[  253887ms] [ERROR] Failed to load resource: net::ERR_CONNECTION_REFUSED @ http://localhost:8080/api/auth/users:0
[  253888ms] [LOG] Failed to load contacts @ http://localhost:5173/src/App.jsx:1009
[  253889ms] [ERROR] Failed to load resource: net::ERR_CONNECTION_REFUSED @ http://localhost:8080/api/groups/mine?username=jade_test:0
[  253890ms] [LOG] Failed to load groups @ http://localhost:5173/src/App.jsx:1019
[  254795ms] [ERROR] Failed to load resource: net::ERR_CONNECTION_REFUSED @ http://localhost:8080/api/chat/history?user1=jade_test&user2=kai_test:0
[  254795ms] [LOG] Failed to load chat history @ http://localhost:5173/src/App.jsx:1066
[  256781ms] [ERROR] Failed to load resource: net::ERR_CONNECTION_REFUSED @ http://localhost:8080/api/chat/history?user1=jade_test&user2=kai_test:0
[  256781ms] [LOG] Failed to load chat history @ http://localhost:5173/src/App.jsx:1066
[  258777ms] [ERROR] Failed to load resource: net::ERR_CONNECTION_REFUSED @ http://localhost:8080/api/chat/history?user1=jade_test&user2=kai_test:0
[  258777ms] [LOG] Failed to load chat history @ http://localhost:5173/src/App.jsx:1066
[  258890ms] [ERROR] Failed to load resource: net::ERR_CONNECTION_REFUSED @ http://localhost:8080/api/auth/users:0
[  258891ms] [LOG] Failed to load contacts @ http://localhost:5173/src/App.jsx:1009
[  258895ms] [ERROR] Failed to load resource: net::ERR_CONNECTION_REFUSED @ http://localhost:8080/api/groups/mine?username=jade_test:0
[  258896ms] [LOG] Failed to load groups @ http://localhost:5173/src/App.jsx:1019
[  260788ms] [ERROR] Failed to load resource: net::ERR_CONNECTION_REFUSED @ http://localhost:8080/api/chat/history?user1=jade_test&user2=kai_test:0
[  260788ms] [LOG] Failed to load chat history @ http://localhost:5173/src/App.jsx:1066
[  262785ms] [ERROR] Failed to load resource: net::ERR_CONNECTION_REFUSED @ http://localhost:8080/api/chat/history?user1=jade_test&user2=kai_test:0
[  262785ms] [LOG] Failed to load chat history @ http://localhost:5173/src/App.jsx:1066
[  263895ms] [ERROR] Failed to load resource: net::ERR_CONNECTION_REFUSED @ http://localhost:8080/api/auth/users:0
[  263895ms] [LOG] Failed to load contacts @ http://localhost:5173/src/App.jsx:1009
[  263896ms] [ERROR] Failed to load resource: net::ERR_CONNECTION_REFUSED @ http://localhost:8080/api/groups/mine?username=jade_test:0
[  263897ms] [LOG] Failed to load groups @ http://localhost:5173/src/App.jsx:1019
[  264785ms] [ERROR] Failed to load resource: net::ERR_CONNECTION_REFUSED @ http://localhost:8080/api/chat/history?user1=jade_test&user2=kai_test:0
[  264785ms] [LOG] Failed to load chat history @ http://localhost:5173/src/App.jsx:1066
[  266799ms] [ERROR] Failed to load resource: net::ERR_CONNECTION_REFUSED @ http://localhost:8080/api/chat/history?user1=jade_test&user2=kai_test:0
[  266803ms] [LOG] Failed to load chat history @ http://localhost:5173/src/App.jsx:1066
[  268790ms] [ERROR] Failed to load resource: net::ERR_CONNECTION_REFUSED @ http://localhost:8080/api/chat/history?user1=jade_test&user2=kai_test:0
[  268790ms] [LOG] Failed to load chat history @ http://localhost:5173/src/App.jsx:1066
[  268899ms] [ERROR] Failed to load resource: net::ERR_CONNECTION_REFUSED @ http://localhost:8080/api/auth/users:0
[  268899ms] [LOG] Failed to load contacts @ http://localhost:5173/src/App.jsx:1009
[  268900ms] [ERROR] Failed to load resource: net::ERR_CONNECTION_REFUSED @ http://localhost:8080/api/groups/mine?username=jade_test:0
[  268900ms] [LOG] Failed to load groups @ http://localhost:5173/src/App.jsx:1019
[  270784ms] [ERROR] Failed to load resource: net::ERR_CONNECTION_REFUSED @ http://localhost:8080/api/chat/history?user1=jade_test&user2=kai_test:0
[  270786ms] [LOG] Failed to load chat history @ http://localhost:5173/src/App.jsx:1066
[  272790ms] [ERROR] Failed to load resource: net::ERR_CONNECTION_REFUSED @ http://localhost:8080/api/chat/history?user1=jade_test&user2=kai_test:0
[  272790ms] [LOG] Failed to load chat history @ http://localhost:5173/src/App.jsx:1066
[  273902ms] [ERROR] Failed to load resource: net::ERR_CONNECTION_REFUSED @ http://localhost:8080/api/auth/users:0
[  273902ms] [LOG] Failed to load contacts @ http://localhost:5173/src/App.jsx:1009
[  273903ms] [ERROR] Failed to load resource: net::ERR_CONNECTION_REFUSED @ http://localhost:8080/api/groups/mine?username=jade_test:0
[  273903ms] [LOG] Failed to load groups @ http://localhost:5173/src/App.jsx:1019
[  274792ms] [ERROR] Failed to load resource: net::ERR_CONNECTION_REFUSED @ http://localhost:8080/api/chat/history?user1=jade_test&user2=kai_test:0
[  274792ms] [LOG] Failed to load chat history @ http://localhost:5173/src/App.jsx:1066
[  276788ms] [ERROR] Failed to load resource: net::ERR_CONNECTION_REFUSED @ http://localhost:8080/api/chat/history?user1=jade_test&user2=kai_test:0
[  276788ms] [LOG] Failed to load chat history @ http://localhost:5173/src/App.jsx:1066
[  279104ms] [ERROR] Failed to load resource: net::ERR_CONNECTION_REFUSED @ http://localhost:8080/api/chat/history?user1=jade_test&user2=kai_test:0
[  279104ms] [LOG] Failed to load chat history @ http://localhost:5173/src/App.jsx:1066
[  279105ms] [ERROR] Failed to load resource: net::ERR_CONNECTION_REFUSED @ http://localhost:8080/api/auth/users:0
[  279105ms] [LOG] Failed to load contacts @ http://localhost:5173/src/App.jsx:1009
[  279106ms] [ERROR] Failed to load resource: net::ERR_CONNECTION_REFUSED @ http://localhost:8080/api/groups/mine?username=jade_test:0
[  279106ms] [LOG] Failed to load groups @ http://localhost:5173/src/App.jsx:1019
[  280851ms] [ERROR] Failed to load resource: net::ERR_CONNECTION_REFUSED @ http://localhost:8080/api/chat/history?user1=jade_test&user2=kai_test:0
[  280851ms] [LOG] Failed to load chat history @ http://localhost:5173/src/App.jsx:1066
[  282781ms] [ERROR] Failed to load resource: net::ERR_CONNECTION_REFUSED @ http://localhost:8080/api/chat/history?user1=jade_test&user2=kai_test:0
[  282781ms] [LOG] Failed to load chat history @ http://localhost:5173/src/App.jsx:1066
[  283893ms] [ERROR] Failed to load resource: net::ERR_CONNECTION_REFUSED @ http://localhost:8080/api/auth/users:0
[  283893ms] [LOG] Failed to load contacts @ http://localhost:5173/src/App.jsx:1009
[  283898ms] [ERROR] Failed to load resource: net::ERR_CONNECTION_REFUSED @ http://localhost:8080/api/groups/mine?username=jade_test:0
[  283898ms] [LOG] Failed to load groups @ http://localhost:5173/src/App.jsx:1019
[  284779ms] [ERROR] Failed to load resource: net::ERR_CONNECTION_REFUSED @ http://localhost:8080/api/chat/history?user1=jade_test&user2=kai_test:0
[  284779ms] [LOG] Failed to load chat history @ http://localhost:5173/src/App.jsx:1066
[  286787ms] [ERROR] Failed to load resource: net::ERR_CONNECTION_REFUSED @ http://localhost:8080/api/chat/history?user1=jade_test&user2=kai_test:0
[  286787ms] [LOG] Failed to load chat history @ http://localhost:5173/src/App.jsx:1066
[  288787ms] [ERROR] Failed to load resource: net::ERR_CONNECTION_REFUSED @ http://localhost:8080/api/chat/history?user1=jade_test&user2=kai_test:0
[  288787ms] [LOG] Failed to load chat history @ http://localhost:5173/src/App.jsx:1066
[  288909ms] [ERROR] Failed to load resource: net::ERR_CONNECTION_REFUSED @ http://localhost:8080/api/auth/users:0
[  288911ms] [LOG] Failed to load contacts @ http://localhost:5173/src/App.jsx:1009
[  288917ms] [ERROR] Failed to load resource: net::ERR_CONNECTION_REFUSED @ http://localhost:8080/api/groups/mine?username=jade_test:0
[  288920ms] [LOG] Failed to load groups @ http://localhost:5173/src/App.jsx:1019
[  290779ms] [ERROR] Failed to load resource: net::ERR_CONNECTION_REFUSED @ http://localhost:8080/api/chat/history?user1=jade_test&user2=kai_test:0
[  290779ms] [LOG] Failed to load chat history @ http://localhost:5173/src/App.jsx:1066
[  292791ms] [ERROR] Failed to load resource: net::ERR_CONNECTION_REFUSED @ http://localhost:8080/api/chat/history?user1=jade_test&user2=kai_test:0
[  292791ms] [LOG] Failed to load chat history @ http://localhost:5173/src/App.jsx:1066
[  293892ms] [ERROR] Failed to load resource: net::ERR_CONNECTION_REFUSED @ http://localhost:8080/api/auth/users:0
[  293892ms] [LOG] Failed to load contacts @ http://localhost:5173/src/App.jsx:1009
[  293894ms] [ERROR] Failed to load resource: net::ERR_CONNECTION_REFUSED @ http://localhost:8080/api/groups/mine?username=jade_test:0
[  293894ms] [LOG] Failed to load groups @ http://localhost:5173/src/App.jsx:1019
[  294785ms] [ERROR] Failed to load resource: net::ERR_CONNECTION_REFUSED @ http://localhost:8080/api/chat/history?user1=jade_test&user2=kai_test:0
[  294785ms] [LOG] Failed to load chat history @ http://localhost:5173/src/App.jsx:1066
[  296783ms] [ERROR] Failed to load resource: net::ERR_CONNECTION_REFUSED @ http://localhost:8080/api/chat/history?user1=jade_test&user2=kai_test:0
[  296783ms] [LOG] Failed to load chat history @ http://localhost:5173/src/App.jsx:1066
[  298778ms] [ERROR] Failed to load resource: net::ERR_CONNECTION_REFUSED @ http://localhost:8080/api/chat/history?user1=jade_test&user2=kai_test:0
[  298778ms] [LOG] Failed to load chat history @ http://localhost:5173/src/App.jsx:1066
[  298887ms] [ERROR] Failed to load resource: net::ERR_CONNECTION_REFUSED @ http://localhost:8080/api/auth/users:0
[  298887ms] [LOG] Failed to load contacts @ http://localhost:5173/src/App.jsx:1009
[  298889ms] [ERROR] Failed to load resource: net::ERR_CONNECTION_REFUSED @ http://localhost:8080/api/groups/mine?username=jade_test:0
[  298890ms] [LOG] Failed to load groups @ http://localhost:5173/src/App.jsx:1019
[  300782ms] [ERROR] Failed to load resource: net::ERR_CONNECTION_REFUSED @ http://localhost:8080/api/chat/history?user1=jade_test&user2=kai_test:0
[  300783ms] [LOG] Failed to load chat history @ http://localhost:5173/src/App.jsx:1066
[  302780ms] [ERROR] Failed to load resource: net::ERR_CONNECTION_REFUSED @ http://localhost:8080/api/chat/history?user1=jade_test&user2=kai_test:0
[  302780ms] [LOG] Failed to load chat history @ http://localhost:5173/src/App.jsx:1066
[  303889ms] [ERROR] Failed to load resource: net::ERR_CONNECTION_REFUSED @ http://localhost:8080/api/auth/users:0
[  303890ms] [LOG] Failed to load contacts @ http://localhost:5173/src/App.jsx:1009
[  303892ms] [ERROR] Failed to load resource: net::ERR_CONNECTION_REFUSED @ http://localhost:8080/api/groups/mine?username=jade_test:0
[  303892ms] [LOG] Failed to load groups @ http://localhost:5173/src/App.jsx:1019
[  304778ms] [ERROR] Failed to load resource: net::ERR_CONNECTION_REFUSED @ http://localhost:8080/api/chat/history?user1=jade_test&user2=kai_test:0
[  304778ms] [LOG] Failed to load chat history @ http://localhost:5173/src/App.jsx:1066
[  306784ms] [ERROR] Failed to load resource: net::ERR_CONNECTION_REFUSED @ http://localhost:8080/api/chat/history?user1=jade_test&user2=kai_test:0
[  306784ms] [LOG] Failed to load chat history @ http://localhost:5173/src/App.jsx:1066
[  308790ms] [ERROR] Failed to load resource: net::ERR_CONNECTION_REFUSED @ http://localhost:8080/api/chat/history?user1=jade_test&user2=kai_test:0
[  308790ms] [LOG] Failed to load chat history @ http://localhost:5173/src/App.jsx:1066
[  308900ms] [ERROR] Failed to load resource: net::ERR_CONNECTION_REFUSED @ http://localhost:8080/api/auth/users:0
[  308901ms] [LOG] Failed to load contacts @ http://localhost:5173/src/App.jsx:1009
[  308901ms] [ERROR] Failed to load resource: net::ERR_CONNECTION_REFUSED @ http://localhost:8080/api/groups/mine?username=jade_test:0
[  308901ms] [LOG] Failed to load groups @ http://localhost:5173/src/App.jsx:1019
[  310783ms] [ERROR] Failed to load resource: net::ERR_CONNECTION_REFUSED @ http://localhost:8080/api/chat/history?user1=jade_test&user2=kai_test:0
[  310783ms] [LOG] Failed to load chat history @ http://localhost:5173/src/App.jsx:1066
[  312785ms] [ERROR] Failed to load resource: net::ERR_CONNECTION_REFUSED @ http://localhost:8080/api/chat/history?user1=jade_test&user2=kai_test:0
[  312786ms] [LOG] Failed to load chat history @ http://localhost:5173/src/App.jsx:1066
[  313901ms] [ERROR] Failed to load resource: net::ERR_CONNECTION_REFUSED @ http://localhost:8080/api/auth/users:0
[  313902ms] [LOG] Failed to load contacts @ http://localhost:5173/src/App.jsx:1009
[  313903ms] [ERROR] Failed to load resource: net::ERR_CONNECTION_REFUSED @ http://localhost:8080/api/groups/mine?username=jade_test:0
[  313904ms] [LOG] Failed to load groups @ http://localhost:5173/src/App.jsx:1019
[  314776ms] [ERROR] Failed to load resource: net::ERR_CONNECTION_REFUSED @ http://localhost:8080/api/chat/history?user1=jade_test&user2=kai_test:0
[  314776ms] [LOG] Failed to load chat history @ http://localhost:5173/src/App.jsx:1066
[  316776ms] [ERROR] Failed to load resource: net::ERR_CONNECTION_REFUSED @ http://localhost:8080/api/chat/history?user1=jade_test&user2=kai_test:0
[  316776ms] [LOG] Failed to load chat history @ http://localhost:5173/src/App.jsx:1066
[  318784ms] [ERROR] Failed to load resource: net::ERR_CONNECTION_REFUSED @ http://localhost:8080/api/chat/history?user1=jade_test&user2=kai_test:0
[  318784ms] [LOG] Failed to load chat history @ http://localhost:5173/src/App.jsx:1066
[  318896ms] [ERROR] Failed to load resource: net::ERR_CONNECTION_REFUSED @ http://localhost:8080/api/auth/users:0
[  318896ms] [LOG] Failed to load contacts @ http://localhost:5173/src/App.jsx:1009
[  318897ms] [ERROR] Failed to load resource: net::ERR_CONNECTION_REFUSED @ http://localhost:8080/api/groups/mine?username=jade_test:0
[  318897ms] [LOG] Failed to load groups @ http://localhost:5173/src/App.jsx:1019
[  321104ms] [ERROR] Failed to load resource: net::ERR_CONNECTION_REFUSED @ http://localhost:8080/api/chat/history?user1=jade_test&user2=kai_test:0
[  321106ms] [LOG] Failed to load chat history @ http://localhost:5173/src/App.jsx:1066
[  322989ms] [ERROR] Failed to load resource: net::ERR_CONNECTION_REFUSED @ http://localhost:8080/api/chat/history?user1=jade_test&user2=kai_test:0
[  322989ms] [LOG] Failed to load chat history @ http://localhost:5173/src/App.jsx:1066
[  323893ms] [ERROR] Failed to load resource: net::ERR_CONNECTION_REFUSED @ http://localhost:8080/api/auth/users:0
[  323894ms] [LOG] Failed to load contacts @ http://localhost:5173/src/App.jsx:1009
[  323894ms] [ERROR] Failed to load resource: net::ERR_CONNECTION_REFUSED @ http://localhost:8080/api/groups/mine?username=jade_test:0
[  323894ms] [LOG] Failed to load groups @ http://localhost:5173/src/App.jsx:1019
[  324783ms] [ERROR] Failed to load resource: net::ERR_CONNECTION_REFUSED @ http://localhost:8080/api/chat/history?user1=jade_test&user2=kai_test:0
[  324787ms] [LOG] Failed to load chat history @ http://localhost:5173/src/App.jsx:1066
[  326786ms] [ERROR] Failed to load resource: net::ERR_CONNECTION_REFUSED @ http://localhost:8080/api/chat/history?user1=jade_test&user2=kai_test:0
[  326789ms] [LOG] Failed to load chat history @ http://localhost:5173/src/App.jsx:1066
[  328961ms] [ERROR] Failed to load resource: net::ERR_CONNECTION_REFUSED @ http://localhost:8080/api/chat/history?user1=jade_test&user2=kai_test:0
[  328961ms] [LOG] Failed to load chat history @ http://localhost:5173/src/App.jsx:1066
[  328966ms] [ERROR] Failed to load resource: net::ERR_CONNECTION_REFUSED @ http://localhost:8080/api/auth/users:0
[  328966ms] [LOG] Failed to load contacts @ http://localhost:5173/src/App.jsx:1009
[  328968ms] [ERROR] Failed to load resource: net::ERR_CONNECTION_REFUSED @ http://localhost:8080/api/groups/mine?username=jade_test:0
[  328968ms] [LOG] Failed to load groups @ http://localhost:5173/src/App.jsx:1019
[  330784ms] [ERROR] Failed to load resource: net::ERR_CONNECTION_REFUSED @ http://localhost:8080/api/chat/history?user1=jade_test&user2=kai_test:0
[  330785ms] [LOG] Failed to load chat history @ http://localhost:5173/src/App.jsx:1066
[  334246ms] [ERROR] Failed to load resource: net::ERR_CONNECTION_REFUSED @ http://localhost:8080/api/chat/history?user1=jade_test&user2=kai_test:0
[  334247ms] [LOG] Failed to load chat history @ http://localhost:5173/src/App.jsx:1066
[  334252ms] [ERROR] Failed to load resource: net::ERR_CONNECTION_REFUSED @ http://localhost:8080/api/auth/users:0
[  334253ms] [LOG] Failed to load contacts @ http://localhost:5173/src/App.jsx:1009
[  334266ms] [ERROR] Failed to load resource: net::ERR_CONNECTION_REFUSED @ http://localhost:8080/api/groups/mine?username=jade_test:0
[  334267ms] [LOG] Failed to load groups @ http://localhost:5173/src/App.jsx:1019
[  334804ms] [ERROR] Failed to load resource: net::ERR_CONNECTION_REFUSED @ http://localhost:8080/api/chat/history?user1=jade_test&user2=kai_test:0
[  334806ms] [LOG] Failed to load chat history @ http://localhost:5173/src/App.jsx:1066
[  336788ms] [ERROR] Failed to load resource: net::ERR_CONNECTION_REFUSED @ http://localhost:8080/api/chat/history?user1=jade_test&user2=kai_test:0
[  336788ms] [LOG] Failed to load chat history @ http://localhost:5173/src/App.jsx:1066
[  338849ms] [ERROR] Failed to load resource: net::ERR_CONNECTION_REFUSED @ http://localhost:8080/api/chat/history?user1=jade_test&user2=kai_test:0
[  338850ms] [LOG] Failed to load chat history @ http://localhost:5173/src/App.jsx:1066
[  338891ms] [ERROR] Failed to load resource: net::ERR_CONNECTION_REFUSED @ http://localhost:8080/api/auth/users:0
[  338892ms] [LOG] Failed to load contacts @ http://localhost:5173/src/App.jsx:1009
[  338894ms] [ERROR] Failed to load resource: net::ERR_CONNECTION_REFUSED @ http://localhost:8080/api/groups/mine?username=jade_test:0
[  338895ms] [LOG] Failed to load groups @ http://localhost:5173/src/App.jsx:1019
[  340791ms] [ERROR] Failed to load resource: net::ERR_CONNECTION_REFUSED @ http://localhost:8080/api/chat/history?user1=jade_test&user2=kai_test:0
[  340794ms] [LOG] Failed to load chat history @ http://localhost:5173/src/App.jsx:1066
[  342789ms] [ERROR] Failed to load resource: net::ERR_CONNECTION_REFUSED @ http://localhost:8080/api/chat/history?user1=jade_test&user2=kai_test:0
[  342789ms] [LOG] Failed to load chat history @ http://localhost:5173/src/App.jsx:1066
[  343918ms] [ERROR] Failed to load resource: net::ERR_CONNECTION_REFUSED @ http://localhost:8080/api/auth/users:0
[  343922ms] [LOG] Failed to load contacts @ http://localhost:5173/src/App.jsx:1009
[  343927ms] [ERROR] Failed to load resource: net::ERR_CONNECTION_REFUSED @ http://localhost:8080/api/groups/mine?username=jade_test:0
[  343932ms] [LOG] Failed to load groups @ http://localhost:5173/src/App.jsx:1019
[  345069ms] [ERROR] Failed to load resource: net::ERR_CONNECTION_REFUSED @ http://localhost:8080/api/chat/history?user1=jade_test&user2=kai_test:0
[  345070ms] [LOG] Failed to load chat history @ http://localhost:5173/src/App.jsx:1066
[  346923ms] [ERROR] Failed to load resource: net::ERR_CONNECTION_REFUSED @ http://localhost:8080/api/chat/history?user1=jade_test&user2=kai_test:0
[  346925ms] [LOG] Failed to load chat history @ http://localhost:5173/src/App.jsx:1066
[  348785ms] [ERROR] Failed to load resource: net::ERR_CONNECTION_REFUSED @ http://localhost:8080/api/chat/history?user1=jade_test&user2=kai_test:0
[  348785ms] [LOG] Failed to load chat history @ http://localhost:5173/src/App.jsx:1066
[  348895ms] [ERROR] Failed to load resource: net::ERR_CONNECTION_REFUSED @ http://localhost:8080/api/auth/users:0
[  348895ms] [LOG] Failed to load contacts @ http://localhost:5173/src/App.jsx:1009
[  348895ms] [ERROR] Failed to load resource: net::ERR_CONNECTION_REFUSED @ http://localhost:8080/api/groups/mine?username=jade_test:0
[  348895ms] [LOG] Failed to load groups @ http://localhost:5173/src/App.jsx:1019
[  350780ms] [ERROR] Failed to load resource: net::ERR_CONNECTION_REFUSED @ http://localhost:8080/api/chat/history?user1=jade_test&user2=kai_test:0
[  350780ms] [LOG] Failed to load chat history @ http://localhost:5173/src/App.jsx:1066
[  353135ms] [ERROR] Failed to load resource: net::ERR_CONNECTION_REFUSED @ http://localhost:8080/api/chat/history?user1=jade_test&user2=kai_test:0
[  353136ms] [LOG] Failed to load chat history @ http://localhost:5173/src/App.jsx:1066
[  353899ms] [ERROR] Failed to load resource: net::ERR_CONNECTION_REFUSED @ http://localhost:8080/api/auth/users:0
[  353899ms] [LOG] Failed to load contacts @ http://localhost:5173/src/App.jsx:1009
[  353900ms] [ERROR] Failed to load resource: net::ERR_CONNECTION_REFUSED @ http://localhost:8080/api/groups/mine?username=jade_test:0
[  353901ms] [LOG] Failed to load groups @ http://localhost:5173/src/App.jsx:1019
[  354786ms] [ERROR] Failed to load resource: net::ERR_CONNECTION_REFUSED @ http://localhost:8080/api/chat/history?user1=jade_test&user2=kai_test:0
[  354786ms] [LOG] Failed to load chat history @ http://localhost:5173/src/App.jsx:1066
[  356780ms] [ERROR] Failed to load resource: net::ERR_CONNECTION_REFUSED @ http://localhost:8080/api/chat/history?user1=jade_test&user2=kai_test:0
[  356780ms] [LOG] Failed to load chat history @ http://localhost:5173/src/App.jsx:1066
[  358813ms] [ERROR] Failed to load resource: net::ERR_CONNECTION_REFUSED @ http://localhost:8080/api/chat/history?user1=jade_test&user2=kai_test:0
[  358814ms] [LOG] Failed to load chat history @ http://localhost:5173/src/App.jsx:1066
[  358887ms] [ERROR] Failed to load resource: net::ERR_CONNECTION_REFUSED @ http://localhost:8080/api/auth/users:0
[  358889ms] [LOG] Failed to load contacts @ http://localhost:5173/src/App.jsx:1009
[  358889ms] [ERROR] Failed to load resource: net::ERR_CONNECTION_REFUSED @ http://localhost:8080/api/groups/mine?username=jade_test:0
[  358890ms] [LOG] Failed to load groups @ http://localhost:5173/src/App.jsx:1019
[  360910ms] [ERROR] Failed to load resource: net::ERR_CONNECTION_REFUSED @ http://localhost:8080/api/chat/history?user1=jade_test&user2=kai_test:0
[  360910ms] [LOG] Failed to load chat history @ http://localhost:5173/src/App.jsx:1066
[  362776ms] [ERROR] Failed to load resource: net::ERR_CONNECTION_REFUSED @ http://localhost:8080/api/chat/history?user1=jade_test&user2=kai_test:0
[  362776ms] [LOG] Failed to load chat history @ http://localhost:5173/src/App.jsx:1066
[  363895ms] [ERROR] Failed to load resource: net::ERR_CONNECTION_REFUSED @ http://localhost:8080/api/auth/users:0
[  363895ms] [LOG] Failed to load contacts @ http://localhost:5173/src/App.jsx:1009
[  363897ms] [ERROR] Failed to load resource: net::ERR_CONNECTION_REFUSED @ http://localhost:8080/api/groups/mine?username=jade_test:0
[  363897ms] [LOG] Failed to load groups @ http://localhost:5173/src/App.jsx:1019
[  364788ms] [ERROR] Failed to load resource: net::ERR_CONNECTION_REFUSED @ http://localhost:8080/api/chat/history?user1=jade_test&user2=kai_test:0
[  364797ms] [LOG] Failed to load chat history @ http://localhost:5173/src/App.jsx:1066
[  366780ms] [ERROR] Failed to load resource: net::ERR_CONNECTION_REFUSED @ http://localhost:8080/api/chat/history?user1=jade_test&user2=kai_test:0
[  366780ms] [LOG] Failed to load chat history @ http://localhost:5173/src/App.jsx:1066
[  368776ms] [ERROR] Failed to load resource: net::ERR_CONNECTION_REFUSED @ http://localhost:8080/api/chat/history?user1=jade_test&user2=kai_test:0
[  368776ms] [LOG] Failed to load chat history @ http://localhost:5173/src/App.jsx:1066
[  368887ms] [ERROR] Failed to load resource: net::ERR_CONNECTION_REFUSED @ http://localhost:8080/api/auth/users:0
[  368887ms] [LOG] Failed to load contacts @ http://localhost:5173/src/App.jsx:1009
[  368890ms] [ERROR] Failed to load resource: net::ERR_CONNECTION_REFUSED @ http://localhost:8080/api/groups/mine?username=jade_test:0
[  368890ms] [LOG] Failed to load groups @ http://localhost:5173/src/App.jsx:1019
[  370813ms] [ERROR] Failed to load resource: net::ERR_CONNECTION_REFUSED @ http://localhost:8080/api/chat/history?user1=jade_test&user2=kai_test:0
[  370813ms] [LOG] Failed to load chat history @ http://localhost:5173/src/App.jsx:1066
[  372782ms] [ERROR] Failed to load resource: net::ERR_CONNECTION_REFUSED @ http://localhost:8080/api/chat/history?user1=jade_test&user2=kai_test:0
[  372782ms] [LOG] Failed to load chat history @ http://localhost:5173/src/App.jsx:1066
[  373894ms] [ERROR] Failed to load resource: net::ERR_CONNECTION_REFUSED @ http://localhost:8080/api/auth/users:0
[  373894ms] [LOG] Failed to load contacts @ http://localhost:5173/src/App.jsx:1009
[  373896ms] [ERROR] Failed to load resource: net::ERR_CONNECTION_REFUSED @ http://localhost:8080/api/groups/mine?username=jade_test:0
[  373896ms] [LOG] Failed to load groups @ http://localhost:5173/src/App.jsx:1019
[  374776ms] [ERROR] Failed to load resource: net::ERR_CONNECTION_REFUSED @ http://localhost:8080/api/chat/history?user1=jade_test&user2=kai_test:0
[  374776ms] [LOG] Failed to load chat history @ http://localhost:5173/src/App.jsx:1066
[  376892ms] [ERROR] Failed to load resource: net::ERR_CONNECTION_REFUSED @ http://localhost:8080/api/chat/history?user1=jade_test&user2=kai_test:0
[  376892ms] [LOG] Failed to load chat history @ http://localhost:5173/src/App.jsx:1066
[  378787ms] [ERROR] Failed to load resource: net::ERR_CONNECTION_REFUSED @ http://localhost:8080/api/chat/history?user1=jade_test&user2=kai_test:0
[  378788ms] [LOG] Failed to load chat history @ http://localhost:5173/src/App.jsx:1066
[  378900ms] [ERROR] Failed to load resource: net::ERR_CONNECTION_REFUSED @ http://localhost:8080/api/auth/users:0
[  378900ms] [LOG] Failed to load contacts @ http://localhost:5173/src/App.jsx:1009
[  378902ms] [ERROR] Failed to load resource: net::ERR_CONNECTION_REFUSED @ http://localhost:8080/api/groups/mine?username=jade_test:0
[  378903ms] [LOG] Failed to load groups @ http://localhost:5173/src/App.jsx:1019
[  380789ms] [ERROR] Failed to load resource: net::ERR_CONNECTION_REFUSED @ http://localhost:8080/api/chat/history?user1=jade_test&user2=kai_test:0
[  380789ms] [LOG] Failed to load chat history @ http://localhost:5173/src/App.jsx:1066
[  382788ms] [ERROR] Failed to load resource: net::ERR_CONNECTION_REFUSED @ http://localhost:8080/api/chat/history?user1=jade_test&user2=kai_test:0
[  382789ms] [LOG] Failed to load chat history @ http://localhost:5173/src/App.jsx:1066
[  383899ms] [ERROR] Failed to load resource: net::ERR_CONNECTION_REFUSED @ http://localhost:8080/api/auth/users:0
[  383899ms] [LOG] Failed to load contacts @ http://localhost:5173/src/App.jsx:1009
[  383901ms] [ERROR] Failed to load resource: net::ERR_CONNECTION_REFUSED @ http://localhost:8080/api/groups/mine?username=jade_test:0
[  383901ms] [LOG] Failed to load groups @ http://localhost:5173/src/App.jsx:1019
[  384785ms] [ERROR] Failed to load resource: net::ERR_CONNECTION_REFUSED @ http://localhost:8080/api/chat/history?user1=jade_test&user2=kai_test:0
[  384785ms] [LOG] Failed to load chat history @ http://localhost:5173/src/App.jsx:1066
[  386784ms] [ERROR] Failed to load resource: net::ERR_CONNECTION_REFUSED @ http://localhost:8080/api/chat/history?user1=jade_test&user2=kai_test:0
[  386784ms] [LOG] Failed to load chat history @ http://localhost:5173/src/App.jsx:1066
[  388777ms] [ERROR] Failed to load resource: net::ERR_CONNECTION_REFUSED @ http://localhost:8080/api/chat/history?user1=jade_test&user2=kai_test:0
[  388777ms] [LOG] Failed to load chat history @ http://localhost:5173/src/App.jsx:1066
[  388903ms] [ERROR] Failed to load resource: net::ERR_CONNECTION_REFUSED @ http://localhost:8080/api/auth/users:0
[  388903ms] [LOG] Failed to load contacts @ http://localhost:5173/src/App.jsx:1009
[  388903ms] [ERROR] Failed to load resource: net::ERR_CONNECTION_REFUSED @ http://localhost:8080/api/groups/mine?username=jade_test:0
[  388903ms] [LOG] Failed to load groups @ http://localhost:5173/src/App.jsx:1019
[  390787ms] [ERROR] Failed to load resource: net::ERR_CONNECTION_REFUSED @ http://localhost:8080/api/chat/history?user1=jade_test&user2=kai_test:0
[  390787ms] [LOG] Failed to load chat history @ http://localhost:5173/src/App.jsx:1066
[  392777ms] [ERROR] Failed to load resource: net::ERR_CONNECTION_REFUSED @ http://localhost:8080/api/chat/history?user1=jade_test&user2=kai_test:0
[  392777ms] [LOG] Failed to load chat history @ http://localhost:5173/src/App.jsx:1066
[  393893ms] [ERROR] Failed to load resource: net::ERR_CONNECTION_REFUSED @ http://localhost:8080/api/auth/users:0
[  393893ms] [LOG] Failed to load contacts @ http://localhost:5173/src/App.jsx:1009
[  393894ms] [ERROR] Failed to load resource: net::ERR_CONNECTION_REFUSED @ http://localhost:8080/api/groups/mine?username=jade_test:0
[  393894ms] [LOG] Failed to load groups @ http://localhost:5173/src/App.jsx:1019
[  394781ms] [ERROR] Failed to load resource: net::ERR_CONNECTION_REFUSED @ http://localhost:8080/api/chat/history?user1=jade_test&user2=kai_test:0
[  394781ms] [LOG] Failed to load chat history @ http://localhost:5173/src/App.jsx:1066
[  396786ms] [ERROR] Failed to load resource: net::ERR_CONNECTION_REFUSED @ http://localhost:8080/api/chat/history?user1=jade_test&user2=kai_test:0
[  396786ms] [LOG] Failed to load chat history @ http://localhost:5173/src/App.jsx:1066
[  398787ms] [ERROR] Failed to load resource: net::ERR_CONNECTION_REFUSED @ http://localhost:8080/api/chat/history?user1=jade_test&user2=kai_test:0
[  398787ms] [LOG] Failed to load chat history @ http://localhost:5173/src/App.jsx:1066
[  398902ms] [ERROR] Failed to load resource: net::ERR_CONNECTION_REFUSED @ http://localhost:8080/api/auth/users:0
[  398902ms] [LOG] Failed to load contacts @ http://localhost:5173/src/App.jsx:1009
[  398903ms] [ERROR] Failed to load resource: net::ERR_CONNECTION_REFUSED @ http://localhost:8080/api/groups/mine?username=jade_test:0
[  398903ms] [LOG] Failed to load groups @ http://localhost:5173/src/App.jsx:1019
[  400785ms] [ERROR] Failed to load resource: net::ERR_CONNECTION_REFUSED @ http://localhost:8080/api/chat/history?user1=jade_test&user2=kai_test:0
[  400785ms] [LOG] Failed to load chat history @ http://localhost:5173/src/App.jsx:1066
[  402776ms] [ERROR] Failed to load resource: net::ERR_CONNECTION_REFUSED @ http://localhost:8080/api/chat/history?user1=jade_test&user2=kai_test:0
[  402777ms] [LOG] Failed to load chat history @ http://localhost:5173/src/App.jsx:1066
[  403898ms] [ERROR] Failed to load resource: net::ERR_CONNECTION_REFUSED @ http://localhost:8080/api/auth/users:0
[  403898ms] [LOG] Failed to load contacts @ http://localhost:5173/src/App.jsx:1009
[  403899ms] [ERROR] Failed to load resource: net::ERR_CONNECTION_REFUSED @ http://localhost:8080/api/groups/mine?username=jade_test:0
[  403899ms] [LOG] Failed to load groups @ http://localhost:5173/src/App.jsx:1019
[  404787ms] [ERROR] Failed to load resource: net::ERR_CONNECTION_REFUSED @ http://localhost:8080/api/chat/history?user1=jade_test&user2=kai_test:0
[  404787ms] [LOG] Failed to load chat history @ http://localhost:5173/src/App.jsx:1066
[  406779ms] [ERROR] Failed to load resource: net::ERR_CONNECTION_REFUSED @ http://localhost:8080/api/chat/history?user1=jade_test&user2=kai_test:0
[  406779ms] [LOG] Failed to load chat history @ http://localhost:5173/src/App.jsx:1066
[  408775ms] [ERROR] Failed to load resource: net::ERR_CONNECTION_REFUSED @ http://localhost:8080/api/chat/history?user1=jade_test&user2=kai_test:0
[  408775ms] [LOG] Failed to load chat history @ http://localhost:5173/src/App.jsx:1066
[  408899ms] [ERROR] Failed to load resource: net::ERR_CONNECTION_REFUSED @ http://localhost:8080/api/auth/users:0
[  408899ms] [LOG] Failed to load contacts @ http://localhost:5173/src/App.jsx:1009
[  408901ms] [ERROR] Failed to load resource: net::ERR_CONNECTION_REFUSED @ http://localhost:8080/api/groups/mine?username=jade_test:0
[  408901ms] [LOG] Failed to load groups @ http://localhost:5173/src/App.jsx:1019
[  410782ms] [ERROR] Failed to load resource: net::ERR_CONNECTION_REFUSED @ http://localhost:8080/api/chat/history?user1=jade_test&user2=kai_test:0
[  410782ms] [LOG] Failed to load chat history @ http://localhost:5173/src/App.jsx:1066
[  412790ms] [ERROR] Failed to load resource: net::ERR_CONNECTION_REFUSED @ http://localhost:8080/api/chat/history?user1=jade_test&user2=kai_test:0
[  412790ms] [LOG] Failed to load chat history @ http://localhost:5173/src/App.jsx:1066
[  413894ms] [ERROR] Failed to load resource: net::ERR_CONNECTION_REFUSED @ http://localhost:8080/api/auth/users:0
[  413894ms] [LOG] Failed to load contacts @ http://localhost:5173/src/App.jsx:1009
[  413897ms] [ERROR] Failed to load resource: net::ERR_CONNECTION_REFUSED @ http://localhost:8080/api/groups/mine?username=jade_test:0
[  413899ms] [LOG] Failed to load groups @ http://localhost:5173/src/App.jsx:1019
[  414783ms] [ERROR] Failed to load resource: net::ERR_CONNECTION_REFUSED @ http://localhost:8080/api/chat/history?user1=jade_test&user2=kai_test:0
[  414784ms] [LOG] Failed to load chat history @ http://localhost:5173/src/App.jsx:1066
[  416791ms] [ERROR] Failed to load resource: net::ERR_CONNECTION_REFUSED @ http://localhost:8080/api/chat/history?user1=jade_test&user2=kai_test:0
[  416791ms] [LOG] Failed to load chat history @ http://localhost:5173/src/App.jsx:1066
[  418789ms] [ERROR] Failed to load resource: net::ERR_CONNECTION_REFUSED @ http://localhost:8080/api/chat/history?user1=jade_test&user2=kai_test:0
[  418789ms] [LOG] Failed to load chat history @ http://localhost:5173/src/App.jsx:1066
[  418923ms] [ERROR] Failed to load resource: net::ERR_CONNECTION_REFUSED @ http://localhost:8080/api/auth/users:0
[  418924ms] [LOG] Failed to load contacts @ http://localhost:5173/src/App.jsx:1009
[  418944ms] [ERROR] Failed to load resource: net::ERR_CONNECTION_REFUSED @ http://localhost:8080/api/groups/mine?username=jade_test:0
[  418944ms] [LOG] Failed to load groups @ http://localhost:5173/src/App.jsx:1019
[  420788ms] [ERROR] Failed to load resource: net::ERR_CONNECTION_REFUSED @ http://localhost:8080/api/chat/history?user1=jade_test&user2=kai_test:0
[  420792ms] [LOG] Failed to load chat history @ http://localhost:5173/src/App.jsx:1066
[  422776ms] [ERROR] Failed to load resource: net::ERR_CONNECTION_REFUSED @ http://localhost:8080/api/chat/history?user1=jade_test&user2=kai_test:0
[  422776ms] [LOG] Failed to load chat history @ http://localhost:5173/src/App.jsx:1066
[  423898ms] [ERROR] Failed to load resource: net::ERR_CONNECTION_REFUSED @ http://localhost:8080/api/auth/users:0
[  423900ms] [LOG] Failed to load contacts @ http://localhost:5173/src/App.jsx:1009
[  423901ms] [ERROR] Failed to load resource: net::ERR_CONNECTION_REFUSED @ http://localhost:8080/api/groups/mine?username=jade_test:0
[  423901ms] [LOG] Failed to load groups @ http://localhost:5173/src/App.jsx:1019
[  424785ms] [ERROR] Failed to load resource: net::ERR_CONNECTION_REFUSED @ http://localhost:8080/api/chat/history?user1=jade_test&user2=kai_test:0
[  424790ms] [LOG] Failed to load chat history @ http://localhost:5173/src/App.jsx:1066
[  426781ms] [ERROR] Failed to load resource: net::ERR_CONNECTION_REFUSED @ http://localhost:8080/api/chat/history?user1=jade_test&user2=kai_test:0
[  426781ms] [LOG] Failed to load chat history @ http://localhost:5173/src/App.jsx:1066
[  428780ms] [ERROR] Failed to load resource: net::ERR_CONNECTION_REFUSED @ http://localhost:8080/api/chat/history?user1=jade_test&user2=kai_test:0
[  428783ms] [LOG] Failed to load chat history @ http://localhost:5173/src/App.jsx:1066
[  428889ms] [ERROR] Failed to load resource: net::ERR_CONNECTION_REFUSED @ http://localhost:8080/api/auth/users:0
[  428890ms] [LOG] Failed to load contacts @ http://localhost:5173/src/App.jsx:1009
[  428894ms] [ERROR] Failed to load resource: net::ERR_CONNECTION_REFUSED @ http://localhost:8080/api/groups/mine?username=jade_test:0
[  428895ms] [LOG] Failed to load groups @ http://localhost:5173/src/App.jsx:1019
[  431541ms] [ERROR] Failed to load resource: net::ERR_CONNECTION_REFUSED @ http://localhost:8080/api/chat/history?user1=jade_test&user2=kai_test:0
[  431541ms] [LOG] Failed to load chat history @ http://localhost:5173/src/App.jsx:1066
[  432908ms] [ERROR] Failed to load resource: net::ERR_CONNECTION_REFUSED @ http://localhost:8080/api/chat/history?user1=jade_test&user2=kai_test:0
[  432910ms] [LOG] Failed to load chat history @ http://localhost:5173/src/App.jsx:1066
[  433992ms] [ERROR] Failed to load resource: net::ERR_CONNECTION_REFUSED @ http://localhost:8080/api/auth/users:0
[  433992ms] [LOG] Failed to load contacts @ http://localhost:5173/src/App.jsx:1009
[  433993ms] [ERROR] Failed to load resource: net::ERR_CONNECTION_REFUSED @ http://localhost:8080/api/groups/mine?username=jade_test:0
[  433993ms] [LOG] Failed to load groups @ http://localhost:5173/src/App.jsx:1019
[  434908ms] [ERROR] Failed to load resource: net::ERR_CONNECTION_REFUSED @ http://localhost:8080/api/chat/history?user1=jade_test&user2=kai_test:0
[  434911ms] [LOG] Failed to load chat history @ http://localhost:5173/src/App.jsx:1066
[  437006ms] [ERROR] Failed to load resource: net::ERR_CONNECTION_REFUSED @ http://localhost:8080/api/chat/history?user1=jade_test&user2=kai_test:0
[  437008ms] [LOG] Failed to load chat history @ http://localhost:5173/src/App.jsx:1066
[  438795ms] [ERROR] Failed to load resource: net::ERR_CONNECTION_REFUSED @ http://localhost:8080/api/chat/history?user1=jade_test&user2=kai_test:0
[  438799ms] [LOG] Failed to load chat history @ http://localhost:5173/src/App.jsx:1066
[  438906ms] [ERROR] Failed to load resource: net::ERR_CONNECTION_REFUSED @ http://localhost:8080/api/auth/users:0
[  438906ms] [LOG] Failed to load contacts @ http://localhost:5173/src/App.jsx:1009
[  438908ms] [ERROR] Failed to load resource: net::ERR_CONNECTION_REFUSED @ http://localhost:8080/api/groups/mine?username=jade_test:0
[  438908ms] [LOG] Failed to load groups @ http://localhost:5173/src/App.jsx:1019
[  440929ms] [ERROR] Failed to load resource: net::ERR_CONNECTION_REFUSED @ http://localhost:8080/api/chat/history?user1=jade_test&user2=kai_test:0
[  440933ms] [LOG] Failed to load chat history @ http://localhost:5173/src/App.jsx:1066
[  442787ms] [ERROR] Failed to load resource: net::ERR_CONNECTION_REFUSED @ http://localhost:8080/api/chat/history?user1=jade_test&user2=kai_test:0
[  442788ms] [LOG] Failed to load chat history @ http://localhost:5173/src/App.jsx:1066
[  443893ms] [ERROR] Failed to load resource: net::ERR_CONNECTION_REFUSED @ http://localhost:8080/api/auth/users:0
[  443894ms] [LOG] Failed to load contacts @ http://localhost:5173/src/App.jsx:1009
[  443897ms] [ERROR] Failed to load resource: net::ERR_CONNECTION_REFUSED @ http://localhost:8080/api/groups/mine?username=jade_test:0
[  443898ms] [LOG] Failed to load groups @ http://localhost:5173/src/App.jsx:1019
[  444783ms] [ERROR] Failed to load resource: net::ERR_CONNECTION_REFUSED @ http://localhost:8080/api/chat/history?user1=jade_test&user2=kai_test:0
[  444784ms] [LOG] Failed to load chat history @ http://localhost:5173/src/App.jsx:1066
[  446778ms] [ERROR] Failed to load resource: net::ERR_CONNECTION_REFUSED @ http://localhost:8080/api/chat/history?user1=jade_test&user2=kai_test:0
[  446778ms] [LOG] Failed to load chat history @ http://localhost:5173/src/App.jsx:1066
[  449050ms] [ERROR] Failed to load resource: net::ERR_CONNECTION_REFUSED @ http://localhost:8080/api/chat/history?user1=jade_test&user2=kai_test:0
[  449050ms] [LOG] Failed to load chat history @ http://localhost:5173/src/App.jsx:1066
[  449053ms] [ERROR] Failed to load resource: net::ERR_CONNECTION_REFUSED @ http://localhost:8080/api/auth/users:0
[  449055ms] [LOG] Failed to load contacts @ http://localhost:5173/src/App.jsx:1009
[  449055ms] [ERROR] Failed to load resource: net::ERR_CONNECTION_REFUSED @ http://localhost:8080/api/groups/mine?username=jade_test:0
[  449056ms] [LOG] Failed to load groups @ http://localhost:5173/src/App.jsx:1019
[  454226ms] [ERROR] Failed to load resource: net::ERR_CONNECTION_REFUSED @ http://localhost:8080/api/chat/history?user1=jade_test&user2=kai_test:0
[  454226ms] [LOG] Failed to load chat history @ http://localhost:5173/src/App.jsx:1066
[  454230ms] [ERROR] Failed to load resource: net::ERR_CONNECTION_REFUSED @ http://localhost:8080/api/chat/history?user1=jade_test&user2=kai_test:0
[  454230ms] [LOG] Failed to load chat history @ http://localhost:5173/src/App.jsx:1066
[  454233ms] [ERROR] Failed to load resource: net::ERR_CONNECTION_REFUSED @ http://localhost:8080/api/auth/users:0
[  454233ms] [LOG] Failed to load contacts @ http://localhost:5173/src/App.jsx:1009
[  454238ms] [ERROR] Failed to load resource: net::ERR_CONNECTION_REFUSED @ http://localhost:8080/api/groups/mine?username=jade_test:0
[  454238ms] [LOG] Failed to load groups @ http://localhost:5173/src/App.jsx:1019
[  455389ms] [ERROR] Failed to load resource: net::ERR_CONNECTION_REFUSED @ http://localhost:8080/api/chat/history?user1=jade_test&user2=kai_test:0
[  455389ms] [LOG] Failed to load chat history @ http://localhost:5173/src/App.jsx:1066
[  458865ms] [ERROR] Failed to load resource: net::ERR_CONNECTION_REFUSED @ http://localhost:8080/api/chat/history?user1=jade_test&user2=kai_test:0
[  458865ms] [LOG] Failed to load chat history @ http://localhost:5173/src/App.jsx:1066
[  458871ms] [ERROR] Failed to load resource: net::ERR_CONNECTION_REFUSED @ http://localhost:8080/api/chat/history?user1=jade_test&user2=kai_test:0
[  458872ms] [LOG] Failed to load chat history @ http://localhost:5173/src/App.jsx:1066
[  458903ms] [ERROR] Failed to load resource: net::ERR_CONNECTION_REFUSED @ http://localhost:8080/api/auth/users:0
[  458904ms] [LOG] Failed to load contacts @ http://localhost:5173/src/App.jsx:1009
[  458905ms] [ERROR] Failed to load resource: net::ERR_CONNECTION_REFUSED @ http://localhost:8080/api/groups/mine?username=jade_test:0
[  458905ms] [LOG] Failed to load groups @ http://localhost:5173/src/App.jsx:1019
[  460788ms] [ERROR] Failed to load resource: net::ERR_CONNECTION_REFUSED @ http://localhost:8080/api/chat/history?user1=jade_test&user2=kai_test:0
[  460788ms] [LOG] Failed to load chat history @ http://localhost:5173/src/App.jsx:1066
[  462785ms] [ERROR] Failed to load resource: net::ERR_CONNECTION_REFUSED @ http://localhost:8080/api/chat/history?user1=jade_test&user2=kai_test:0
[  462786ms] [LOG] Failed to load chat history @ http://localhost:5173/src/App.jsx:1066
[  463893ms] [ERROR] Failed to load resource: net::ERR_CONNECTION_REFUSED @ http://localhost:8080/api/auth/users:0
[  463894ms] [LOG] Failed to load contacts @ http://localhost:5173/src/App.jsx:1009
[  463896ms] [ERROR] Failed to load resource: net::ERR_CONNECTION_REFUSED @ http://localhost:8080/api/groups/mine?username=jade_test:0
[  463896ms] [LOG] Failed to load groups @ http://localhost:5173/src/App.jsx:1019
[  464779ms] [ERROR] Failed to load resource: net::ERR_CONNECTION_REFUSED @ http://localhost:8080/api/chat/history?user1=jade_test&user2=kai_test:0
[  464779ms] [LOG] Failed to load chat history @ http://localhost:5173/src/App.jsx:1066
[  466792ms] [ERROR] Failed to load resource: net::ERR_CONNECTION_REFUSED @ http://localhost:8080/api/chat/history?user1=jade_test&user2=kai_test:0
[  466792ms] [LOG] Failed to load chat history @ http://localhost:5173/src/App.jsx:1066
[  468780ms] [ERROR] Failed to load resource: net::ERR_CONNECTION_REFUSED @ http://localhost:8080/api/chat/history?user1=jade_test&user2=kai_test:0
[  468781ms] [LOG] Failed to load chat history @ http://localhost:5173/src/App.jsx:1066
[  468894ms] [ERROR] Failed to load resource: net::ERR_CONNECTION_REFUSED @ http://localhost:8080/api/auth/users:0
[  468894ms] [LOG] Failed to load contacts @ http://localhost:5173/src/App.jsx:1009
[  468896ms] [ERROR] Failed to load resource: net::ERR_CONNECTION_REFUSED @ http://localhost:8080/api/groups/mine?username=jade_test:0
[  468897ms] [LOG] Failed to load groups @ http://localhost:5173/src/App.jsx:1019
[  471035ms] [ERROR] Failed to load resource: net::ERR_CONNECTION_REFUSED @ http://localhost:8080/api/chat/history?user1=jade_test&user2=kai_test:0
[  471037ms] [LOG] Failed to load chat history @ http://localhost:5173/src/App.jsx:1066
[  473119ms] [ERROR] Failed to load resource: net::ERR_CONNECTION_REFUSED @ http://localhost:8080/api/chat/history?user1=jade_test&user2=kai_test:0
[  473120ms] [LOG] Failed to load chat history @ http://localhost:5173/src/App.jsx:1066
[  473893ms] [ERROR] Failed to load resource: net::ERR_CONNECTION_REFUSED @ http://localhost:8080/api/auth/users:0
[  473893ms] [LOG] Failed to load contacts @ http://localhost:5173/src/App.jsx:1009
[  473900ms] [ERROR] Failed to load resource: net::ERR_CONNECTION_REFUSED @ http://localhost:8080/api/groups/mine?username=jade_test:0
[  473904ms] [LOG] Failed to load groups @ http://localhost:5173/src/App.jsx:1019
[  474784ms] [ERROR] Failed to load resource: net::ERR_CONNECTION_REFUSED @ http://localhost:8080/api/chat/history?user1=jade_test&user2=kai_test:0
[  474784ms] [LOG] Failed to load chat history @ http://localhost:5173/src/App.jsx:1066
[  476838ms] [ERROR] Failed to load resource: net::ERR_CONNECTION_REFUSED @ http://localhost:8080/api/chat/history?user1=jade_test&user2=kai_test:0
[  476838ms] [LOG] Failed to load chat history @ http://localhost:5173/src/App.jsx:1066
[  478796ms] [ERROR] Failed to load resource: net::ERR_CONNECTION_REFUSED @ http://localhost:8080/api/chat/history?user1=jade_test&user2=kai_test:0
[  478796ms] [LOG] Failed to load chat history @ http://localhost:5173/src/App.jsx:1066
[  478900ms] [ERROR] Failed to load resource: net::ERR_CONNECTION_REFUSED @ http://localhost:8080/api/auth/users:0
[  478902ms] [LOG] Failed to load contacts @ http://localhost:5173/src/App.jsx:1009
[  478905ms] [ERROR] Failed to load resource: net::ERR_CONNECTION_REFUSED @ http://localhost:8080/api/groups/mine?username=jade_test:0
[  478912ms] [LOG] Failed to load groups @ http://localhost:5173/src/App.jsx:1019
[  480778ms] [ERROR] Failed to load resource: net::ERR_CONNECTION_REFUSED @ http://localhost:8080/api/chat/history?user1=jade_test&user2=kai_test:0
[  480778ms] [LOG] Failed to load chat history @ http://localhost:5173/src/App.jsx:1066
[  485494ms] [ERROR] Failed to load resource: net::ERR_CONNECTION_REFUSED @ http://localhost:8080/api/chat/history?user1=jade_test&user2=kai_test:0
[  485495ms] [LOG] Failed to load chat history @ http://localhost:5173/src/App.jsx:1066
[  485498ms] [ERROR] Failed to load resource: net::ERR_CONNECTION_REFUSED @ http://localhost:8080/api/auth/users:0
[  485498ms] [LOG] Failed to load contacts @ http://localhost:5173/src/App.jsx:1009
[  485503ms] [ERROR] Failed to load resource: net::ERR_CONNECTION_REFUSED @ http://localhost:8080/api/groups/mine?username=jade_test:0
[  485503ms] [LOG] Failed to load groups @ http://localhost:5173/src/App.jsx:1019
[  485504ms] [ERROR] Failed to load resource: net::ERR_CONNECTION_REFUSED @ http://localhost:8080/api/chat/history?user1=jade_test&user2=kai_test:0
[  485504ms] [LOG] Failed to load chat history @ http://localhost:5173/src/App.jsx:1066
[  486788ms] [ERROR] Failed to load resource: net::ERR_CONNECTION_REFUSED @ http://localhost:8080/api/chat/history?user1=jade_test&user2=kai_test:0
[  486788ms] [LOG] Failed to load chat history @ http://localhost:5173/src/App.jsx:1066
[  488785ms] [ERROR] Failed to load resource: net::ERR_CONNECTION_REFUSED @ http://localhost:8080/api/chat/history?user1=jade_test&user2=kai_test:0
[  488785ms] [LOG] Failed to load chat history @ http://localhost:5173/src/App.jsx:1066
[  488890ms] [ERROR] Failed to load resource: net::ERR_CONNECTION_REFUSED @ http://localhost:8080/api/auth/users:0
[  488890ms] [LOG] Failed to load contacts @ http://localhost:5173/src/App.jsx:1009
[  488891ms] [ERROR] Failed to load resource: net::ERR_CONNECTION_REFUSED @ http://localhost:8080/api/groups/mine?username=jade_test:0
[  488892ms] [LOG] Failed to load groups @ http://localhost:5173/src/App.jsx:1019
[  490780ms] [ERROR] Failed to load resource: net::ERR_CONNECTION_REFUSED @ http://localhost:8080/api/chat/history?user1=jade_test&user2=kai_test:0
[  490780ms] [LOG] Failed to load chat history @ http://localhost:5173/src/App.jsx:1066
[  492792ms] [ERROR] Failed to load resource: net::ERR_CONNECTION_REFUSED @ http://localhost:8080/api/chat/history?user1=jade_test&user2=kai_test:0
[  492792ms] [LOG] Failed to load chat history @ http://localhost:5173/src/App.jsx:1066
[  493899ms] [ERROR] Failed to load resource: net::ERR_CONNECTION_REFUSED @ http://localhost:8080/api/auth/users:0
[  493902ms] [LOG] Failed to load contacts @ http://localhost:5173/src/App.jsx:1009
[  493906ms] [ERROR] Failed to load resource: net::ERR_CONNECTION_REFUSED @ http://localhost:8080/api/groups/mine?username=jade_test:0
[  493908ms] [LOG] Failed to load groups @ http://localhost:5173/src/App.jsx:1019
[  494790ms] [ERROR] Failed to load resource: net::ERR_CONNECTION_REFUSED @ http://localhost:8080/api/chat/history?user1=jade_test&user2=kai_test:0
[  494790ms] [LOG] Failed to load chat history @ http://localhost:5173/src/App.jsx:1066
[  496783ms] [ERROR] Failed to load resource: net::ERR_CONNECTION_REFUSED @ http://localhost:8080/api/chat/history?user1=jade_test&user2=kai_test:0
[  496783ms] [LOG] Failed to load chat history @ http://localhost:5173/src/App.jsx:1066
[  498780ms] [ERROR] Failed to load resource: net::ERR_CONNECTION_REFUSED @ http://localhost:8080/api/chat/history?user1=jade_test&user2=kai_test:0
[  498781ms] [LOG] Failed to load chat history @ http://localhost:5173/src/App.jsx:1066
[  498891ms] [ERROR] Failed to load resource: net::ERR_CONNECTION_REFUSED @ http://localhost:8080/api/auth/users:0
[  498892ms] [LOG] Failed to load contacts @ http://localhost:5173/src/App.jsx:1009
[  498892ms] [ERROR] Failed to load resource: net::ERR_CONNECTION_REFUSED @ http://localhost:8080/api/groups/mine?username=jade_test:0
[  498892ms] [LOG] Failed to load groups @ http://localhost:5173/src/App.jsx:1019
[  500788ms] [ERROR] Failed to load resource: net::ERR_CONNECTION_REFUSED @ http://localhost:8080/api/chat/history?user1=jade_test&user2=kai_test:0
[  500788ms] [LOG] Failed to load chat history @ http://localhost:5173/src/App.jsx:1066
[  503111ms] [ERROR] Failed to load resource: net::ERR_CONNECTION_REFUSED @ http://localhost:8080/api/chat/history?user1=jade_test&user2=kai_test:0
[  503111ms] [LOG] Failed to load chat history @ http://localhost:5173/src/App.jsx:1066
[  503906ms] [ERROR] Failed to load resource: net::ERR_CONNECTION_REFUSED @ http://localhost:8080/api/auth/users:0
[  503908ms] [LOG] Failed to load contacts @ http://localhost:5173/src/App.jsx:1009
[  503910ms] [ERROR] Failed to load resource: net::ERR_CONNECTION_REFUSED @ http://localhost:8080/api/groups/mine?username=jade_test:0
[  503910ms] [LOG] Failed to load groups @ http://localhost:5173/src/App.jsx:1019
[  505898ms] [ERROR] Failed to load resource: net::ERR_CONNECTION_REFUSED @ http://localhost:8080/api/chat/history?user1=jade_test&user2=kai_test:0
[  505902ms] [LOG] Failed to load chat history @ http://localhost:5173/src/App.jsx:1066
[  507004ms] [ERROR] Failed to load resource: net::ERR_CONNECTION_REFUSED @ http://localhost:8080/api/chat/history?user1=jade_test&user2=kai_test:0
[  507005ms] [LOG] Failed to load chat history @ http://localhost:5173/src/App.jsx:1066
[  508784ms] [ERROR] Failed to load resource: net::ERR_CONNECTION_REFUSED @ http://localhost:8080/api/chat/history?user1=jade_test&user2=kai_test:0
[  508789ms] [LOG] Failed to load chat history @ http://localhost:5173/src/App.jsx:1066
[  509027ms] [ERROR] Failed to load resource: net::ERR_CONNECTION_REFUSED @ http://localhost:8080/api/auth/users:0
[  509027ms] [LOG] Failed to load contacts @ http://localhost:5173/src/App.jsx:1009
[  509030ms] [ERROR] Failed to load resource: net::ERR_CONNECTION_REFUSED @ http://localhost:8080/api/groups/mine?username=jade_test:0
[  509032ms] [LOG] Failed to load groups @ http://localhost:5173/src/App.jsx:1019
[  510786ms] [ERROR] Failed to load resource: net::ERR_CONNECTION_REFUSED @ http://localhost:8080/api/chat/history?user1=jade_test&user2=kai_test:0
[  510786ms] [LOG] Failed to load chat history @ http://localhost:5173/src/App.jsx:1066
[  512812ms] [ERROR] Failed to load resource: net::ERR_CONNECTION_REFUSED @ http://localhost:8080/api/chat/history?user1=jade_test&user2=kai_test:0
[  512812ms] [LOG] Failed to load chat history @ http://localhost:5173/src/App.jsx:1066
[  513890ms] [ERROR] Failed to load resource: net::ERR_CONNECTION_REFUSED @ http://localhost:8080/api/auth/users:0
[  513890ms] [LOG] Failed to load contacts @ http://localhost:5173/src/App.jsx:1009
[  513894ms] [ERROR] Failed to load resource: net::ERR_CONNECTION_REFUSED @ http://localhost:8080/api/groups/mine?username=jade_test:0
[  513895ms] [LOG] Failed to load groups @ http://localhost:5173/src/App.jsx:1019
[  514808ms] [ERROR] Failed to load resource: net::ERR_CONNECTION_REFUSED @ http://localhost:8080/api/chat/history?user1=jade_test&user2=kai_test:0
[  514809ms] [LOG] Failed to load chat history @ http://localhost:5173/src/App.jsx:1066
[  516788ms] [ERROR] Failed to load resource: net::ERR_CONNECTION_REFUSED @ http://localhost:8080/api/chat/history?user1=jade_test&user2=kai_test:0
[  516788ms] [LOG] Failed to load chat history @ http://localhost:5173/src/App.jsx:1066
[  518778ms] [ERROR] Failed to load resource: net::ERR_CONNECTION_REFUSED @ http://localhost:8080/api/chat/history?user1=jade_test&user2=kai_test:0
[  518778ms] [LOG] Failed to load chat history @ http://localhost:5173/src/App.jsx:1066
[  519102ms] [ERROR] Failed to load resource: net::ERR_CONNECTION_REFUSED @ http://localhost:8080/api/auth/users:0
[  519102ms] [LOG] Failed to load contacts @ http://localhost:5173/src/App.jsx:1009
[  519103ms] [ERROR] Failed to load resource: net::ERR_CONNECTION_REFUSED @ http://localhost:8080/api/groups/mine?username=jade_test:0
[  519104ms] [LOG] Failed to load groups @ http://localhost:5173/src/App.jsx:1019
[  520777ms] [ERROR] Failed to load resource: net::ERR_CONNECTION_REFUSED @ http://localhost:8080/api/chat/history?user1=jade_test&user2=kai_test:0
[  520777ms] [LOG] Failed to load chat history @ http://localhost:5173/src/App.jsx:1066
[  522785ms] [ERROR] Failed to load resource: net::ERR_CONNECTION_REFUSED @ http://localhost:8080/api/chat/history?user1=jade_test&user2=kai_test:0
[  522786ms] [LOG] Failed to load chat history @ http://localhost:5173/src/App.jsx:1066
[  523896ms] [ERROR] Failed to load resource: net::ERR_CONNECTION_REFUSED @ http://localhost:8080/api/auth/users:0
[  523896ms] [LOG] Failed to load contacts @ http://localhost:5173/src/App.jsx:1009
[  523897ms] [ERROR] Failed to load resource: net::ERR_CONNECTION_REFUSED @ http://localhost:8080/api/groups/mine?username=jade_test:0
[  523899ms] [LOG] Failed to load groups @ http://localhost:5173/src/App.jsx:1019
[  524786ms] [ERROR] Failed to load resource: net::ERR_CONNECTION_REFUSED @ http://localhost:8080/api/chat/history?user1=jade_test&user2=kai_test:0
[  524786ms] [LOG] Failed to load chat history @ http://localhost:5173/src/App.jsx:1066
[  526921ms] [ERROR] Failed to load resource: net::ERR_CONNECTION_REFUSED @ http://localhost:8080/api/chat/history?user1=jade_test&user2=kai_test:0
[  526926ms] [LOG] Failed to load chat history @ http://localhost:5173/src/App.jsx:1066
[  528781ms] [ERROR] Failed to load resource: net::ERR_CONNECTION_REFUSED @ http://localhost:8080/api/chat/history?user1=jade_test&user2=kai_test:0
[  528781ms] [LOG] Failed to load chat history @ http://localhost:5173/src/App.jsx:1066
[  528892ms] [ERROR] Failed to load resource: net::ERR_CONNECTION_REFUSED @ http://localhost:8080/api/auth/users:0
[  528892ms] [LOG] Failed to load contacts @ http://localhost:5173/src/App.jsx:1009
[  528894ms] [ERROR] Failed to load resource: net::ERR_CONNECTION_REFUSED @ http://localhost:8080/api/groups/mine?username=jade_test:0
[  528895ms] [LOG] Failed to load groups @ http://localhost:5173/src/App.jsx:1019
[  530795ms] [ERROR] Failed to load resource: net::ERR_CONNECTION_REFUSED @ http://localhost:8080/api/chat/history?user1=jade_test&user2=kai_test:0
[  530795ms] [LOG] Failed to load chat history @ http://localhost:5173/src/App.jsx:1066
[  532798ms] [ERROR] Failed to load resource: net::ERR_CONNECTION_REFUSED @ http://localhost:8080/api/chat/history?user1=jade_test&user2=kai_test:0
[  532798ms] [LOG] Failed to load chat history @ http://localhost:5173/src/App.jsx:1066
[  533893ms] [ERROR] Failed to load resource: net::ERR_CONNECTION_REFUSED @ http://localhost:8080/api/auth/users:0
[  533893ms] [LOG] Failed to load contacts @ http://localhost:5173/src/App.jsx:1009
[  533895ms] [ERROR] Failed to load resource: net::ERR_CONNECTION_REFUSED @ http://localhost:8080/api/groups/mine?username=jade_test:0
[  533896ms] [LOG] Failed to load groups @ http://localhost:5173/src/App.jsx:1019
[  534784ms] [ERROR] Failed to load resource: net::ERR_CONNECTION_REFUSED @ http://localhost:8080/api/chat/history?user1=jade_test&user2=kai_test:0
[  534784ms] [LOG] Failed to load chat history @ http://localhost:5173/src/App.jsx:1066
[  536789ms] [ERROR] Failed to load resource: net::ERR_CONNECTION_REFUSED @ http://localhost:8080/api/chat/history?user1=jade_test&user2=kai_test:0
[  536791ms] [LOG] Failed to load chat history @ http://localhost:5173/src/App.jsx:1066
[  538791ms] [ERROR] Failed to load resource: net::ERR_CONNECTION_REFUSED @ http://localhost:8080/api/chat/history?user1=jade_test&user2=kai_test:0
[  538791ms] [LOG] Failed to load chat history @ http://localhost:5173/src/App.jsx:1066
[  538902ms] [ERROR] Failed to load resource: net::ERR_CONNECTION_REFUSED @ http://localhost:8080/api/auth/users:0
[  538902ms] [LOG] Failed to load contacts @ http://localhost:5173/src/App.jsx:1009
[  538902ms] [ERROR] Failed to load resource: net::ERR_CONNECTION_REFUSED @ http://localhost:8080/api/groups/mine?username=jade_test:0
[  538902ms] [LOG] Failed to load groups @ http://localhost:5173/src/App.jsx:1019
[  541155ms] [ERROR] Failed to load resource: net::ERR_CONNECTION_REFUSED @ http://localhost:8080/api/chat/history?user1=jade_test&user2=kai_test:0
[  541161ms] [LOG] Failed to load chat history @ http://localhost:5173/src/App.jsx:1066
[  542785ms] [ERROR] Failed to load resource: net::ERR_CONNECTION_REFUSED @ http://localhost:8080/api/chat/history?user1=jade_test&user2=kai_test:0
[  542785ms] [LOG] Failed to load chat history @ http://localhost:5173/src/App.jsx:1066
[  543909ms] [ERROR] Failed to load resource: net::ERR_CONNECTION_REFUSED @ http://localhost:8080/api/auth/users:0
[  543911ms] [LOG] Failed to load contacts @ http://localhost:5173/src/App.jsx:1009
[  543913ms] [ERROR] Failed to load resource: net::ERR_CONNECTION_REFUSED @ http://localhost:8080/api/groups/mine?username=jade_test:0
[  543913ms] [LOG] Failed to load groups @ http://localhost:5173/src/App.jsx:1019
[  544800ms] [ERROR] Failed to load resource: net::ERR_CONNECTION_REFUSED @ http://localhost:8080/api/chat/history?user1=jade_test&user2=kai_test:0
[  544800ms] [LOG] Failed to load chat history @ http://localhost:5173/src/App.jsx:1066
[  546800ms] [ERROR] Failed to load resource: net::ERR_CONNECTION_REFUSED @ http://localhost:8080/api/chat/history?user1=jade_test&user2=kai_test:0
[  546800ms] [LOG] Failed to load chat history @ http://localhost:5173/src/App.jsx:1066
[  548931ms] [ERROR] Failed to load resource: net::ERR_CONNECTION_REFUSED @ http://localhost:8080/api/chat/history?user1=jade_test&user2=kai_test:0
[  548937ms] [LOG] Failed to load chat history @ http://localhost:5173/src/App.jsx:1066
[  548944ms] [ERROR] Failed to load resource: net::ERR_CONNECTION_REFUSED @ http://localhost:8080/api/auth/users:0
[  548944ms] [LOG] Failed to load contacts @ http://localhost:5173/src/App.jsx:1009
[  548947ms] [ERROR] Failed to load resource: net::ERR_CONNECTION_REFUSED @ http://localhost:8080/api/groups/mine?username=jade_test:0
[  548947ms] [LOG] Failed to load groups @ http://localhost:5173/src/App.jsx:1019
[  551436ms] [ERROR] Failed to load resource: net::ERR_CONNECTION_REFUSED @ http://localhost:8080/api/chat/history?user1=jade_test&user2=kai_test:0
[  551437ms] [LOG] Failed to load chat history @ http://localhost:5173/src/App.jsx:1066
[  552788ms] [ERROR] Failed to load resource: net::ERR_CONNECTION_REFUSED @ http://localhost:8080/api/chat/history?user1=jade_test&user2=kai_test:0
[  552788ms] [LOG] Failed to load chat history @ http://localhost:5173/src/App.jsx:1066
[  553890ms] [ERROR] Failed to load resource: net::ERR_CONNECTION_REFUSED @ http://localhost:8080/api/auth/users:0
[  553890ms] [LOG] Failed to load contacts @ http://localhost:5173/src/App.jsx:1009
[  553892ms] [ERROR] Failed to load resource: net::ERR_CONNECTION_REFUSED @ http://localhost:8080/api/groups/mine?username=jade_test:0
[  553892ms] [LOG] Failed to load groups @ http://localhost:5173/src/App.jsx:1019
[  554818ms] [ERROR] Failed to load resource: net::ERR_CONNECTION_REFUSED @ http://localhost:8080/api/chat/history?user1=jade_test&user2=kai_test:0
[  554819ms] [LOG] Failed to load chat history @ http://localhost:5173/src/App.jsx:1066
[  556790ms] [ERROR] Failed to load resource: net::ERR_CONNECTION_REFUSED @ http://localhost:8080/api/chat/history?user1=jade_test&user2=kai_test:0
[  556793ms] [LOG] Failed to load chat history @ http://localhost:5173/src/App.jsx:1066
[  558972ms] [ERROR] Failed to load resource: net::ERR_CONNECTION_REFUSED @ http://localhost:8080/api/chat/history?user1=jade_test&user2=kai_test:0
[  558975ms] [LOG] Failed to load chat history @ http://localhost:5173/src/App.jsx:1066
[  558985ms] [ERROR] Failed to load resource: net::ERR_CONNECTION_REFUSED @ http://localhost:8080/api/auth/users:0
[  558986ms] [LOG] Failed to load contacts @ http://localhost:5173/src/App.jsx:1009
[  558986ms] [ERROR] Failed to load resource: net::ERR_CONNECTION_REFUSED @ http://localhost:8080/api/groups/mine?username=jade_test:0
[  558986ms] [LOG] Failed to load groups @ http://localhost:5173/src/App.jsx:1019
[  560946ms] [ERROR] Failed to load resource: net::ERR_CONNECTION_REFUSED @ http://localhost:8080/api/chat/history?user1=jade_test&user2=kai_test:0
[  560946ms] [LOG] Failed to load chat history @ http://localhost:5173/src/App.jsx:1066
[  562781ms] [ERROR] Failed to load resource: net::ERR_CONNECTION_REFUSED @ http://localhost:8080/api/chat/history?user1=jade_test&user2=kai_test:0
[  562781ms] [LOG] Failed to load chat history @ http://localhost:5173/src/App.jsx:1066
[  564317ms] [ERROR] Failed to load resource: net::ERR_CONNECTION_REFUSED @ http://localhost:8080/api/auth/users:0
[  564317ms] [LOG] Failed to load contacts @ http://localhost:5173/src/App.jsx:1009
[  564318ms] [ERROR] Failed to load resource: net::ERR_CONNECTION_REFUSED @ http://localhost:8080/api/groups/mine?username=jade_test:0
[  564319ms] [LOG] Failed to load groups @ http://localhost:5173/src/App.jsx:1019
[  564790ms] [ERROR] Failed to load resource: net::ERR_CONNECTION_REFUSED @ http://localhost:8080/api/chat/history?user1=jade_test&user2=kai_test:0
[  564791ms] [LOG] Failed to load chat history @ http://localhost:5173/src/App.jsx:1066
[  566791ms] [ERROR] Failed to load resource: net::ERR_CONNECTION_REFUSED @ http://localhost:8080/api/chat/history?user1=jade_test&user2=kai_test:0
[  566792ms] [LOG] Failed to load chat history @ http://localhost:5173/src/App.jsx:1066
[  569553ms] [ERROR] Failed to load resource: net::ERR_CONNECTION_REFUSED @ http://localhost:8080/api/chat/history?user1=jade_test&user2=kai_test:0
[  569553ms] [LOG] Failed to load chat history @ http://localhost:5173/src/App.jsx:1066
[  569556ms] [ERROR] Failed to load resource: net::ERR_CONNECTION_REFUSED @ http://localhost:8080/api/auth/users:0
[  569556ms] [LOG] Failed to load contacts @ http://localhost:5173/src/App.jsx:1009
[  569559ms] [ERROR] Failed to load resource: net::ERR_CONNECTION_REFUSED @ http://localhost:8080/api/groups/mine?username=jade_test:0
[  569559ms] [LOG] Failed to load groups @ http://localhost:5173/src/App.jsx:1019
[  570824ms] [ERROR] Failed to load resource: net::ERR_CONNECTION_REFUSED @ http://localhost:8080/api/chat/history?user1=jade_test&user2=kai_test:0
[  570824ms] [LOG] Failed to load chat history @ http://localhost:5173/src/App.jsx:1066
[  572787ms] [ERROR] Failed to load resource: net::ERR_CONNECTION_REFUSED @ http://localhost:8080/api/chat/history?user1=jade_test&user2=kai_test:0
[  572787ms] [LOG] Failed to load chat history @ http://localhost:5173/src/App.jsx:1066
[  573902ms] [ERROR] Failed to load resource: net::ERR_CONNECTION_REFUSED @ http://localhost:8080/api/auth/users:0
[  573904ms] [LOG] Failed to load contacts @ http://localhost:5173/src/App.jsx:1009
[  573911ms] [ERROR] Failed to load resource: net::ERR_CONNECTION_REFUSED @ http://localhost:8080/api/groups/mine?username=jade_test:0
[  573913ms] [LOG] Failed to load groups @ http://localhost:5173/src/App.jsx:1019
[  574783ms] [ERROR] Failed to load resource: net::ERR_CONNECTION_REFUSED @ http://localhost:8080/api/chat/history?user1=jade_test&user2=kai_test:0
[  574783ms] [LOG] Failed to load chat history @ http://localhost:5173/src/App.jsx:1066
[  576776ms] [ERROR] Failed to load resource: net::ERR_CONNECTION_REFUSED @ http://localhost:8080/api/chat/history?user1=jade_test&user2=kai_test:0
[  576776ms] [LOG] Failed to load chat history @ http://localhost:5173/src/App.jsx:1066
[  578782ms] [ERROR] Failed to load resource: net::ERR_CONNECTION_REFUSED @ http://localhost:8080/api/chat/history?user1=jade_test&user2=kai_test:0
[  578782ms] [LOG] Failed to load chat history @ http://localhost:5173/src/App.jsx:1066
[  578891ms] [ERROR] Failed to load resource: net::ERR_CONNECTION_REFUSED @ http://localhost:8080/api/auth/users:0
[  578893ms] [LOG] Failed to load contacts @ http://localhost:5173/src/App.jsx:1009
[  578894ms] [ERROR] Failed to load resource: net::ERR_CONNECTION_REFUSED @ http://localhost:8080/api/groups/mine?username=jade_test:0
[  578895ms] [LOG] Failed to load groups @ http://localhost:5173/src/App.jsx:1019
[  580777ms] [ERROR] Failed to load resource: net::ERR_CONNECTION_REFUSED @ http://localhost:8080/api/chat/history?user1=jade_test&user2=kai_test:0
[  580777ms] [LOG] Failed to load chat history @ http://localhost:5173/src/App.jsx:1066
[  582784ms] [ERROR] Failed to load resource: net::ERR_CONNECTION_REFUSED @ http://localhost:8080/api/chat/history?user1=jade_test&user2=kai_test:0
[  582784ms] [LOG] Failed to load chat history @ http://localhost:5173/src/App.jsx:1066
[  584027ms] [ERROR] Failed to load resource: net::ERR_CONNECTION_REFUSED @ http://localhost:8080/api/auth/users:0
[  584027ms] [LOG] Failed to load contacts @ http://localhost:5173/src/App.jsx:1009
[  584034ms] [ERROR] Failed to load resource: net::ERR_CONNECTION_REFUSED @ http://localhost:8080/api/groups/mine?username=jade_test:0
[  584035ms] [LOG] Failed to load groups @ http://localhost:5173/src/App.jsx:1019
[  584789ms] [ERROR] Failed to load resource: net::ERR_CONNECTION_REFUSED @ http://localhost:8080/api/chat/history?user1=jade_test&user2=kai_test:0
[  584789ms] [LOG] Failed to load chat history @ http://localhost:5173/src/App.jsx:1066
[  586785ms] [ERROR] Failed to load resource: net::ERR_CONNECTION_REFUSED @ http://localhost:8080/api/chat/history?user1=jade_test&user2=kai_test:0
[  586785ms] [LOG] Failed to load chat history @ http://localhost:5173/src/App.jsx:1066
[  588779ms] [ERROR] Failed to load resource: net::ERR_CONNECTION_REFUSED @ http://localhost:8080/api/chat/history?user1=jade_test&user2=kai_test:0
[  588779ms] [LOG] Failed to load chat history @ http://localhost:5173/src/App.jsx:1066
[  588886ms] [ERROR] Failed to load resource: net::ERR_CONNECTION_REFUSED @ http://localhost:8080/api/auth/users:0
[  588889ms] [LOG] Failed to load contacts @ http://localhost:5173/src/App.jsx:1009
[  588896ms] [ERROR] Failed to load resource: net::ERR_CONNECTION_REFUSED @ http://localhost:8080/api/groups/mine?username=jade_test:0
[  588896ms] [LOG] Failed to load groups @ http://localhost:5173/src/App.jsx:1019
[  590786ms] [ERROR] Failed to load resource: net::ERR_CONNECTION_REFUSED @ http://localhost:8080/api/chat/history?user1=jade_test&user2=kai_test:0
[  590787ms] [LOG] Failed to load chat history @ http://localhost:5173/src/App.jsx:1066
[  592796ms] [ERROR] Failed to load resource: net::ERR_CONNECTION_REFUSED @ http://localhost:8080/api/chat/history?user1=jade_test&user2=kai_test:0
[  592796ms] [LOG] Failed to load chat history @ http://localhost:5173/src/App.jsx:1066
[  593891ms] [ERROR] Failed to load resource: net::ERR_CONNECTION_REFUSED @ http://localhost:8080/api/auth/users:0
[  593892ms] [LOG] Failed to load contacts @ http://localhost:5173/src/App.jsx:1009
[  593895ms] [ERROR] Failed to load resource: net::ERR_CONNECTION_REFUSED @ http://localhost:8080/api/groups/mine?username=jade_test:0
[  593895ms] [LOG] Failed to load groups @ http://localhost:5173/src/App.jsx:1019
[  594778ms] [ERROR] Failed to load resource: net::ERR_CONNECTION_REFUSED @ http://localhost:8080/api/chat/history?user1=jade_test&user2=kai_test:0
[  594778ms] [LOG] Failed to load chat history @ http://localhost:5173/src/App.jsx:1066
[  596787ms] [ERROR] Failed to load resource: net::ERR_CONNECTION_REFUSED @ http://localhost:8080/api/chat/history?user1=jade_test&user2=kai_test:0
[  596788ms] [LOG] Failed to load chat history @ http://localhost:5173/src/App.jsx:1066
[  598785ms] [ERROR] Failed to load resource: net::ERR_CONNECTION_REFUSED @ http://localhost:8080/api/chat/history?user1=jade_test&user2=kai_test:0
[  598785ms] [LOG] Failed to load chat history @ http://localhost:5173/src/App.jsx:1066
[  598892ms] [ERROR] Failed to load resource: net::ERR_CONNECTION_REFUSED @ http://localhost:8080/api/auth/users:0
[  598894ms] [LOG] Failed to load contacts @ http://localhost:5173/src/App.jsx:1009
[  598900ms] [ERROR] Failed to load resource: net::ERR_CONNECTION_REFUSED @ http://localhost:8080/api/groups/mine?username=jade_test:0
[  598902ms] [LOG] Failed to load groups @ http://localhost:5173/src/App.jsx:1019
[  600783ms] [ERROR] Failed to load resource: net::ERR_CONNECTION_REFUSED @ http://localhost:8080/api/chat/history?user1=jade_test&user2=kai_test:0
[  600784ms] [LOG] Failed to load chat history @ http://localhost:5173/src/App.jsx:1066
[  602780ms] [ERROR] Failed to load resource: net::ERR_CONNECTION_REFUSED @ http://localhost:8080/api/chat/history?user1=jade_test&user2=kai_test:0
[  602780ms] [LOG] Failed to load chat history @ http://localhost:5173/src/App.jsx:1066
[  603901ms] [ERROR] Failed to load resource: net::ERR_CONNECTION_REFUSED @ http://localhost:8080/api/auth/users:0
[  603902ms] [LOG] Failed to load contacts @ http://localhost:5173/src/App.jsx:1009
[  603903ms] [ERROR] Failed to load resource: net::ERR_CONNECTION_REFUSED @ http://localhost:8080/api/groups/mine?username=jade_test:0
[  603903ms] [LOG] Failed to load groups @ http://localhost:5173/src/App.jsx:1019
[  604784ms] [ERROR] Failed to load resource: net::ERR_CONNECTION_REFUSED @ http://localhost:8080/api/chat/history?user1=jade_test&user2=kai_test:0
[  604784ms] [LOG] Failed to load chat history @ http://localhost:5173/src/App.jsx:1066
[  606782ms] [ERROR] Failed to load resource: net::ERR_CONNECTION_REFUSED @ http://localhost:8080/api/chat/history?user1=jade_test&user2=kai_test:0
[  606783ms] [LOG] Failed to load chat history @ http://localhost:5173/src/App.jsx:1066
[  608779ms] [ERROR] Failed to load resource: net::ERR_CONNECTION_REFUSED @ http://localhost:8080/api/chat/history?user1=jade_test&user2=kai_test:0
[  608780ms] [LOG] Failed to load chat history @ http://localhost:5173/src/App.jsx:1066
[  608893ms] [ERROR] Failed to load resource: net::ERR_CONNECTION_REFUSED @ http://localhost:8080/api/auth/users:0
[  608894ms] [LOG] Failed to load contacts @ http://localhost:5173/src/App.jsx:1009
[  608895ms] [ERROR] Failed to load resource: net::ERR_CONNECTION_REFUSED @ http://localhost:8080/api/groups/mine?username=jade_test:0
[  608896ms] [LOG] Failed to load groups @ http://localhost:5173/src/App.jsx:1019
[  610786ms] [ERROR] Failed to load resource: net::ERR_CONNECTION_REFUSED @ http://localhost:8080/api/chat/history?user1=jade_test&user2=kai_test:0
[  610787ms] [LOG] Failed to load chat history @ http://localhost:5173/src/App.jsx:1066
[  612788ms] [ERROR] Failed to load resource: net::ERR_CONNECTION_REFUSED @ http://localhost:8080/api/chat/history?user1=jade_test&user2=kai_test:0
[  612788ms] [LOG] Failed to load chat history @ http://localhost:5173/src/App.jsx:1066
[  613887ms] [ERROR] Failed to load resource: net::ERR_CONNECTION_REFUSED @ http://localhost:8080/api/auth/users:0
[  613888ms] [LOG] Failed to load contacts @ http://localhost:5173/src/App.jsx:1009
[  613891ms] [ERROR] Failed to load resource: net::ERR_CONNECTION_REFUSED @ http://localhost:8080/api/groups/mine?username=jade_test:0
[  613891ms] [LOG] Failed to load groups @ http://localhost:5173/src/App.jsx:1019
[  614787ms] [ERROR] Failed to load resource: net::ERR_CONNECTION_REFUSED @ http://localhost:8080/api/chat/history?user1=jade_test&user2=kai_test:0
[  614788ms] [LOG] Failed to load chat history @ http://localhost:5173/src/App.jsx:1066
[  616782ms] [ERROR] Failed to load resource: net::ERR_CONNECTION_REFUSED @ http://localhost:8080/api/chat/history?user1=jade_test&user2=kai_test:0
[  616783ms] [LOG] Failed to load chat history @ http://localhost:5173/src/App.jsx:1066
[  618791ms] [ERROR] Failed to load resource: net::ERR_CONNECTION_REFUSED @ http://localhost:8080/api/chat/history?user1=jade_test&user2=kai_test:0
[  618791ms] [LOG] Failed to load chat history @ http://localhost:5173/src/App.jsx:1066
[  618900ms] [ERROR] Failed to load resource: net::ERR_CONNECTION_REFUSED @ http://localhost:8080/api/auth/users:0
[  618902ms] [LOG] Failed to load contacts @ http://localhost:5173/src/App.jsx:1009
[  618902ms] [ERROR] Failed to load resource: net::ERR_CONNECTION_REFUSED @ http://localhost:8080/api/groups/mine?username=jade_test:0
[  618902ms] [LOG] Failed to load groups @ http://localhost:5173/src/App.jsx:1019
[  620788ms] [ERROR] Failed to load resource: net::ERR_CONNECTION_REFUSED @ http://localhost:8080/api/chat/history?user1=jade_test&user2=kai_test:0
[  620788ms] [LOG] Failed to load chat history @ http://localhost:5173/src/App.jsx:1066
[  622785ms] [ERROR] Failed to load resource: net::ERR_CONNECTION_REFUSED @ http://localhost:8080/api/chat/history?user1=jade_test&user2=kai_test:0
[  622785ms] [LOG] Failed to load chat history @ http://localhost:5173/src/App.jsx:1066
[  623890ms] [ERROR] Failed to load resource: net::ERR_CONNECTION_REFUSED @ http://localhost:8080/api/auth/users:0
[  623893ms] [LOG] Failed to load contacts @ http://localhost:5173/src/App.jsx:1009
[  623894ms] [ERROR] Failed to load resource: net::ERR_CONNECTION_REFUSED @ http://localhost:8080/api/groups/mine?username=jade_test:0
[  623895ms] [LOG] Failed to load groups @ http://localhost:5173/src/App.jsx:1019
[  624777ms] [ERROR] Failed to load resource: net::ERR_CONNECTION_REFUSED @ http://localhost:8080/api/chat/history?user1=jade_test&user2=kai_test:0
[  624777ms] [LOG] Failed to load chat history @ http://localhost:5173/src/App.jsx:1066
[  626779ms] [ERROR] Failed to load resource: net::ERR_CONNECTION_REFUSED @ http://localhost:8080/api/chat/history?user1=jade_test&user2=kai_test:0
[  626779ms] [LOG] Failed to load chat history @ http://localhost:5173/src/App.jsx:1066
[  628788ms] [ERROR] Failed to load resource: net::ERR_CONNECTION_REFUSED @ http://localhost:8080/api/chat/history?user1=jade_test&user2=kai_test:0
[  628788ms] [LOG] Failed to load chat history @ http://localhost:5173/src/App.jsx:1066
[  628900ms] [ERROR] Failed to load resource: net::ERR_CONNECTION_REFUSED @ http://localhost:8080/api/auth/users:0
[  628901ms] [LOG] Failed to load contacts @ http://localhost:5173/src/App.jsx:1009
[  628903ms] [ERROR] Failed to load resource: net::ERR_CONNECTION_REFUSED @ http://localhost:8080/api/groups/mine?username=jade_test:0
[  628904ms] [LOG] Failed to load groups @ http://localhost:5173/src/App.jsx:1019
[  630788ms] [ERROR] Failed to load resource: net::ERR_CONNECTION_REFUSED @ http://localhost:8080/api/chat/history?user1=jade_test&user2=kai_test:0
[  630788ms] [LOG] Failed to load chat history @ http://localhost:5173/src/App.jsx:1066
[  632791ms] [ERROR] Failed to load resource: net::ERR_CONNECTION_REFUSED @ http://localhost:8080/api/chat/history?user1=jade_test&user2=kai_test:0
[  632791ms] [LOG] Failed to load chat history @ http://localhost:5173/src/App.jsx:1066
[  633888ms] [ERROR] Failed to load resource: net::ERR_CONNECTION_REFUSED @ http://localhost:8080/api/auth/users:0
[  633888ms] [LOG] Failed to load contacts @ http://localhost:5173/src/App.jsx:1009
[  633889ms] [ERROR] Failed to load resource: net::ERR_CONNECTION_REFUSED @ http://localhost:8080/api/groups/mine?username=jade_test:0
[  633890ms] [LOG] Failed to load groups @ http://localhost:5173/src/App.jsx:1019
[  634782ms] [ERROR] Failed to load resource: net::ERR_CONNECTION_REFUSED @ http://localhost:8080/api/chat/history?user1=jade_test&user2=kai_test:0
[  634782ms] [LOG] Failed to load chat history @ http://localhost:5173/src/App.jsx:1066
[  636788ms] [ERROR] Failed to load resource: net::ERR_CONNECTION_REFUSED @ http://localhost:8080/api/chat/history?user1=jade_test&user2=kai_test:0
[  636788ms] [LOG] Failed to load chat history @ http://localhost:5173/src/App.jsx:1066
[  638781ms] [ERROR] Failed to load resource: net::ERR_CONNECTION_REFUSED @ http://localhost:8080/api/chat/history?user1=jade_test&user2=kai_test:0
[  638781ms] [LOG] Failed to load chat history @ http://localhost:5173/src/App.jsx:1066
[  638896ms] [ERROR] Failed to load resource: net::ERR_CONNECTION_REFUSED @ http://localhost:8080/api/auth/users:0
[  638898ms] [LOG] Failed to load contacts @ http://localhost:5173/src/App.jsx:1009
[  638902ms] [ERROR] Failed to load resource: net::ERR_CONNECTION_REFUSED @ http://localhost:8080/api/groups/mine?username=jade_test:0
[  638902ms] [LOG] Failed to load groups @ http://localhost:5173/src/App.jsx:1019
[  640791ms] [ERROR] Failed to load resource: net::ERR_CONNECTION_REFUSED @ http://localhost:8080/api/chat/history?user1=jade_test&user2=kai_test:0
[  640791ms] [LOG] Failed to load chat history @ http://localhost:5173/src/App.jsx:1066
[  642945ms] [ERROR] Failed to load resource: net::ERR_CONNECTION_REFUSED @ http://localhost:8080/api/chat/history?user1=jade_test&user2=kai_test:0
[  642946ms] [LOG] Failed to load chat history @ http://localhost:5173/src/App.jsx:1066
[  644244ms] [ERROR] Failed to load resource: net::ERR_CONNECTION_REFUSED @ http://localhost:8080/api/auth/users:0
[  644247ms] [LOG] Failed to load contacts @ http://localhost:5173/src/App.jsx:1009
[  644260ms] [ERROR] Failed to load resource: net::ERR_CONNECTION_REFUSED @ http://localhost:8080/api/groups/mine?username=jade_test:0
[  644262ms] [LOG] Failed to load groups @ http://localhost:5173/src/App.jsx:1019
[  644779ms] [ERROR] Failed to load resource: net::ERR_CONNECTION_REFUSED @ http://localhost:8080/api/chat/history?user1=jade_test&user2=kai_test:0
[  644780ms] [LOG] Failed to load chat history @ http://localhost:5173/src/App.jsx:1066
[  646788ms] [ERROR] Failed to load resource: net::ERR_CONNECTION_REFUSED @ http://localhost:8080/api/chat/history?user1=jade_test&user2=kai_test:0
[  646788ms] [LOG] Failed to load chat history @ http://localhost:5173/src/App.jsx:1066
[  648788ms] [ERROR] Failed to load resource: net::ERR_CONNECTION_REFUSED @ http://localhost:8080/api/chat/history?user1=jade_test&user2=kai_test:0
[  648789ms] [LOG] Failed to load chat history @ http://localhost:5173/src/App.jsx:1066
[  649034ms] [ERROR] Failed to load resource: net::ERR_CONNECTION_REFUSED @ http://localhost:8080/api/auth/users:0
[  649036ms] [LOG] Failed to load contacts @ http://localhost:5173/src/App.jsx:1009
[  649038ms] [ERROR] Failed to load resource: net::ERR_CONNECTION_REFUSED @ http://localhost:8080/api/groups/mine?username=jade_test:0
[  649038ms] [LOG] Failed to load groups @ http://localhost:5173/src/App.jsx:1019
[  650783ms] [ERROR] Failed to load resource: net::ERR_CONNECTION_REFUSED @ http://localhost:8080/api/chat/history?user1=jade_test&user2=kai_test:0
[  650783ms] [LOG] Failed to load chat history @ http://localhost:5173/src/App.jsx:1066
[  652780ms] [ERROR] Failed to load resource: net::ERR_CONNECTION_REFUSED @ http://localhost:8080/api/chat/history?user1=jade_test&user2=kai_test:0
[  652780ms] [LOG] Failed to load chat history @ http://localhost:5173/src/App.jsx:1066
[  653936ms] [ERROR] Failed to load resource: net::ERR_CONNECTION_REFUSED @ http://localhost:8080/api/auth/users:0
[  653949ms] [LOG] Failed to load contacts @ http://localhost:5173/src/App.jsx:1009
[  653954ms] [ERROR] Failed to load resource: net::ERR_CONNECTION_REFUSED @ http://localhost:8080/api/groups/mine?username=jade_test:0
[  653968ms] [LOG] Failed to load groups @ http://localhost:5173/src/App.jsx:1019
[  654782ms] [ERROR] Failed to load resource: net::ERR_CONNECTION_REFUSED @ http://localhost:8080/api/chat/history?user1=jade_test&user2=kai_test:0
[  654782ms] [LOG] Failed to load chat history @ http://localhost:5173/src/App.jsx:1066
[  656780ms] [ERROR] Failed to load resource: net::ERR_CONNECTION_REFUSED @ http://localhost:8080/api/chat/history?user1=jade_test&user2=kai_test:0
[  656780ms] [LOG] Failed to load chat history @ http://localhost:5173/src/App.jsx:1066
[  658778ms] [ERROR] Failed to load resource: net::ERR_CONNECTION_REFUSED @ http://localhost:8080/api/chat/history?user1=jade_test&user2=kai_test:0
[  658778ms] [LOG] Failed to load chat history @ http://localhost:5173/src/App.jsx:1066
[  658911ms] [ERROR] Failed to load resource: net::ERR_CONNECTION_REFUSED @ http://localhost:8080/api/auth/users:0
[  658911ms] [LOG] Failed to load contacts @ http://localhost:5173/src/App.jsx:1009
[  658914ms] [ERROR] Failed to load resource: net::ERR_CONNECTION_REFUSED @ http://localhost:8080/api/groups/mine?username=jade_test:0
[  658914ms] [LOG] Failed to load groups @ http://localhost:5173/src/App.jsx:1019
[  660786ms] [ERROR] Failed to load resource: net::ERR_CONNECTION_REFUSED @ http://localhost:8080/api/chat/history?user1=jade_test&user2=kai_test:0
[  660786ms] [LOG] Failed to load chat history @ http://localhost:5173/src/App.jsx:1066
[  662794ms] [ERROR] Failed to load resource: net::ERR_CONNECTION_REFUSED @ http://localhost:8080/api/chat/history?user1=jade_test&user2=kai_test:0
[  662794ms] [LOG] Failed to load chat history @ http://localhost:5173/src/App.jsx:1066
[  663909ms] [ERROR] Failed to load resource: net::ERR_CONNECTION_REFUSED @ http://localhost:8080/api/auth/users:0
[  663921ms] [LOG] Failed to load contacts @ http://localhost:5173/src/App.jsx:1009
[  663924ms] [ERROR] Failed to load resource: net::ERR_CONNECTION_REFUSED @ http://localhost:8080/api/groups/mine?username=jade_test:0
[  663926ms] [LOG] Failed to load groups @ http://localhost:5173/src/App.jsx:1019
[  664789ms] [ERROR] Failed to load resource: net::ERR_CONNECTION_REFUSED @ http://localhost:8080/api/chat/history?user1=jade_test&user2=kai_test:0
[  664789ms] [LOG] Failed to load chat history @ http://localhost:5173/src/App.jsx:1066
[  666780ms] [ERROR] Failed to load resource: net::ERR_CONNECTION_REFUSED @ http://localhost:8080/api/chat/history?user1=jade_test&user2=kai_test:0
[  666780ms] [LOG] Failed to load chat history @ http://localhost:5173/src/App.jsx:1066
[  668800ms] [ERROR] Failed to load resource: net::ERR_CONNECTION_REFUSED @ http://localhost:8080/api/chat/history?user1=jade_test&user2=kai_test:0
[  668801ms] [LOG] Failed to load chat history @ http://localhost:5173/src/App.jsx:1066
[  669068ms] [ERROR] Failed to load resource: net::ERR_CONNECTION_REFUSED @ http://localhost:8080/api/auth/users:0
[  669068ms] [LOG] Failed to load contacts @ http://localhost:5173/src/App.jsx:1009
[  669070ms] [ERROR] Failed to load resource: net::ERR_CONNECTION_REFUSED @ http://localhost:8080/api/groups/mine?username=jade_test:0
[  669070ms] [LOG] Failed to load groups @ http://localhost:5173/src/App.jsx:1019
[  670783ms] [ERROR] Failed to load resource: net::ERR_CONNECTION_REFUSED @ http://localhost:8080/api/chat/history?user1=jade_test&user2=kai_test:0
[  670783ms] [LOG] Failed to load chat history @ http://localhost:5173/src/App.jsx:1066
[  672909ms] [ERROR] Failed to load resource: net::ERR_CONNECTION_REFUSED @ http://localhost:8080/api/chat/history?user1=jade_test&user2=kai_test:0
[  672916ms] [LOG] Failed to load chat history @ http://localhost:5173/src/App.jsx:1066
[  674120ms] [ERROR] Failed to load resource: net::ERR_CONNECTION_REFUSED @ http://localhost:8080/api/auth/users:0
[  674122ms] [LOG] Failed to load contacts @ http://localhost:5173/src/App.jsx:1009
[  674130ms] [ERROR] Failed to load resource: net::ERR_CONNECTION_REFUSED @ http://localhost:8080/api/groups/mine?username=jade_test:0
[  674130ms] [LOG] Failed to load groups @ http://localhost:5173/src/App.jsx:1019
[  674795ms] [ERROR] Failed to load resource: net::ERR_CONNECTION_REFUSED @ http://localhost:8080/api/chat/history?user1=jade_test&user2=kai_test:0
[  674795ms] [LOG] Failed to load chat history @ http://localhost:5173/src/App.jsx:1066
[  676787ms] [ERROR] Failed to load resource: net::ERR_CONNECTION_REFUSED @ http://localhost:8080/api/chat/history?user1=jade_test&user2=kai_test:0
[  676787ms] [LOG] Failed to load chat history @ http://localhost:5173/src/App.jsx:1066
[  678787ms] [ERROR] Failed to load resource: net::ERR_CONNECTION_REFUSED @ http://localhost:8080/api/chat/history?user1=jade_test&user2=kai_test:0
[  678787ms] [LOG] Failed to load chat history @ http://localhost:5173/src/App.jsx:1066
[  678927ms] [ERROR] Failed to load resource: net::ERR_CONNECTION_REFUSED @ http://localhost:8080/api/auth/users:0
[  678936ms] [LOG] Failed to load contacts @ http://localhost:5173/src/App.jsx:1009
[  678940ms] [ERROR] Failed to load resource: net::ERR_CONNECTION_REFUSED @ http://localhost:8080/api/groups/mine?username=jade_test:0
[  678941ms] [LOG] Failed to load groups @ http://localhost:5173/src/App.jsx:1019
[  680786ms] [ERROR] Failed to load resource: net::ERR_CONNECTION_REFUSED @ http://localhost:8080/api/chat/history?user1=jade_test&user2=kai_test:0
[  680786ms] [LOG] Failed to load chat history @ http://localhost:5173/src/App.jsx:1066
[  682819ms] [ERROR] Failed to load resource: net::ERR_CONNECTION_REFUSED @ http://localhost:8080/api/chat/history?user1=jade_test&user2=kai_test:0
[  682819ms] [LOG] Failed to load chat history @ http://localhost:5173/src/App.jsx:1066
[  683936ms] [ERROR] Failed to load resource: net::ERR_CONNECTION_REFUSED @ http://localhost:8080/api/auth/users:0
[  683954ms] [LOG] Failed to load contacts @ http://localhost:5173/src/App.jsx:1009
[  683962ms] [ERROR] Failed to load resource: net::ERR_CONNECTION_REFUSED @ http://localhost:8080/api/groups/mine?username=jade_test:0
[  683964ms] [LOG] Failed to load groups @ http://localhost:5173/src/App.jsx:1019
[  684778ms] [ERROR] Failed to load resource: net::ERR_CONNECTION_REFUSED @ http://localhost:8080/api/chat/history?user1=jade_test&user2=kai_test:0
[  684778ms] [LOG] Failed to load chat history @ http://localhost:5173/src/App.jsx:1066
[  686901ms] [ERROR] Failed to load resource: net::ERR_CONNECTION_REFUSED @ http://localhost:8080/api/chat/history?user1=jade_test&user2=kai_test:0
[  686902ms] [LOG] Failed to load chat history @ http://localhost:5173/src/App.jsx:1066
[  688791ms] [ERROR] Failed to load resource: net::ERR_CONNECTION_REFUSED @ http://localhost:8080/api/chat/history?user1=jade_test&user2=kai_test:0
[  688791ms] [LOG] Failed to load chat history @ http://localhost:5173/src/App.jsx:1066
[  688905ms] [ERROR] Failed to load resource: net::ERR_CONNECTION_REFUSED @ http://localhost:8080/api/auth/users:0
[  688907ms] [LOG] Failed to load contacts @ http://localhost:5173/src/App.jsx:1009
[  688910ms] [ERROR] Failed to load resource: net::ERR_CONNECTION_REFUSED @ http://localhost:8080/api/groups/mine?username=jade_test:0
[  688914ms] [LOG] Failed to load groups @ http://localhost:5173/src/App.jsx:1019
[  690787ms] [ERROR] Failed to load resource: net::ERR_CONNECTION_REFUSED @ http://localhost:8080/api/chat/history?user1=jade_test&user2=kai_test:0
[  690787ms] [LOG] Failed to load chat history @ http://localhost:5173/src/App.jsx:1066
[  692779ms] [ERROR] Failed to load resource: net::ERR_CONNECTION_REFUSED @ http://localhost:8080/api/chat/history?user1=jade_test&user2=kai_test:0
[  692779ms] [LOG] Failed to load chat history @ http://localhost:5173/src/App.jsx:1066
[  694022ms] [ERROR] Failed to load resource: net::ERR_CONNECTION_REFUSED @ http://localhost:8080/api/auth/users:0
[  694022ms] [LOG] Failed to load contacts @ http://localhost:5173/src/App.jsx:1009
[  694024ms] [ERROR] Failed to load resource: net::ERR_CONNECTION_REFUSED @ http://localhost:8080/api/groups/mine?username=jade_test:0
[  694024ms] [LOG] Failed to load groups @ http://localhost:5173/src/App.jsx:1019
[  694786ms] [ERROR] Failed to load resource: net::ERR_CONNECTION_REFUSED @ http://localhost:8080/api/chat/history?user1=jade_test&user2=kai_test:0
[  694786ms] [LOG] Failed to load chat history @ http://localhost:5173/src/App.jsx:1066
[  697687ms] [ERROR] Failed to load resource: net::ERR_CONNECTION_REFUSED @ http://localhost:8080/api/chat/history?user1=jade_test&user2=kai_test:0
[  697687ms] [LOG] Failed to load chat history @ http://localhost:5173/src/App.jsx:1066
[  699017ms] [ERROR] Failed to load resource: net::ERR_CONNECTION_REFUSED @ http://localhost:8080/api/chat/history?user1=jade_test&user2=kai_test:0
[  699017ms] [LOG] Failed to load chat history @ http://localhost:5173/src/App.jsx:1066
[  699018ms] [ERROR] Failed to load resource: net::ERR_CONNECTION_REFUSED @ http://localhost:8080/api/auth/users:0
[  699019ms] [LOG] Failed to load contacts @ http://localhost:5173/src/App.jsx:1009
[  699021ms] [ERROR] Failed to load resource: net::ERR_CONNECTION_REFUSED @ http://localhost:8080/api/groups/mine?username=jade_test:0
[  699021ms] [LOG] Failed to load groups @ http://localhost:5173/src/App.jsx:1019
[  700781ms] [ERROR] Failed to load resource: net::ERR_CONNECTION_REFUSED @ http://localhost:8080/api/chat/history?user1=jade_test&user2=kai_test:0
[  700781ms] [LOG] Failed to load chat history @ http://localhost:5173/src/App.jsx:1066
[  702783ms] [ERROR] Failed to load resource: net::ERR_CONNECTION_REFUSED @ http://localhost:8080/api/chat/history?user1=jade_test&user2=kai_test:0
[  702783ms] [LOG] Failed to load chat history @ http://localhost:5173/src/App.jsx:1066
[  703898ms] [ERROR] Failed to load resource: net::ERR_CONNECTION_REFUSED @ http://localhost:8080/api/auth/users:0
[  703898ms] [LOG] Failed to load contacts @ http://localhost:5173/src/App.jsx:1009
[  703900ms] [ERROR] Failed to load resource: net::ERR_CONNECTION_REFUSED @ http://localhost:8080/api/groups/mine?username=jade_test:0
[  703903ms] [LOG] Failed to load groups @ http://localhost:5173/src/App.jsx:1019
[  704788ms] [ERROR] Failed to load resource: net::ERR_CONNECTION_REFUSED @ http://localhost:8080/api/chat/history?user1=jade_test&user2=kai_test:0
[  704788ms] [LOG] Failed to load chat history @ http://localhost:5173/src/App.jsx:1066
[  706790ms] [ERROR] Failed to load resource: net::ERR_CONNECTION_REFUSED @ http://localhost:8080/api/chat/history?user1=jade_test&user2=kai_test:0
[  706790ms] [LOG] Failed to load chat history @ http://localhost:5173/src/App.jsx:1066
[  708778ms] [ERROR] Failed to load resource: net::ERR_CONNECTION_REFUSED @ http://localhost:8080/api/chat/history?user1=jade_test&user2=kai_test:0
[  708778ms] [LOG] Failed to load chat history @ http://localhost:5173/src/App.jsx:1066
[  708892ms] [ERROR] Failed to load resource: net::ERR_CONNECTION_REFUSED @ http://localhost:8080/api/auth/users:0
[  708894ms] [LOG] Failed to load contacts @ http://localhost:5173/src/App.jsx:1009
[  708895ms] [ERROR] Failed to load resource: net::ERR_CONNECTION_REFUSED @ http://localhost:8080/api/groups/mine?username=jade_test:0
[  708898ms] [LOG] Failed to load groups @ http://localhost:5173/src/App.jsx:1019
[  710783ms] [ERROR] Failed to load resource: net::ERR_CONNECTION_REFUSED @ http://localhost:8080/api/chat/history?user1=jade_test&user2=kai_test:0
[  710783ms] [LOG] Failed to load chat history @ http://localhost:5173/src/App.jsx:1066
[  712867ms] [ERROR] Failed to load resource: net::ERR_CONNECTION_REFUSED @ http://localhost:8080/api/chat/history?user1=jade_test&user2=kai_test:0
[  712867ms] [LOG] Failed to load chat history @ http://localhost:5173/src/App.jsx:1066
[  713904ms] [ERROR] Failed to load resource: net::ERR_CONNECTION_REFUSED @ http://localhost:8080/api/auth/users:0
[  713907ms] [LOG] Failed to load contacts @ http://localhost:5173/src/App.jsx:1009
[  713945ms] [ERROR] Failed to load resource: net::ERR_CONNECTION_REFUSED @ http://localhost:8080/api/groups/mine?username=jade_test:0
[  713948ms] [LOG] Failed to load groups @ http://localhost:5173/src/App.jsx:1019
[  714813ms] [ERROR] Failed to load resource: net::ERR_CONNECTION_REFUSED @ http://localhost:8080/api/chat/history?user1=jade_test&user2=kai_test:0
[  714813ms] [LOG] Failed to load chat history @ http://localhost:5173/src/App.jsx:1066
[  716781ms] [ERROR] Failed to load resource: net::ERR_CONNECTION_REFUSED @ http://localhost:8080/api/chat/history?user1=jade_test&user2=kai_test:0
[  716781ms] [LOG] Failed to load chat history @ http://localhost:5173/src/App.jsx:1066
[  719233ms] [ERROR] Failed to load resource: net::ERR_CONNECTION_REFUSED @ http://localhost:8080/api/chat/history?user1=jade_test&user2=kai_test:0
[  719234ms] [LOG] Failed to load chat history @ http://localhost:5173/src/App.jsx:1066
[  719237ms] [ERROR] Failed to load resource: net::ERR_CONNECTION_REFUSED @ http://localhost:8080/api/auth/users:0
[  719238ms] [LOG] Failed to load contacts @ http://localhost:5173/src/App.jsx:1009
[  719243ms] [ERROR] Failed to load resource: net::ERR_CONNECTION_REFUSED @ http://localhost:8080/api/groups/mine?username=jade_test:0
[  719246ms] [LOG] Failed to load groups @ http://localhost:5173/src/App.jsx:1019
[  720781ms] [ERROR] Failed to load resource: net::ERR_CONNECTION_REFUSED @ http://localhost:8080/api/chat/history?user1=jade_test&user2=kai_test:0
[  720781ms] [LOG] Failed to load chat history @ http://localhost:5173/src/App.jsx:1066
[  722781ms] [ERROR] Failed to load resource: net::ERR_CONNECTION_REFUSED @ http://localhost:8080/api/chat/history?user1=jade_test&user2=kai_test:0
[  722781ms] [LOG] Failed to load chat history @ http://localhost:5173/src/App.jsx:1066
[  724005ms] [ERROR] Failed to load resource: net::ERR_CONNECTION_REFUSED @ http://localhost:8080/api/auth/users:0
[  724005ms] [LOG] Failed to load contacts @ http://localhost:5173/src/App.jsx:1009
[  724005ms] [ERROR] Failed to load resource: net::ERR_CONNECTION_REFUSED @ http://localhost:8080/api/groups/mine?username=jade_test:0
[  724005ms] [LOG] Failed to load groups @ http://localhost:5173/src/App.jsx:1019
[  725250ms] [ERROR] Failed to load resource: net::ERR_CONNECTION_REFUSED @ http://localhost:8080/api/chat/history?user1=jade_test&user2=kai_test:0
[  725250ms] [LOG] Failed to load chat history @ http://localhost:5173/src/App.jsx:1066
[  727032ms] [ERROR] Failed to load resource: net::ERR_CONNECTION_REFUSED @ http://localhost:8080/api/chat/history?user1=jade_test&user2=kai_test:0
[  727032ms] [LOG] Failed to load chat history @ http://localhost:5173/src/App.jsx:1066
[  729506ms] [ERROR] Failed to load resource: net::ERR_CONNECTION_REFUSED @ http://localhost:8080/api/chat/history?user1=jade_test&user2=kai_test:0
[  729507ms] [LOG] Failed to load chat history @ http://localhost:5173/src/App.jsx:1066
[  729510ms] [ERROR] Failed to load resource: net::ERR_CONNECTION_REFUSED @ http://localhost:8080/api/auth/users:0
[  729510ms] [LOG] Failed to load contacts @ http://localhost:5173/src/App.jsx:1009
[  729510ms] [ERROR] Failed to load resource: net::ERR_CONNECTION_REFUSED @ http://localhost:8080/api/groups/mine?username=jade_test:0
[  729511ms] [LOG] Failed to load groups @ http://localhost:5173/src/App.jsx:1019
[  730855ms] [ERROR] Failed to load resource: net::ERR_CONNECTION_REFUSED @ http://localhost:8080/api/chat/history?user1=jade_test&user2=kai_test:0
[  730855ms] [LOG] Failed to load chat history @ http://localhost:5173/src/App.jsx:1066
[  732790ms] [ERROR] Failed to load resource: net::ERR_CONNECTION_REFUSED @ http://localhost:8080/api/chat/history?user1=jade_test&user2=kai_test:0
[  732790ms] [LOG] Failed to load chat history @ http://localhost:5173/src/App.jsx:1066
[  733897ms] [ERROR] Failed to load resource: net::ERR_CONNECTION_REFUSED @ http://localhost:8080/api/auth/users:0
[  733897ms] [LOG] Failed to load contacts @ http://localhost:5173/src/App.jsx:1009
[  733901ms] [ERROR] Failed to load resource: net::ERR_CONNECTION_REFUSED @ http://localhost:8080/api/groups/mine?username=jade_test:0
[  733901ms] [LOG] Failed to load groups @ http://localhost:5173/src/App.jsx:1019
[  734779ms] [ERROR] Failed to load resource: net::ERR_CONNECTION_REFUSED @ http://localhost:8080/api/chat/history?user1=jade_test&user2=kai_test:0
[  734779ms] [LOG] Failed to load chat history @ http://localhost:5173/src/App.jsx:1066
[  736937ms] [ERROR] Failed to load resource: net::ERR_CONNECTION_REFUSED @ http://localhost:8080/api/chat/history?user1=jade_test&user2=kai_test:0
[  736937ms] [LOG] Failed to load chat history @ http://localhost:5173/src/App.jsx:1066
[  738791ms] [ERROR] Failed to load resource: net::ERR_CONNECTION_REFUSED @ http://localhost:8080/api/chat/history?user1=jade_test&user2=kai_test:0
[  738794ms] [LOG] Failed to load chat history @ http://localhost:5173/src/App.jsx:1066
[  738907ms] [ERROR] Failed to load resource: net::ERR_CONNECTION_REFUSED @ http://localhost:8080/api/auth/users:0
[  738908ms] [LOG] Failed to load contacts @ http://localhost:5173/src/App.jsx:1009
[  738911ms] [ERROR] Failed to load resource: net::ERR_CONNECTION_REFUSED @ http://localhost:8080/api/groups/mine?username=jade_test:0
[  738913ms] [LOG] Failed to load groups @ http://localhost:5173/src/App.jsx:1019
[  741108ms] [ERROR] Failed to load resource: net::ERR_CONNECTION_REFUSED @ http://localhost:8080/api/chat/history?user1=jade_test&user2=kai_test:0
[  741109ms] [LOG] Failed to load chat history @ http://localhost:5173/src/App.jsx:1066
[  742785ms] [ERROR] Failed to load resource: net::ERR_CONNECTION_REFUSED @ http://localhost:8080/api/chat/history?user1=jade_test&user2=kai_test:0
[  742786ms] [LOG] Failed to load chat history @ http://localhost:5173/src/App.jsx:1066
[  743895ms] [ERROR] Failed to load resource: net::ERR_CONNECTION_REFUSED @ http://localhost:8080/api/auth/users:0
[  743897ms] [LOG] Failed to load contacts @ http://localhost:5173/src/App.jsx:1009
[  743899ms] [ERROR] Failed to load resource: net::ERR_CONNECTION_REFUSED @ http://localhost:8080/api/groups/mine?username=jade_test:0
[  743899ms] [LOG] Failed to load groups @ http://localhost:5173/src/App.jsx:1019
[  744783ms] [ERROR] Failed to load resource: net::ERR_CONNECTION_REFUSED @ http://localhost:8080/api/chat/history?user1=jade_test&user2=kai_test:0
[  744783ms] [LOG] Failed to load chat history @ http://localhost:5173/src/App.jsx:1066
[  746778ms] [ERROR] Failed to load resource: net::ERR_CONNECTION_REFUSED @ http://localhost:8080/api/chat/history?user1=jade_test&user2=kai_test:0
[  746778ms] [LOG] Failed to load chat history @ http://localhost:5173/src/App.jsx:1066
[  748776ms] [ERROR] Failed to load resource: net::ERR_CONNECTION_REFUSED @ http://localhost:8080/api/chat/history?user1=jade_test&user2=kai_test:0
[  748776ms] [LOG] Failed to load chat history @ http://localhost:5173/src/App.jsx:1066
[  748905ms] [ERROR] Failed to load resource: net::ERR_CONNECTION_REFUSED @ http://localhost:8080/api/auth/users:0
[  748908ms] [LOG] Failed to load contacts @ http://localhost:5173/src/App.jsx:1009
[  748909ms] [ERROR] Failed to load resource: net::ERR_CONNECTION_REFUSED @ http://localhost:8080/api/groups/mine?username=jade_test:0
[  748910ms] [LOG] Failed to load groups @ http://localhost:5173/src/App.jsx:1019
[  750785ms] [ERROR] Failed to load resource: net::ERR_CONNECTION_REFUSED @ http://localhost:8080/api/chat/history?user1=jade_test&user2=kai_test:0
[  750785ms] [LOG] Failed to load chat history @ http://localhost:5173/src/App.jsx:1066
[  752861ms] [ERROR] Failed to load resource: net::ERR_CONNECTION_REFUSED @ http://localhost:8080/api/chat/history?user1=jade_test&user2=kai_test:0
[  752862ms] [LOG] Failed to load chat history @ http://localhost:5173/src/App.jsx:1066
[  753888ms] [ERROR] Failed to load resource: net::ERR_CONNECTION_REFUSED @ http://localhost:8080/api/auth/users:0
[  753888ms] [LOG] Failed to load contacts @ http://localhost:5173/src/App.jsx:1009
[  753888ms] [ERROR] Failed to load resource: net::ERR_CONNECTION_REFUSED @ http://localhost:8080/api/groups/mine?username=jade_test:0
[  753888ms] [LOG] Failed to load groups @ http://localhost:5173/src/App.jsx:1019
[  754957ms] [ERROR] Failed to load resource: net::ERR_CONNECTION_REFUSED @ http://localhost:8080/api/chat/history?user1=jade_test&user2=kai_test:0
[  754957ms] [LOG] Failed to load chat history @ http://localhost:5173/src/App.jsx:1066
[  756793ms] [ERROR] Failed to load resource: net::ERR_CONNECTION_REFUSED @ http://localhost:8080/api/chat/history?user1=jade_test&user2=kai_test:0
[  756801ms] [LOG] Failed to load chat history @ http://localhost:5173/src/App.jsx:1066
[  758780ms] [ERROR] Failed to load resource: net::ERR_CONNECTION_REFUSED @ http://localhost:8080/api/chat/history?user1=jade_test&user2=kai_test:0
[  758781ms] [LOG] Failed to load chat history @ http://localhost:5173/src/App.jsx:1066
[  758890ms] [ERROR] Failed to load resource: net::ERR_CONNECTION_REFUSED @ http://localhost:8080/api/auth/users:0
[  758890ms] [LOG] Failed to load contacts @ http://localhost:5173/src/App.jsx:1009
[  758892ms] [ERROR] Failed to load resource: net::ERR_CONNECTION_REFUSED @ http://localhost:8080/api/groups/mine?username=jade_test:0
[  758892ms] [LOG] Failed to load groups @ http://localhost:5173/src/App.jsx:1019
[  760777ms] [ERROR] Failed to load resource: net::ERR_CONNECTION_REFUSED @ http://localhost:8080/api/chat/history?user1=jade_test&user2=kai_test:0
[  760777ms] [LOG] Failed to load chat history @ http://localhost:5173/src/App.jsx:1066
[  762787ms] [ERROR] Failed to load resource: net::ERR_CONNECTION_REFUSED @ http://localhost:8080/api/chat/history?user1=jade_test&user2=kai_test:0
[  762788ms] [LOG] Failed to load chat history @ http://localhost:5173/src/App.jsx:1066
[  763899ms] [ERROR] Failed to load resource: net::ERR_CONNECTION_REFUSED @ http://localhost:8080/api/auth/users:0
[  763901ms] [LOG] Failed to load contacts @ http://localhost:5173/src/App.jsx:1009
[  763903ms] [ERROR] Failed to load resource: net::ERR_CONNECTION_REFUSED @ http://localhost:8080/api/groups/mine?username=jade_test:0
[  763904ms] [LOG] Failed to load groups @ http://localhost:5173/src/App.jsx:1019
[  764783ms] [ERROR] Failed to load resource: net::ERR_CONNECTION_REFUSED @ http://localhost:8080/api/chat/history?user1=jade_test&user2=kai_test:0
[  764783ms] [LOG] Failed to load chat history @ http://localhost:5173/src/App.jsx:1066
[  766790ms] [ERROR] Failed to load resource: net::ERR_CONNECTION_REFUSED @ http://localhost:8080/api/chat/history?user1=jade_test&user2=kai_test:0
[  766790ms] [LOG] Failed to load chat history @ http://localhost:5173/src/App.jsx:1066
[  768787ms] [ERROR] Failed to load resource: net::ERR_CONNECTION_REFUSED @ http://localhost:8080/api/chat/history?user1=jade_test&user2=kai_test:0
[  768787ms] [LOG] Failed to load chat history @ http://localhost:5173/src/App.jsx:1066
[  768896ms] [ERROR] Failed to load resource: net::ERR_CONNECTION_REFUSED @ http://localhost:8080/api/auth/users:0
[  768896ms] [LOG] Failed to load contacts @ http://localhost:5173/src/App.jsx:1009
[  768897ms] [ERROR] Failed to load resource: net::ERR_CONNECTION_REFUSED @ http://localhost:8080/api/groups/mine?username=jade_test:0
[  768897ms] [LOG] Failed to load groups @ http://localhost:5173/src/App.jsx:1019
[  770790ms] [ERROR] Failed to load resource: net::ERR_CONNECTION_REFUSED @ http://localhost:8080/api/chat/history?user1=jade_test&user2=kai_test:0
[  770790ms] [LOG] Failed to load chat history @ http://localhost:5173/src/App.jsx:1066
[  772786ms] [ERROR] Failed to load resource: net::ERR_CONNECTION_REFUSED @ http://localhost:8080/api/chat/history?user1=jade_test&user2=kai_test:0
[  772787ms] [LOG] Failed to load chat history @ http://localhost:5173/src/App.jsx:1066
[  773892ms] [ERROR] Failed to load resource: net::ERR_CONNECTION_REFUSED @ http://localhost:8080/api/auth/users:0
[  773893ms] [LOG] Failed to load contacts @ http://localhost:5173/src/App.jsx:1009
[  773896ms] [ERROR] Failed to load resource: net::ERR_CONNECTION_REFUSED @ http://localhost:8080/api/groups/mine?username=jade_test:0
[  773897ms] [LOG] Failed to load groups @ http://localhost:5173/src/App.jsx:1019
[  774790ms] [ERROR] Failed to load resource: net::ERR_CONNECTION_REFUSED @ http://localhost:8080/api/chat/history?user1=jade_test&user2=kai_test:0
[  774790ms] [LOG] Failed to load chat history @ http://localhost:5173/src/App.jsx:1066
[  776806ms] [ERROR] Failed to load resource: net::ERR_CONNECTION_REFUSED @ http://localhost:8080/api/chat/history?user1=jade_test&user2=kai_test:0
[  776807ms] [LOG] Failed to load chat history @ http://localhost:5173/src/App.jsx:1066
[  778802ms] [ERROR] Failed to load resource: net::ERR_CONNECTION_REFUSED @ http://localhost:8080/api/chat/history?user1=jade_test&user2=kai_test:0
[  778802ms] [LOG] Failed to load chat history @ http://localhost:5173/src/App.jsx:1066
[  778901ms] [ERROR] Failed to load resource: net::ERR_CONNECTION_REFUSED @ http://localhost:8080/api/auth/users:0
[  778902ms] [LOG] Failed to load contacts @ http://localhost:5173/src/App.jsx:1009
[  778904ms] [ERROR] Failed to load resource: net::ERR_CONNECTION_REFUSED @ http://localhost:8080/api/groups/mine?username=jade_test:0
[  778904ms] [LOG] Failed to load groups @ http://localhost:5173/src/App.jsx:1019
[  780782ms] [ERROR] Failed to load resource: net::ERR_CONNECTION_REFUSED @ http://localhost:8080/api/chat/history?user1=jade_test&user2=kai_test:0
[  780782ms] [LOG] Failed to load chat history @ http://localhost:5173/src/App.jsx:1066
[  782780ms] [ERROR] Failed to load resource: net::ERR_CONNECTION_REFUSED @ http://localhost:8080/api/chat/history?user1=jade_test&user2=kai_test:0
[  782780ms] [LOG] Failed to load chat history @ http://localhost:5173/src/App.jsx:1066
[  783911ms] [ERROR] Failed to load resource: net::ERR_CONNECTION_REFUSED @ http://localhost:8080/api/auth/users:0
[  783912ms] [LOG] Failed to load contacts @ http://localhost:5173/src/App.jsx:1009
[  783916ms] [ERROR] Failed to load resource: net::ERR_CONNECTION_REFUSED @ http://localhost:8080/api/groups/mine?username=jade_test:0
[  783916ms] [LOG] Failed to load groups @ http://localhost:5173/src/App.jsx:1019
[  784796ms] [ERROR] Failed to load resource: net::ERR_CONNECTION_REFUSED @ http://localhost:8080/api/chat/history?user1=jade_test&user2=kai_test:0
[  784797ms] [LOG] Failed to load chat history @ http://localhost:5173/src/App.jsx:1066
[  788272ms] [ERROR] Failed to load resource: net::ERR_CONNECTION_REFUSED @ http://localhost:8080/api/chat/history?user1=jade_test&user2=kai_test:0
[  788272ms] [LOG] Failed to load chat history @ http://localhost:5173/src/App.jsx:1066
[  788790ms] [ERROR] Failed to load resource: net::ERR_CONNECTION_REFUSED @ http://localhost:8080/api/chat/history?user1=jade_test&user2=kai_test:0
[  788790ms] [LOG] Failed to load chat history @ http://localhost:5173/src/App.jsx:1066
[  788943ms] [ERROR] Failed to load resource: net::ERR_CONNECTION_REFUSED @ http://localhost:8080/api/auth/users:0
[  788944ms] [LOG] Failed to load contacts @ http://localhost:5173/src/App.jsx:1009
[  788961ms] [ERROR] Failed to load resource: net::ERR_CONNECTION_REFUSED @ http://localhost:8080/api/groups/mine?username=jade_test:0
[  788961ms] [LOG] Failed to load groups @ http://localhost:5173/src/App.jsx:1019
[  790775ms] [ERROR] Failed to load resource: net::ERR_CONNECTION_REFUSED @ http://localhost:8080/api/chat/history?user1=jade_test&user2=kai_test:0
[  790775ms] [LOG] Failed to load chat history @ http://localhost:5173/src/App.jsx:1066
[  792823ms] [ERROR] Failed to load resource: net::ERR_CONNECTION_REFUSED @ http://localhost:8080/api/chat/history?user1=jade_test&user2=kai_test:0
[  792823ms] [LOG] Failed to load chat history @ http://localhost:5173/src/App.jsx:1066
[  793889ms] [ERROR] Failed to load resource: net::ERR_CONNECTION_REFUSED @ http://localhost:8080/api/auth/users:0
[  793889ms] [LOG] Failed to load contacts @ http://localhost:5173/src/App.jsx:1009
[  793894ms] [ERROR] Failed to load resource: net::ERR_CONNECTION_REFUSED @ http://localhost:8080/api/groups/mine?username=jade_test:0
[  793895ms] [LOG] Failed to load groups @ http://localhost:5173/src/App.jsx:1019
[  794783ms] [ERROR] Failed to load resource: net::ERR_CONNECTION_REFUSED @ http://localhost:8080/api/chat/history?user1=jade_test&user2=kai_test:0
[  794784ms] [LOG] Failed to load chat history @ http://localhost:5173/src/App.jsx:1066
[  796788ms] [ERROR] Failed to load resource: net::ERR_CONNECTION_REFUSED @ http://localhost:8080/api/chat/history?user1=jade_test&user2=kai_test:0
[  796789ms] [LOG] Failed to load chat history @ http://localhost:5173/src/App.jsx:1066
[  798781ms] [ERROR] Failed to load resource: net::ERR_CONNECTION_REFUSED @ http://localhost:8080/api/chat/history?user1=jade_test&user2=kai_test:0
[  798781ms] [LOG] Failed to load chat history @ http://localhost:5173/src/App.jsx:1066
[  798897ms] [ERROR] Failed to load resource: net::ERR_CONNECTION_REFUSED @ http://localhost:8080/api/auth/users:0
[  798897ms] [LOG] Failed to load contacts @ http://localhost:5173/src/App.jsx:1009
[  798899ms] [ERROR] Failed to load resource: net::ERR_CONNECTION_REFUSED @ http://localhost:8080/api/groups/mine?username=jade_test:0
[  798901ms] [LOG] Failed to load groups @ http://localhost:5173/src/App.jsx:1019
[  800807ms] [ERROR] Failed to load resource: net::ERR_CONNECTION_REFUSED @ http://localhost:8080/api/chat/history?user1=jade_test&user2=kai_test:0
[  800807ms] [LOG] Failed to load chat history @ http://localhost:5173/src/App.jsx:1066
[  802788ms] [ERROR] Failed to load resource: net::ERR_CONNECTION_REFUSED @ http://localhost:8080/api/chat/history?user1=jade_test&user2=kai_test:0
[  802790ms] [LOG] Failed to load chat history @ http://localhost:5173/src/App.jsx:1066
[  803895ms] [ERROR] Failed to load resource: net::ERR_CONNECTION_REFUSED @ http://localhost:8080/api/auth/users:0
[  803895ms] [LOG] Failed to load contacts @ http://localhost:5173/src/App.jsx:1009
[  803895ms] [ERROR] Failed to load resource: net::ERR_CONNECTION_REFUSED @ http://localhost:8080/api/groups/mine?username=jade_test:0
[  803896ms] [LOG] Failed to load groups @ http://localhost:5173/src/App.jsx:1019
[  804784ms] [ERROR] Failed to load resource: net::ERR_CONNECTION_REFUSED @ http://localhost:8080/api/chat/history?user1=jade_test&user2=kai_test:0
[  804785ms] [LOG] Failed to load chat history @ http://localhost:5173/src/App.jsx:1066
[  806791ms] [ERROR] Failed to load resource: net::ERR_CONNECTION_REFUSED @ http://localhost:8080/api/chat/history?user1=jade_test&user2=kai_test:0
[  806791ms] [LOG] Failed to load chat history @ http://localhost:5173/src/App.jsx:1066
[  808826ms] [ERROR] Failed to load resource: net::ERR_CONNECTION_REFUSED @ http://localhost:8080/api/chat/history?user1=jade_test&user2=kai_test:0
[  808826ms] [LOG] Failed to load chat history @ http://localhost:5173/src/App.jsx:1066
[  808952ms] [ERROR] Failed to load resource: net::ERR_CONNECTION_REFUSED @ http://localhost:8080/api/auth/users:0
[  808954ms] [LOG] Failed to load contacts @ http://localhost:5173/src/App.jsx:1009
[  808956ms] [ERROR] Failed to load resource: net::ERR_CONNECTION_REFUSED @ http://localhost:8080/api/groups/mine?username=jade_test:0
[  808956ms] [LOG] Failed to load groups @ http://localhost:5173/src/App.jsx:1019
[  810792ms] [ERROR] Failed to load resource: net::ERR_CONNECTION_REFUSED @ http://localhost:8080/api/chat/history?user1=jade_test&user2=kai_test:0
[  810792ms] [LOG] Failed to load chat history @ http://localhost:5173/src/App.jsx:1066
[  812783ms] [ERROR] Failed to load resource: net::ERR_CONNECTION_REFUSED @ http://localhost:8080/api/chat/history?user1=jade_test&user2=kai_test:0
[  812783ms] [LOG] Failed to load chat history @ http://localhost:5173/src/App.jsx:1066
[  813909ms] [ERROR] Failed to load resource: net::ERR_CONNECTION_REFUSED @ http://localhost:8080/api/auth/users:0
[  813911ms] [LOG] Failed to load contacts @ http://localhost:5173/src/App.jsx:1009
[  813912ms] [ERROR] Failed to load resource: net::ERR_CONNECTION_REFUSED @ http://localhost:8080/api/groups/mine?username=jade_test:0
[  813913ms] [LOG] Failed to load groups @ http://localhost:5173/src/App.jsx:1019
[  814790ms] [ERROR] Failed to load resource: net::ERR_CONNECTION_REFUSED @ http://localhost:8080/api/chat/history?user1=jade_test&user2=kai_test:0
[  814790ms] [LOG] Failed to load chat history @ http://localhost:5173/src/App.jsx:1066
[  816782ms] [ERROR] Failed to load resource: net::ERR_CONNECTION_REFUSED @ http://localhost:8080/api/chat/history?user1=jade_test&user2=kai_test:0
[  816782ms] [LOG] Failed to load chat history @ http://localhost:5173/src/App.jsx:1066
[  818785ms] [ERROR] Failed to load resource: net::ERR_CONNECTION_REFUSED @ http://localhost:8080/api/chat/history?user1=jade_test&user2=kai_test:0
[  818785ms] [LOG] Failed to load chat history @ http://localhost:5173/src/App.jsx:1066
[  818894ms] [ERROR] Failed to load resource: net::ERR_CONNECTION_REFUSED @ http://localhost:8080/api/auth/users:0
[  818896ms] [LOG] Failed to load contacts @ http://localhost:5173/src/App.jsx:1009
[  818909ms] [ERROR] Failed to load resource: net::ERR_CONNECTION_REFUSED @ http://localhost:8080/api/groups/mine?username=jade_test:0
[  818910ms] [LOG] Failed to load groups @ http://localhost:5173/src/App.jsx:1019
[  820789ms] [ERROR] Failed to load resource: net::ERR_CONNECTION_REFUSED @ http://localhost:8080/api/chat/history?user1=jade_test&user2=kai_test:0
[  820790ms] [LOG] Failed to load chat history @ http://localhost:5173/src/App.jsx:1066
[  822787ms] [ERROR] Failed to load resource: net::ERR_CONNECTION_REFUSED @ http://localhost:8080/api/chat/history?user1=jade_test&user2=kai_test:0
[  822787ms] [LOG] Failed to load chat history @ http://localhost:5173/src/App.jsx:1066
[  823899ms] [ERROR] Failed to load resource: net::ERR_CONNECTION_REFUSED @ http://localhost:8080/api/auth/users:0
[  823908ms] [LOG] Failed to load contacts @ http://localhost:5173/src/App.jsx:1009
[  823913ms] [ERROR] Failed to load resource: net::ERR_CONNECTION_REFUSED @ http://localhost:8080/api/groups/mine?username=jade_test:0
[  823913ms] [LOG] Failed to load groups @ http://localhost:5173/src/App.jsx:1019
[  824871ms] [ERROR] Failed to load resource: net::ERR_CONNECTION_REFUSED @ http://localhost:8080/api/chat/history?user1=jade_test&user2=kai_test:0
[  824872ms] [LOG] Failed to load chat history @ http://localhost:5173/src/App.jsx:1066
[  826917ms] [ERROR] Failed to load resource: net::ERR_CONNECTION_REFUSED @ http://localhost:8080/api/chat/history?user1=jade_test&user2=kai_test:0
[  826917ms] [LOG] Failed to load chat history @ http://localhost:5173/src/App.jsx:1066
[  828786ms] [ERROR] Failed to load resource: net::ERR_CONNECTION_REFUSED @ http://localhost:8080/api/chat/history?user1=jade_test&user2=kai_test:0
[  828787ms] [LOG] Failed to load chat history @ http://localhost:5173/src/App.jsx:1066
[  828896ms] [ERROR] Failed to load resource: net::ERR_CONNECTION_REFUSED @ http://localhost:8080/api/auth/users:0
[  828897ms] [LOG] Failed to load contacts @ http://localhost:5173/src/App.jsx:1009
[  828899ms] [ERROR] Failed to load resource: net::ERR_CONNECTION_REFUSED @ http://localhost:8080/api/groups/mine?username=jade_test:0
[  828900ms] [LOG] Failed to load groups @ http://localhost:5173/src/App.jsx:1019
[  830794ms] [ERROR] Failed to load resource: net::ERR_CONNECTION_REFUSED @ http://localhost:8080/api/chat/history?user1=jade_test&user2=kai_test:0
[  830795ms] [LOG] Failed to load chat history @ http://localhost:5173/src/App.jsx:1066
[  832778ms] [ERROR] Failed to load resource: net::ERR_CONNECTION_REFUSED @ http://localhost:8080/api/chat/history?user1=jade_test&user2=kai_test:0
[  832778ms] [LOG] Failed to load chat history @ http://localhost:5173/src/App.jsx:1066
[  833895ms] [ERROR] Failed to load resource: net::ERR_CONNECTION_REFUSED @ http://localhost:8080/api/auth/users:0
[  833895ms] [LOG] Failed to load contacts @ http://localhost:5173/src/App.jsx:1009
[  833896ms] [ERROR] Failed to load resource: net::ERR_CONNECTION_REFUSED @ http://localhost:8080/api/groups/mine?username=jade_test:0
[  833897ms] [LOG] Failed to load groups @ http://localhost:5173/src/App.jsx:1019
[  835219ms] [ERROR] Failed to load resource: net::ERR_CONNECTION_REFUSED @ http://localhost:8080/api/chat/history?user1=jade_test&user2=kai_test:0
[  835219ms] [LOG] Failed to load chat history @ http://localhost:5173/src/App.jsx:1066
[  836792ms] [ERROR] Failed to load resource: net::ERR_CONNECTION_REFUSED @ http://localhost:8080/api/chat/history?user1=jade_test&user2=kai_test:0
[  836793ms] [LOG] Failed to load chat history @ http://localhost:5173/src/App.jsx:1066
[  838789ms] [ERROR] Failed to load resource: net::ERR_CONNECTION_REFUSED @ http://localhost:8080/api/chat/history?user1=jade_test&user2=kai_test:0
[  838789ms] [LOG] Failed to load chat history @ http://localhost:5173/src/App.jsx:1066
[  838898ms] [ERROR] Failed to load resource: net::ERR_CONNECTION_REFUSED @ http://localhost:8080/api/auth/users:0
[  838898ms] [LOG] Failed to load contacts @ http://localhost:5173/src/App.jsx:1009
[  838900ms] [ERROR] Failed to load resource: net::ERR_CONNECTION_REFUSED @ http://localhost:8080/api/groups/mine?username=jade_test:0
[  838900ms] [LOG] Failed to load groups @ http://localhost:5173/src/App.jsx:1019
[  840787ms] [ERROR] Failed to load resource: net::ERR_CONNECTION_REFUSED @ http://localhost:8080/api/chat/history?user1=jade_test&user2=kai_test:0
[  840787ms] [LOG] Failed to load chat history @ http://localhost:5173/src/App.jsx:1066
[  842777ms] [ERROR] Failed to load resource: net::ERR_CONNECTION_REFUSED @ http://localhost:8080/api/chat/history?user1=jade_test&user2=kai_test:0
[  842777ms] [LOG] Failed to load chat history @ http://localhost:5173/src/App.jsx:1066
[  843899ms] [ERROR] Failed to load resource: net::ERR_CONNECTION_REFUSED @ http://localhost:8080/api/auth/users:0
[  843900ms] [LOG] Failed to load contacts @ http://localhost:5173/src/App.jsx:1009
[  843903ms] [ERROR] Failed to load resource: net::ERR_CONNECTION_REFUSED @ http://localhost:8080/api/groups/mine?username=jade_test:0
[  843907ms] [LOG] Failed to load groups @ http://localhost:5173/src/App.jsx:1019
[  844781ms] [ERROR] Failed to load resource: net::ERR_CONNECTION_REFUSED @ http://localhost:8080/api/chat/history?user1=jade_test&user2=kai_test:0
[  844781ms] [LOG] Failed to load chat history @ http://localhost:5173/src/App.jsx:1066
[  848009ms] [ERROR] Failed to load resource: net::ERR_CONNECTION_REFUSED @ http://localhost:8080/api/chat/history?user1=jade_test&user2=kai_test:0
[  848010ms] [LOG] Failed to load chat history @ http://localhost:5173/src/App.jsx:1066
[  848784ms] [ERROR] Failed to load resource: net::ERR_CONNECTION_REFUSED @ http://localhost:8080/api/chat/history?user1=jade_test&user2=kai_test:0
[  848784ms] [LOG] Failed to load chat history @ http://localhost:5173/src/App.jsx:1066
[  848895ms] [ERROR] Failed to load resource: net::ERR_CONNECTION_REFUSED @ http://localhost:8080/api/auth/users:0
[  848895ms] [LOG] Failed to load contacts @ http://localhost:5173/src/App.jsx:1009
[  848897ms] [ERROR] Failed to load resource: net::ERR_CONNECTION_REFUSED @ http://localhost:8080/api/groups/mine?username=jade_test:0
[  848897ms] [LOG] Failed to load groups @ http://localhost:5173/src/App.jsx:1019
[  850787ms] [ERROR] Failed to load resource: net::ERR_CONNECTION_REFUSED @ http://localhost:8080/api/chat/history?user1=jade_test&user2=kai_test:0
[  850787ms] [LOG] Failed to load chat history @ http://localhost:5173/src/App.jsx:1066
[  852784ms] [ERROR] Failed to load resource: net::ERR_CONNECTION_REFUSED @ http://localhost:8080/api/chat/history?user1=jade_test&user2=kai_test:0
[  852784ms] [LOG] Failed to load chat history @ http://localhost:5173/src/App.jsx:1066
[  853898ms] [ERROR] Failed to load resource: net::ERR_CONNECTION_REFUSED @ http://localhost:8080/api/auth/users:0
[  853900ms] [LOG] Failed to load contacts @ http://localhost:5173/src/App.jsx:1009
[  853903ms] [ERROR] Failed to load resource: net::ERR_CONNECTION_REFUSED @ http://localhost:8080/api/groups/mine?username=jade_test:0
[  853903ms] [LOG] Failed to load groups @ http://localhost:5173/src/App.jsx:1019
[  854815ms] [ERROR] Failed to load resource: net::ERR_CONNECTION_REFUSED @ http://localhost:8080/api/chat/history?user1=jade_test&user2=kai_test:0
[  854817ms] [LOG] Failed to load chat history @ http://localhost:5173/src/App.jsx:1066
[  856788ms] [ERROR] Failed to load resource: net::ERR_CONNECTION_REFUSED @ http://localhost:8080/api/chat/history?user1=jade_test&user2=kai_test:0
[  856788ms] [LOG] Failed to load chat history @ http://localhost:5173/src/App.jsx:1066
[  858778ms] [ERROR] Failed to load resource: net::ERR_CONNECTION_REFUSED @ http://localhost:8080/api/chat/history?user1=jade_test&user2=kai_test:0
[  858778ms] [LOG] Failed to load chat history @ http://localhost:5173/src/App.jsx:1066
[  858904ms] [ERROR] Failed to load resource: net::ERR_CONNECTION_REFUSED @ http://localhost:8080/api/auth/users:0
[  858905ms] [LOG] Failed to load contacts @ http://localhost:5173/src/App.jsx:1009
[  858908ms] [ERROR] Failed to load resource: net::ERR_CONNECTION_REFUSED @ http://localhost:8080/api/groups/mine?username=jade_test:0
[  858908ms] [LOG] Failed to load groups @ http://localhost:5173/src/App.jsx:1019
[  860784ms] [ERROR] Failed to load resource: net::ERR_CONNECTION_REFUSED @ http://localhost:8080/api/chat/history?user1=jade_test&user2=kai_test:0
[  860784ms] [LOG] Failed to load chat history @ http://localhost:5173/src/App.jsx:1066
[  862784ms] [ERROR] Failed to load resource: net::ERR_CONNECTION_REFUSED @ http://localhost:8080/api/chat/history?user1=jade_test&user2=kai_test:0
[  862784ms] [LOG] Failed to load chat history @ http://localhost:5173/src/App.jsx:1066
[  863900ms] [ERROR] Failed to load resource: net::ERR_CONNECTION_REFUSED @ http://localhost:8080/api/auth/users:0
[  863900ms] [LOG] Failed to load contacts @ http://localhost:5173/src/App.jsx:1009
[  863901ms] [ERROR] Failed to load resource: net::ERR_CONNECTION_REFUSED @ http://localhost:8080/api/groups/mine?username=jade_test:0
[  863903ms] [LOG] Failed to load groups @ http://localhost:5173/src/App.jsx:1019
[  864787ms] [ERROR] Failed to load resource: net::ERR_CONNECTION_REFUSED @ http://localhost:8080/api/chat/history?user1=jade_test&user2=kai_test:0
[  864787ms] [LOG] Failed to load chat history @ http://localhost:5173/src/App.jsx:1066
[  866785ms] [ERROR] Failed to load resource: net::ERR_CONNECTION_REFUSED @ http://localhost:8080/api/chat/history?user1=jade_test&user2=kai_test:0
[  866785ms] [LOG] Failed to load chat history @ http://localhost:5173/src/App.jsx:1066
[  868782ms] [ERROR] Failed to load resource: net::ERR_CONNECTION_REFUSED @ http://localhost:8080/api/chat/history?user1=jade_test&user2=kai_test:0
[  868782ms] [LOG] Failed to load chat history @ http://localhost:5173/src/App.jsx:1066
[  868892ms] [ERROR] Failed to load resource: net::ERR_CONNECTION_REFUSED @ http://localhost:8080/api/auth/users:0
[  868892ms] [LOG] Failed to load contacts @ http://localhost:5173/src/App.jsx:1009
[  868892ms] [ERROR] Failed to load resource: net::ERR_CONNECTION_REFUSED @ http://localhost:8080/api/groups/mine?username=jade_test:0
[  868892ms] [LOG] Failed to load groups @ http://localhost:5173/src/App.jsx:1019
[  870780ms] [ERROR] Failed to load resource: net::ERR_CONNECTION_REFUSED @ http://localhost:8080/api/chat/history?user1=jade_test&user2=kai_test:0
[  870780ms] [LOG] Failed to load chat history @ http://localhost:5173/src/App.jsx:1066
[  872788ms] [ERROR] Failed to load resource: net::ERR_CONNECTION_REFUSED @ http://localhost:8080/api/chat/history?user1=jade_test&user2=kai_test:0
[  872788ms] [LOG] Failed to load chat history @ http://localhost:5173/src/App.jsx:1066
[  873888ms] [ERROR] Failed to load resource: net::ERR_CONNECTION_REFUSED @ http://localhost:8080/api/auth/users:0
[  873888ms] [LOG] Failed to load contacts @ http://localhost:5173/src/App.jsx:1009
[  873890ms] [ERROR] Failed to load resource: net::ERR_CONNECTION_REFUSED @ http://localhost:8080/api/groups/mine?username=jade_test:0
[  873890ms] [LOG] Failed to load groups @ http://localhost:5173/src/App.jsx:1019
[  874778ms] [ERROR] Failed to load resource: net::ERR_CONNECTION_REFUSED @ http://localhost:8080/api/chat/history?user1=jade_test&user2=kai_test:0
[  874779ms] [LOG] Failed to load chat history @ http://localhost:5173/src/App.jsx:1066
[  876782ms] [ERROR] Failed to load resource: net::ERR_CONNECTION_REFUSED @ http://localhost:8080/api/chat/history?user1=jade_test&user2=kai_test:0
[  876782ms] [LOG] Failed to load chat history @ http://localhost:5173/src/App.jsx:1066
[  878788ms] [ERROR] Failed to load resource: net::ERR_CONNECTION_REFUSED @ http://localhost:8080/api/chat/history?user1=jade_test&user2=kai_test:0
[  878788ms] [LOG] Failed to load chat history @ http://localhost:5173/src/App.jsx:1066
[  878897ms] [ERROR] Failed to load resource: net::ERR_CONNECTION_REFUSED @ http://localhost:8080/api/auth/users:0
[  878897ms] [LOG] Failed to load contacts @ http://localhost:5173/src/App.jsx:1009
[  878897ms] [ERROR] Failed to load resource: net::ERR_CONNECTION_REFUSED @ http://localhost:8080/api/groups/mine?username=jade_test:0
[  878898ms] [LOG] Failed to load groups @ http://localhost:5173/src/App.jsx:1019
[  880780ms] [ERROR] Failed to load resource: net::ERR_CONNECTION_REFUSED @ http://localhost:8080/api/chat/history?user1=jade_test&user2=kai_test:0
[  880780ms] [LOG] Failed to load chat history @ http://localhost:5173/src/App.jsx:1066
[  882777ms] [ERROR] Failed to load resource: net::ERR_CONNECTION_REFUSED @ http://localhost:8080/api/chat/history?user1=jade_test&user2=kai_test:0
[  882777ms] [LOG] Failed to load chat history @ http://localhost:5173/src/App.jsx:1066
[  883890ms] [ERROR] Failed to load resource: net::ERR_CONNECTION_REFUSED @ http://localhost:8080/api/auth/users:0
[  883891ms] [LOG] Failed to load contacts @ http://localhost:5173/src/App.jsx:1009
[  883892ms] [ERROR] Failed to load resource: net::ERR_CONNECTION_REFUSED @ http://localhost:8080/api/groups/mine?username=jade_test:0
[  883893ms] [LOG] Failed to load groups @ http://localhost:5173/src/App.jsx:1019
[  884784ms] [ERROR] Failed to load resource: net::ERR_CONNECTION_REFUSED @ http://localhost:8080/api/chat/history?user1=jade_test&user2=kai_test:0
[  884785ms] [LOG] Failed to load chat history @ http://localhost:5173/src/App.jsx:1066
[  886779ms] [ERROR] Failed to load resource: net::ERR_CONNECTION_REFUSED @ http://localhost:8080/api/chat/history?user1=jade_test&user2=kai_test:0
[  886779ms] [LOG] Failed to load chat history @ http://localhost:5173/src/App.jsx:1066
[  888785ms] [ERROR] Failed to load resource: net::ERR_CONNECTION_REFUSED @ http://localhost:8080/api/chat/history?user1=jade_test&user2=kai_test:0
[  888786ms] [LOG] Failed to load chat history @ http://localhost:5173/src/App.jsx:1066
[  889002ms] [ERROR] Failed to load resource: net::ERR_CONNECTION_REFUSED @ http://localhost:8080/api/auth/users:0
[  889004ms] [LOG] Failed to load contacts @ http://localhost:5173/src/App.jsx:1009
[  889005ms] [ERROR] Failed to load resource: net::ERR_CONNECTION_REFUSED @ http://localhost:8080/api/groups/mine?username=jade_test:0
[  889006ms] [LOG] Failed to load groups @ http://localhost:5173/src/App.jsx:1019
[  890781ms] [ERROR] Failed to load resource: net::ERR_CONNECTION_REFUSED @ http://localhost:8080/api/chat/history?user1=jade_test&user2=kai_test:0
[  890782ms] [LOG] Failed to load chat history @ http://localhost:5173/src/App.jsx:1066
[  892787ms] [ERROR] Failed to load resource: net::ERR_CONNECTION_REFUSED @ http://localhost:8080/api/chat/history?user1=jade_test&user2=kai_test:0
[  892787ms] [LOG] Failed to load chat history @ http://localhost:5173/src/App.jsx:1066
[  893901ms] [ERROR] Failed to load resource: net::ERR_CONNECTION_REFUSED @ http://localhost:8080/api/auth/users:0
[  893901ms] [LOG] Failed to load contacts @ http://localhost:5173/src/App.jsx:1009
[  893903ms] [ERROR] Failed to load resource: net::ERR_CONNECTION_REFUSED @ http://localhost:8080/api/groups/mine?username=jade_test:0
[  893903ms] [LOG] Failed to load groups @ http://localhost:5173/src/App.jsx:1019
[  894783ms] [ERROR] Failed to load resource: net::ERR_CONNECTION_REFUSED @ http://localhost:8080/api/chat/history?user1=jade_test&user2=kai_test:0
[  894783ms] [LOG] Failed to load chat history @ http://localhost:5173/src/App.jsx:1066
[  896788ms] [ERROR] Failed to load resource: net::ERR_CONNECTION_REFUSED @ http://localhost:8080/api/chat/history?user1=jade_test&user2=kai_test:0
[  896788ms] [LOG] Failed to load chat history @ http://localhost:5173/src/App.jsx:1066
[  898777ms] [ERROR] Failed to load resource: net::ERR_CONNECTION_REFUSED @ http://localhost:8080/api/chat/history?user1=jade_test&user2=kai_test:0
[  898777ms] [LOG] Failed to load chat history @ http://localhost:5173/src/App.jsx:1066
[  898902ms] [ERROR] Failed to load resource: net::ERR_CONNECTION_REFUSED @ http://localhost:8080/api/auth/users:0
[  898906ms] [LOG] Failed to load contacts @ http://localhost:5173/src/App.jsx:1009
[  898908ms] [ERROR] Failed to load resource: net::ERR_CONNECTION_REFUSED @ http://localhost:8080/api/groups/mine?username=jade_test:0
[  898908ms] [LOG] Failed to load groups @ http://localhost:5173/src/App.jsx:1019
[  900785ms] [ERROR] Failed to load resource: net::ERR_CONNECTION_REFUSED @ http://localhost:8080/api/chat/history?user1=jade_test&user2=kai_test:0
[  900785ms] [LOG] Failed to load chat history @ http://localhost:5173/src/App.jsx:1066
[  902783ms] [ERROR] Failed to load resource: net::ERR_CONNECTION_REFUSED @ http://localhost:8080/api/chat/history?user1=jade_test&user2=kai_test:0
[  902783ms] [LOG] Failed to load chat history @ http://localhost:5173/src/App.jsx:1066
[  903893ms] [ERROR] Failed to load resource: net::ERR_CONNECTION_REFUSED @ http://localhost:8080/api/auth/users:0
[  903893ms] [LOG] Failed to load contacts @ http://localhost:5173/src/App.jsx:1009
[  903893ms] [ERROR] Failed to load resource: net::ERR_CONNECTION_REFUSED @ http://localhost:8080/api/groups/mine?username=jade_test:0
[  903894ms] [LOG] Failed to load groups @ http://localhost:5173/src/App.jsx:1019
[  904781ms] [ERROR] Failed to load resource: net::ERR_CONNECTION_REFUSED @ http://localhost:8080/api/chat/history?user1=jade_test&user2=kai_test:0
[  904781ms] [LOG] Failed to load chat history @ http://localhost:5173/src/App.jsx:1066
[  906783ms] [ERROR] Failed to load resource: net::ERR_CONNECTION_REFUSED @ http://localhost:8080/api/chat/history?user1=jade_test&user2=kai_test:0
[  906783ms] [LOG] Failed to load chat history @ http://localhost:5173/src/App.jsx:1066
[  908793ms] [ERROR] Failed to load resource: net::ERR_CONNECTION_REFUSED @ http://localhost:8080/api/chat/history?user1=jade_test&user2=kai_test:0
[  908795ms] [LOG] Failed to load chat history @ http://localhost:5173/src/App.jsx:1066
[  908922ms] [ERROR] Failed to load resource: net::ERR_CONNECTION_REFUSED @ http://localhost:8080/api/auth/users:0
[  908939ms] [LOG] Failed to load contacts @ http://localhost:5173/src/App.jsx:1009
[  908944ms] [ERROR] Failed to load resource: net::ERR_CONNECTION_REFUSED @ http://localhost:8080/api/groups/mine?username=jade_test:0
[  908947ms] [LOG] Failed to load groups @ http://localhost:5173/src/App.jsx:1019
[  911011ms] [ERROR] Failed to load resource: net::ERR_CONNECTION_REFUSED @ http://localhost:8080/api/chat/history?user1=jade_test&user2=kai_test:0
[  911011ms] [LOG] Failed to load chat history @ http://localhost:5173/src/App.jsx:1066
[  912831ms] [ERROR] Failed to load resource: net::ERR_CONNECTION_REFUSED @ http://localhost:8080/api/chat/history?user1=jade_test&user2=kai_test:0
[  912835ms] [LOG] Failed to load chat history @ http://localhost:5173/src/App.jsx:1066
[  913913ms] [ERROR] Failed to load resource: net::ERR_CONNECTION_REFUSED @ http://localhost:8080/api/auth/users:0
[  913923ms] [LOG] Failed to load contacts @ http://localhost:5173/src/App.jsx:1009
[  913927ms] [ERROR] Failed to load resource: net::ERR_CONNECTION_REFUSED @ http://localhost:8080/api/groups/mine?username=jade_test:0
[  913930ms] [LOG] Failed to load groups @ http://localhost:5173/src/App.jsx:1019
[  914790ms] [ERROR] Failed to load resource: net::ERR_CONNECTION_REFUSED @ http://localhost:8080/api/chat/history?user1=jade_test&user2=kai_test:0
[  914791ms] [LOG] Failed to load chat history @ http://localhost:5173/src/App.jsx:1066
[  916785ms] [ERROR] Failed to load resource: net::ERR_CONNECTION_REFUSED @ http://localhost:8080/api/chat/history?user1=jade_test&user2=kai_test:0
[  916785ms] [LOG] Failed to load chat history @ http://localhost:5173/src/App.jsx:1066
[  918788ms] [ERROR] Failed to load resource: net::ERR_CONNECTION_REFUSED @ http://localhost:8080/api/chat/history?user1=jade_test&user2=kai_test:0
[  918788ms] [LOG] Failed to load chat history @ http://localhost:5173/src/App.jsx:1066
[  918905ms] [ERROR] Failed to load resource: net::ERR_CONNECTION_REFUSED @ http://localhost:8080/api/auth/users:0
[  918906ms] [LOG] Failed to load contacts @ http://localhost:5173/src/App.jsx:1009
[  918908ms] [ERROR] Failed to load resource: net::ERR_CONNECTION_REFUSED @ http://localhost:8080/api/groups/mine?username=jade_test:0
[  918909ms] [LOG] Failed to load groups @ http://localhost:5173/src/App.jsx:1019
[  920781ms] [ERROR] Failed to load resource: net::ERR_CONNECTION_REFUSED @ http://localhost:8080/api/chat/history?user1=jade_test&user2=kai_test:0
[  920782ms] [LOG] Failed to load chat history @ http://localhost:5173/src/App.jsx:1066
[  922796ms] [ERROR] Failed to load resource: net::ERR_CONNECTION_REFUSED @ http://localhost:8080/api/chat/history?user1=jade_test&user2=kai_test:0
[  922797ms] [LOG] Failed to load chat history @ http://localhost:5173/src/App.jsx:1066
[  923912ms] [ERROR] Failed to load resource: net::ERR_CONNECTION_REFUSED @ http://localhost:8080/api/auth/users:0
[  923913ms] [LOG] Failed to load contacts @ http://localhost:5173/src/App.jsx:1009
[  923914ms] [ERROR] Failed to load resource: net::ERR_CONNECTION_REFUSED @ http://localhost:8080/api/groups/mine?username=jade_test:0
[  923927ms] [LOG] Failed to load groups @ http://localhost:5173/src/App.jsx:1019
[  924783ms] [ERROR] Failed to load resource: net::ERR_CONNECTION_REFUSED @ http://localhost:8080/api/chat/history?user1=jade_test&user2=kai_test:0
[  924783ms] [LOG] Failed to load chat history @ http://localhost:5173/src/App.jsx:1066
[  926796ms] [ERROR] Failed to load resource: net::ERR_CONNECTION_REFUSED @ http://localhost:8080/api/chat/history?user1=jade_test&user2=kai_test:0
[  926797ms] [LOG] Failed to load chat history @ http://localhost:5173/src/App.jsx:1066
[  928778ms] [ERROR] Failed to load resource: net::ERR_CONNECTION_REFUSED @ http://localhost:8080/api/chat/history?user1=jade_test&user2=kai_test:0
[  928778ms] [LOG] Failed to load chat history @ http://localhost:5173/src/App.jsx:1066
[  928889ms] [ERROR] Failed to load resource: net::ERR_CONNECTION_REFUSED @ http://localhost:8080/api/auth/users:0
[  928889ms] [LOG] Failed to load contacts @ http://localhost:5173/src/App.jsx:1009
[  928891ms] [ERROR] Failed to load resource: net::ERR_CONNECTION_REFUSED @ http://localhost:8080/api/groups/mine?username=jade_test:0
[  928891ms] [LOG] Failed to load groups @ http://localhost:5173/src/App.jsx:1019
[  930788ms] [ERROR] Failed to load resource: net::ERR_CONNECTION_REFUSED @ http://localhost:8080/api/chat/history?user1=jade_test&user2=kai_test:0
[  930788ms] [LOG] Failed to load chat history @ http://localhost:5173/src/App.jsx:1066
[  932785ms] [ERROR] Failed to load resource: net::ERR_CONNECTION_REFUSED @ http://localhost:8080/api/chat/history?user1=jade_test&user2=kai_test:0
[  932785ms] [LOG] Failed to load chat history @ http://localhost:5173/src/App.jsx:1066
[  933902ms] [ERROR] Failed to load resource: net::ERR_CONNECTION_REFUSED @ http://localhost:8080/api/auth/users:0
[  933903ms] [LOG] Failed to load contacts @ http://localhost:5173/src/App.jsx:1009
[  933904ms] [ERROR] Failed to load resource: net::ERR_CONNECTION_REFUSED @ http://localhost:8080/api/groups/mine?username=jade_test:0
[  933905ms] [LOG] Failed to load groups @ http://localhost:5173/src/App.jsx:1019
[  934787ms] [ERROR] Failed to load resource: net::ERR_CONNECTION_REFUSED @ http://localhost:8080/api/chat/history?user1=jade_test&user2=kai_test:0
[  934788ms] [LOG] Failed to load chat history @ http://localhost:5173/src/App.jsx:1066
[  936799ms] [ERROR] Failed to load resource: net::ERR_CONNECTION_REFUSED @ http://localhost:8080/api/chat/history?user1=jade_test&user2=kai_test:0
[  936799ms] [LOG] Failed to load chat history @ http://localhost:5173/src/App.jsx:1066
[  938783ms] [ERROR] Failed to load resource: net::ERR_CONNECTION_REFUSED @ http://localhost:8080/api/chat/history?user1=jade_test&user2=kai_test:0
[  938784ms] [LOG] Failed to load chat history @ http://localhost:5173/src/App.jsx:1066
[  938898ms] [ERROR] Failed to load resource: net::ERR_CONNECTION_REFUSED @ http://localhost:8080/api/auth/users:0
[  938898ms] [LOG] Failed to load contacts @ http://localhost:5173/src/App.jsx:1009
[  938899ms] [ERROR] Failed to load resource: net::ERR_CONNECTION_REFUSED @ http://localhost:8080/api/groups/mine?username=jade_test:0
[  938899ms] [LOG] Failed to load groups @ http://localhost:5173/src/App.jsx:1019
[  940781ms] [ERROR] Failed to load resource: net::ERR_CONNECTION_REFUSED @ http://localhost:8080/api/chat/history?user1=jade_test&user2=kai_test:0
[  940781ms] [LOG] Failed to load chat history @ http://localhost:5173/src/App.jsx:1066
[  942783ms] [ERROR] Failed to load resource: net::ERR_CONNECTION_REFUSED @ http://localhost:8080/api/chat/history?user1=jade_test&user2=kai_test:0
[  942783ms] [LOG] Failed to load chat history @ http://localhost:5173/src/App.jsx:1066
[  943903ms] [ERROR] Failed to load resource: net::ERR_CONNECTION_REFUSED @ http://localhost:8080/api/auth/users:0
[  943906ms] [LOG] Failed to load contacts @ http://localhost:5173/src/App.jsx:1009
[  943907ms] [ERROR] Failed to load resource: net::ERR_CONNECTION_REFUSED @ http://localhost:8080/api/groups/mine?username=jade_test:0
[  943907ms] [LOG] Failed to load groups @ http://localhost:5173/src/App.jsx:1019
[  944789ms] [ERROR] Failed to load resource: net::ERR_CONNECTION_REFUSED @ http://localhost:8080/api/chat/history?user1=jade_test&user2=kai_test:0
[  944789ms] [LOG] Failed to load chat history @ http://localhost:5173/src/App.jsx:1066
[  946790ms] [ERROR] Failed to load resource: net::ERR_CONNECTION_REFUSED @ http://localhost:8080/api/chat/history?user1=jade_test&user2=kai_test:0
[  946790ms] [LOG] Failed to load chat history @ http://localhost:5173/src/App.jsx:1066
[  948788ms] [ERROR] Failed to load resource: net::ERR_CONNECTION_REFUSED @ http://localhost:8080/api/chat/history?user1=jade_test&user2=kai_test:0
[  948790ms] [LOG] Failed to load chat history @ http://localhost:5173/src/App.jsx:1066
[  948905ms] [ERROR] Failed to load resource: net::ERR_CONNECTION_REFUSED @ http://localhost:8080/api/auth/users:0
[  948906ms] [LOG] Failed to load contacts @ http://localhost:5173/src/App.jsx:1009
[  948908ms] [ERROR] Failed to load resource: net::ERR_CONNECTION_REFUSED @ http://localhost:8080/api/groups/mine?username=jade_test:0
[  948909ms] [LOG] Failed to load groups @ http://localhost:5173/src/App.jsx:1019
[  950784ms] [ERROR] Failed to load resource: net::ERR_CONNECTION_REFUSED @ http://localhost:8080/api/chat/history?user1=jade_test&user2=kai_test:0
[  950784ms] [LOG] Failed to load chat history @ http://localhost:5173/src/App.jsx:1066
[  952782ms] [ERROR] Failed to load resource: net::ERR_CONNECTION_REFUSED @ http://localhost:8080/api/chat/history?user1=jade_test&user2=kai_test:0
[  952782ms] [LOG] Failed to load chat history @ http://localhost:5173/src/App.jsx:1066
[  953899ms] [ERROR] Failed to load resource: net::ERR_CONNECTION_REFUSED @ http://localhost:8080/api/auth/users:0
[  953899ms] [LOG] Failed to load contacts @ http://localhost:5173/src/App.jsx:1009
[  953900ms] [ERROR] Failed to load resource: net::ERR_CONNECTION_REFUSED @ http://localhost:8080/api/groups/mine?username=jade_test:0
[  953900ms] [LOG] Failed to load groups @ http://localhost:5173/src/App.jsx:1019
[  954785ms] [ERROR] Failed to load resource: net::ERR_CONNECTION_REFUSED @ http://localhost:8080/api/chat/history?user1=jade_test&user2=kai_test:0
[  954786ms] [LOG] Failed to load chat history @ http://localhost:5173/src/App.jsx:1066
[  956794ms] [ERROR] Failed to load resource: net::ERR_CONNECTION_REFUSED @ http://localhost:8080/api/chat/history?user1=jade_test&user2=kai_test:0
[  956794ms] [LOG] Failed to load chat history @ http://localhost:5173/src/App.jsx:1066
[  958789ms] [ERROR] Failed to load resource: net::ERR_CONNECTION_REFUSED @ http://localhost:8080/api/chat/history?user1=jade_test&user2=kai_test:0
[  958789ms] [LOG] Failed to load chat history @ http://localhost:5173/src/App.jsx:1066
[  958896ms] [ERROR] Failed to load resource: net::ERR_CONNECTION_REFUSED @ http://localhost:8080/api/auth/users:0
[  958896ms] [LOG] Failed to load contacts @ http://localhost:5173/src/App.jsx:1009
[  958898ms] [ERROR] Failed to load resource: net::ERR_CONNECTION_REFUSED @ http://localhost:8080/api/groups/mine?username=jade_test:0
[  958898ms] [LOG] Failed to load groups @ http://localhost:5173/src/App.jsx:1019
[  960780ms] [ERROR] Failed to load resource: net::ERR_CONNECTION_REFUSED @ http://localhost:8080/api/chat/history?user1=jade_test&user2=kai_test:0
[  960780ms] [LOG] Failed to load chat history @ http://localhost:5173/src/App.jsx:1066
[  962792ms] [ERROR] Failed to load resource: net::ERR_CONNECTION_REFUSED @ http://localhost:8080/api/chat/history?user1=jade_test&user2=kai_test:0
[  962793ms] [LOG] Failed to load chat history @ http://localhost:5173/src/App.jsx:1066
[  963924ms] [ERROR] Failed to load resource: net::ERR_CONNECTION_REFUSED @ http://localhost:8080/api/auth/users:0
[  963937ms] [LOG] Failed to load contacts @ http://localhost:5173/src/App.jsx:1009
[  963940ms] [ERROR] Failed to load resource: net::ERR_CONNECTION_REFUSED @ http://localhost:8080/api/groups/mine?username=jade_test:0
[  963941ms] [LOG] Failed to load groups @ http://localhost:5173/src/App.jsx:1019
[  965106ms] [ERROR] Failed to load resource: net::ERR_CONNECTION_REFUSED @ http://localhost:8080/api/chat/history?user1=jade_test&user2=kai_test:0
[  965107ms] [LOG] Failed to load chat history @ http://localhost:5173/src/App.jsx:1066
[  966791ms] [ERROR] Failed to load resource: net::ERR_CONNECTION_REFUSED @ http://localhost:8080/api/chat/history?user1=jade_test&user2=kai_test:0
[  966791ms] [LOG] Failed to load chat history @ http://localhost:5173/src/App.jsx:1066
[  968782ms] [ERROR] Failed to load resource: net::ERR_CONNECTION_REFUSED @ http://localhost:8080/api/chat/history?user1=jade_test&user2=kai_test:0
[  968782ms] [LOG] Failed to load chat history @ http://localhost:5173/src/App.jsx:1066
[  968891ms] [ERROR] Failed to load resource: net::ERR_CONNECTION_REFUSED @ http://localhost:8080/api/auth/users:0
[  968892ms] [LOG] Failed to load contacts @ http://localhost:5173/src/App.jsx:1009
[  968893ms] [ERROR] Failed to load resource: net::ERR_CONNECTION_REFUSED @ http://localhost:8080/api/groups/mine?username=jade_test:0
[  968894ms] [LOG] Failed to load groups @ http://localhost:5173/src/App.jsx:1019
[  970783ms] [ERROR] Failed to load resource: net::ERR_CONNECTION_REFUSED @ http://localhost:8080/api/chat/history?user1=jade_test&user2=kai_test:0
[  970784ms] [LOG] Failed to load chat history @ http://localhost:5173/src/App.jsx:1066
[  972783ms] [ERROR] Failed to load resource: net::ERR_CONNECTION_REFUSED @ http://localhost:8080/api/chat/history?user1=jade_test&user2=kai_test:0
[  972783ms] [LOG] Failed to load chat history @ http://localhost:5173/src/App.jsx:1066
[  973944ms] [ERROR] Failed to load resource: net::ERR_CONNECTION_REFUSED @ http://localhost:8080/api/auth/users:0
[  973945ms] [LOG] Failed to load contacts @ http://localhost:5173/src/App.jsx:1009
[  974010ms] [ERROR] Failed to load resource: net::ERR_CONNECTION_REFUSED @ http://localhost:8080/api/groups/mine?username=jade_test:0
[  974011ms] [LOG] Failed to load groups @ http://localhost:5173/src/App.jsx:1019
[  975364ms] [ERROR] Failed to load resource: net::ERR_CONNECTION_REFUSED @ http://localhost:8080/api/chat/history?user1=jade_test&user2=kai_test:0
[  975364ms] [LOG] Failed to load chat history @ http://localhost:5173/src/App.jsx:1066
[  976826ms] [ERROR] Failed to load resource: net::ERR_CONNECTION_REFUSED @ http://localhost:8080/api/chat/history?user1=jade_test&user2=kai_test:0
[  976828ms] [LOG] Failed to load chat history @ http://localhost:5173/src/App.jsx:1066
[  978778ms] [ERROR] Failed to load resource: net::ERR_CONNECTION_REFUSED @ http://localhost:8080/api/chat/history?user1=jade_test&user2=kai_test:0
[  978778ms] [LOG] Failed to load chat history @ http://localhost:5173/src/App.jsx:1066
[  978902ms] [ERROR] Failed to load resource: net::ERR_CONNECTION_REFUSED @ http://localhost:8080/api/auth/users:0
[  978903ms] [LOG] Failed to load contacts @ http://localhost:5173/src/App.jsx:1009
[  978906ms] [ERROR] Failed to load resource: net::ERR_CONNECTION_REFUSED @ http://localhost:8080/api/groups/mine?username=jade_test:0
[  978907ms] [LOG] Failed to load groups @ http://localhost:5173/src/App.jsx:1019
[  980794ms] [ERROR] Failed to load resource: net::ERR_CONNECTION_REFUSED @ http://localhost:8080/api/chat/history?user1=jade_test&user2=kai_test:0
[  980795ms] [LOG] Failed to load chat history @ http://localhost:5173/src/App.jsx:1066
[  982790ms] [ERROR] Failed to load resource: net::ERR_CONNECTION_REFUSED @ http://localhost:8080/api/chat/history?user1=jade_test&user2=kai_test:0
[  982790ms] [LOG] Failed to load chat history @ http://localhost:5173/src/App.jsx:1066
[  983894ms] [ERROR] Failed to load resource: net::ERR_CONNECTION_REFUSED @ http://localhost:8080/api/auth/users:0
[  983894ms] [LOG] Failed to load contacts @ http://localhost:5173/src/App.jsx:1009
[  983896ms] [ERROR] Failed to load resource: net::ERR_CONNECTION_REFUSED @ http://localhost:8080/api/groups/mine?username=jade_test:0
[  983897ms] [LOG] Failed to load groups @ http://localhost:5173/src/App.jsx:1019
[  984834ms] [ERROR] Failed to load resource: net::ERR_CONNECTION_REFUSED @ http://localhost:8080/api/chat/history?user1=jade_test&user2=kai_test:0
[  984834ms] [LOG] Failed to load chat history @ http://localhost:5173/src/App.jsx:1066
[  986786ms] [ERROR] Failed to load resource: net::ERR_CONNECTION_REFUSED @ http://localhost:8080/api/chat/history?user1=jade_test&user2=kai_test:0
[  986786ms] [LOG] Failed to load chat history @ http://localhost:5173/src/App.jsx:1066
[  988781ms] [ERROR] Failed to load resource: net::ERR_CONNECTION_REFUSED @ http://localhost:8080/api/chat/history?user1=jade_test&user2=kai_test:0
[  988782ms] [LOG] Failed to load chat history @ http://localhost:5173/src/App.jsx:1066
[  988895ms] [ERROR] Failed to load resource: net::ERR_CONNECTION_REFUSED @ http://localhost:8080/api/auth/users:0
[  988895ms] [LOG] Failed to load contacts @ http://localhost:5173/src/App.jsx:1009
[  988896ms] [ERROR] Failed to load resource: net::ERR_CONNECTION_REFUSED @ http://localhost:8080/api/groups/mine?username=jade_test:0
[  988896ms] [LOG] Failed to load groups @ http://localhost:5173/src/App.jsx:1019
[  990781ms] [ERROR] Failed to load resource: net::ERR_CONNECTION_REFUSED @ http://localhost:8080/api/chat/history?user1=jade_test&user2=kai_test:0
[  990782ms] [LOG] Failed to load chat history @ http://localhost:5173/src/App.jsx:1066
[  992777ms] [ERROR] Failed to load resource: net::ERR_CONNECTION_REFUSED @ http://localhost:8080/api/chat/history?user1=jade_test&user2=kai_test:0
[  992777ms] [LOG] Failed to load chat history @ http://localhost:5173/src/App.jsx:1066
[  993896ms] [ERROR] Failed to load resource: net::ERR_CONNECTION_REFUSED @ http://localhost:8080/api/auth/users:0
[  993899ms] [LOG] Failed to load contacts @ http://localhost:5173/src/App.jsx:1009
[  993901ms] [ERROR] Failed to load resource: net::ERR_CONNECTION_REFUSED @ http://localhost:8080/api/groups/mine?username=jade_test:0
[  993901ms] [LOG] Failed to load groups @ http://localhost:5173/src/App.jsx:1019
[  994808ms] [ERROR] Failed to load resource: net::ERR_CONNECTION_REFUSED @ http://localhost:8080/api/chat/history?user1=jade_test&user2=kai_test:0
[  994809ms] [LOG] Failed to load chat history @ http://localhost:5173/src/App.jsx:1066
[  996778ms] [ERROR] Failed to load resource: net::ERR_CONNECTION_REFUSED @ http://localhost:8080/api/chat/history?user1=jade_test&user2=kai_test:0
[  996778ms] [LOG] Failed to load chat history @ http://localhost:5173/src/App.jsx:1066
[  998779ms] [ERROR] Failed to load resource: net::ERR_CONNECTION_REFUSED @ http://localhost:8080/api/chat/history?user1=jade_test&user2=kai_test:0
[  998779ms] [LOG] Failed to load chat history @ http://localhost:5173/src/App.jsx:1066
[  998903ms] [ERROR] Failed to load resource: net::ERR_CONNECTION_REFUSED @ http://localhost:8080/api/auth/users:0
[  998903ms] [LOG] Failed to load contacts @ http://localhost:5173/src/App.jsx:1009
[  998903ms] [ERROR] Failed to load resource: net::ERR_CONNECTION_REFUSED @ http://localhost:8080/api/groups/mine?username=jade_test:0
[  998903ms] [LOG] Failed to load groups @ http://localhost:5173/src/App.jsx:1019
[ 1000785ms] [ERROR] Failed to load resource: net::ERR_CONNECTION_REFUSED @ http://localhost:8080/api/chat/history?user1=jade_test&user2=kai_test:0
[ 1000787ms] [LOG] Failed to load chat history @ http://localhost:5173/src/App.jsx:1066
[ 1002789ms] [ERROR] Failed to load resource: net::ERR_CONNECTION_REFUSED @ http://localhost:8080/api/chat/history?user1=jade_test&user2=kai_test:0
[ 1002789ms] [LOG] Failed to load chat history @ http://localhost:5173/src/App.jsx:1066
[ 1003893ms] [ERROR] Failed to load resource: net::ERR_CONNECTION_REFUSED @ http://localhost:8080/api/auth/users:0
[ 1003894ms] [LOG] Failed to load contacts @ http://localhost:5173/src/App.jsx:1009
[ 1003895ms] [ERROR] Failed to load resource: net::ERR_CONNECTION_REFUSED @ http://localhost:8080/api/groups/mine?username=jade_test:0
[ 1003896ms] [LOG] Failed to load groups @ http://localhost:5173/src/App.jsx:1019
[ 1004784ms] [ERROR] Failed to load resource: net::ERR_CONNECTION_REFUSED @ http://localhost:8080/api/chat/history?user1=jade_test&user2=kai_test:0
[ 1004785ms] [LOG] Failed to load chat history @ http://localhost:5173/src/App.jsx:1066
[ 1006791ms] [ERROR] Failed to load resource: net::ERR_CONNECTION_REFUSED @ http://localhost:8080/api/chat/history?user1=jade_test&user2=kai_test:0
[ 1006791ms] [LOG] Failed to load chat history @ http://localhost:5173/src/App.jsx:1066
[ 1008791ms] [ERROR] Failed to load resource: net::ERR_CONNECTION_REFUSED @ http://localhost:8080/api/chat/history?user1=jade_test&user2=kai_test:0
[ 1008791ms] [LOG] Failed to load chat history @ http://localhost:5173/src/App.jsx:1066
[ 1008900ms] [ERROR] Failed to load resource: net::ERR_CONNECTION_REFUSED @ http://localhost:8080/api/auth/users:0
[ 1008900ms] [LOG] Failed to load contacts @ http://localhost:5173/src/App.jsx:1009
[ 1008902ms] [ERROR] Failed to load resource: net::ERR_CONNECTION_REFUSED @ http://localhost:8080/api/groups/mine?username=jade_test:0
[ 1008902ms] [LOG] Failed to load groups @ http://localhost:5173/src/App.jsx:1019
[ 1010785ms] [ERROR] Failed to load resource: net::ERR_CONNECTION_REFUSED @ http://localhost:8080/api/chat/history?user1=jade_test&user2=kai_test:0
[ 1010787ms] [LOG] Failed to load chat history @ http://localhost:5173/src/App.jsx:1066
[ 1012795ms] [ERROR] Failed to load resource: net::ERR_CONNECTION_REFUSED @ http://localhost:8080/api/chat/history?user1=jade_test&user2=kai_test:0
[ 1012796ms] [LOG] Failed to load chat history @ http://localhost:5173/src/App.jsx:1066
[ 1013899ms] [ERROR] Failed to load resource: net::ERR_CONNECTION_REFUSED @ http://localhost:8080/api/auth/users:0
[ 1013900ms] [LOG] Failed to load contacts @ http://localhost:5173/src/App.jsx:1009
[ 1013903ms] [ERROR] Failed to load resource: net::ERR_CONNECTION_REFUSED @ http://localhost:8080/api/groups/mine?username=jade_test:0
[ 1013903ms] [LOG] Failed to load groups @ http://localhost:5173/src/App.jsx:1019
[ 1014785ms] [ERROR] Failed to load resource: net::ERR_CONNECTION_REFUSED @ http://localhost:8080/api/chat/history?user1=jade_test&user2=kai_test:0
[ 1014785ms] [LOG] Failed to load chat history @ http://localhost:5173/src/App.jsx:1066
[ 1016783ms] [ERROR] Failed to load resource: net::ERR_CONNECTION_REFUSED @ http://localhost:8080/api/chat/history?user1=jade_test&user2=kai_test:0
[ 1016783ms] [LOG] Failed to load chat history @ http://localhost:5173/src/App.jsx:1066
[ 1018780ms] [ERROR] Failed to load resource: net::ERR_CONNECTION_REFUSED @ http://localhost:8080/api/chat/history?user1=jade_test&user2=kai_test:0
[ 1018780ms] [LOG] Failed to load chat history @ http://localhost:5173/src/App.jsx:1066
[ 1018889ms] [ERROR] Failed to load resource: net::ERR_CONNECTION_REFUSED @ http://localhost:8080/api/auth/users:0
[ 1018889ms] [LOG] Failed to load contacts @ http://localhost:5173/src/App.jsx:1009
[ 1018891ms] [ERROR] Failed to load resource: net::ERR_CONNECTION_REFUSED @ http://localhost:8080/api/groups/mine?username=jade_test:0
[ 1018891ms] [LOG] Failed to load groups @ http://localhost:5173/src/App.jsx:1019
[ 1020794ms] [ERROR] Failed to load resource: net::ERR_CONNECTION_REFUSED @ http://localhost:8080/api/chat/history?user1=jade_test&user2=kai_test:0
[ 1020794ms] [LOG] Failed to load chat history @ http://localhost:5173/src/App.jsx:1066
[ 1022797ms] [ERROR] Failed to load resource: net::ERR_CONNECTION_REFUSED @ http://localhost:8080/api/chat/history?user1=jade_test&user2=kai_test:0
[ 1022797ms] [LOG] Failed to load chat history @ http://localhost:5173/src/App.jsx:1066
[ 1023893ms] [ERROR] Failed to load resource: net::ERR_CONNECTION_REFUSED @ http://localhost:8080/api/auth/users:0
[ 1023893ms] [LOG] Failed to load contacts @ http://localhost:5173/src/App.jsx:1009
[ 1023895ms] [ERROR] Failed to load resource: net::ERR_CONNECTION_REFUSED @ http://localhost:8080/api/groups/mine?username=jade_test:0
[ 1023895ms] [LOG] Failed to load groups @ http://localhost:5173/src/App.jsx:1019
[ 1024790ms] [ERROR] Failed to load resource: net::ERR_CONNECTION_REFUSED @ http://localhost:8080/api/chat/history?user1=jade_test&user2=kai_test:0
[ 1024790ms] [LOG] Failed to load chat history @ http://localhost:5173/src/App.jsx:1066
[ 1027106ms] [ERROR] Failed to load resource: net::ERR_CONNECTION_REFUSED @ http://localhost:8080/api/chat/history?user1=jade_test&user2=kai_test:0
[ 1027106ms] [LOG] Failed to load chat history @ http://localhost:5173/src/App.jsx:1066
[ 1028932ms] [ERROR] Failed to load resource: net::ERR_CONNECTION_REFUSED @ http://localhost:8080/api/chat/history?user1=jade_test&user2=kai_test:0
[ 1028932ms] [LOG] Failed to load chat history @ http://localhost:5173/src/App.jsx:1066
[ 1028935ms] [ERROR] Failed to load resource: net::ERR_CONNECTION_REFUSED @ http://localhost:8080/api/auth/users:0
[ 1028935ms] [LOG] Failed to load contacts @ http://localhost:5173/src/App.jsx:1009
[ 1028936ms] [ERROR] Failed to load resource: net::ERR_CONNECTION_REFUSED @ http://localhost:8080/api/groups/mine?username=jade_test:0
[ 1028936ms] [LOG] Failed to load groups @ http://localhost:5173/src/App.jsx:1019
[ 1030786ms] [ERROR] Failed to load resource: net::ERR_CONNECTION_REFUSED @ http://localhost:8080/api/chat/history?user1=jade_test&user2=kai_test:0
[ 1030786ms] [LOG] Failed to load chat history @ http://localhost:5173/src/App.jsx:1066
[ 1032789ms] [ERROR] Failed to load resource: net::ERR_CONNECTION_REFUSED @ http://localhost:8080/api/chat/history?user1=jade_test&user2=kai_test:0
[ 1032789ms] [LOG] Failed to load chat history @ http://localhost:5173/src/App.jsx:1066
[ 1033904ms] [ERROR] Failed to load resource: net::ERR_CONNECTION_REFUSED @ http://localhost:8080/api/auth/users:0
[ 1033908ms] [LOG] Failed to load contacts @ http://localhost:5173/src/App.jsx:1009
[ 1033911ms] [ERROR] Failed to load resource: net::ERR_CONNECTION_REFUSED @ http://localhost:8080/api/groups/mine?username=jade_test:0
[ 1033911ms] [LOG] Failed to load groups @ http://localhost:5173/src/App.jsx:1019
[ 1034779ms] [ERROR] Failed to load resource: net::ERR_CONNECTION_REFUSED @ http://localhost:8080/api/chat/history?user1=jade_test&user2=kai_test:0
[ 1034779ms] [LOG] Failed to load chat history @ http://localhost:5173/src/App.jsx:1066
[ 1036790ms] [ERROR] Failed to load resource: net::ERR_CONNECTION_REFUSED @ http://localhost:8080/api/chat/history?user1=jade_test&user2=kai_test:0
[ 1036790ms] [LOG] Failed to load chat history @ http://localhost:5173/src/App.jsx:1066
[ 1038779ms] [ERROR] Failed to load resource: net::ERR_CONNECTION_REFUSED @ http://localhost:8080/api/chat/history?user1=jade_test&user2=kai_test:0
[ 1038780ms] [LOG] Failed to load chat history @ http://localhost:5173/src/App.jsx:1066
[ 1038893ms] [ERROR] Failed to load resource: net::ERR_CONNECTION_REFUSED @ http://localhost:8080/api/auth/users:0
[ 1038894ms] [LOG] Failed to load contacts @ http://localhost:5173/src/App.jsx:1009
[ 1038897ms] [ERROR] Failed to load resource: net::ERR_CONNECTION_REFUSED @ http://localhost:8080/api/groups/mine?username=jade_test:0
[ 1038898ms] [LOG] Failed to load groups @ http://localhost:5173/src/App.jsx:1019
[ 1040787ms] [ERROR] Failed to load resource: net::ERR_CONNECTION_REFUSED @ http://localhost:8080/api/chat/history?user1=jade_test&user2=kai_test:0
[ 1040787ms] [LOG] Failed to load chat history @ http://localhost:5173/src/App.jsx:1066
[ 1042791ms] [ERROR] Failed to load resource: net::ERR_CONNECTION_REFUSED @ http://localhost:8080/api/chat/history?user1=jade_test&user2=kai_test:0
[ 1042791ms] [LOG] Failed to load chat history @ http://localhost:5173/src/App.jsx:1066
[ 1043892ms] [ERROR] Failed to load resource: net::ERR_CONNECTION_REFUSED @ http://localhost:8080/api/auth/users:0
[ 1043893ms] [LOG] Failed to load contacts @ http://localhost:5173/src/App.jsx:1009
[ 1043897ms] [ERROR] Failed to load resource: net::ERR_CONNECTION_REFUSED @ http://localhost:8080/api/groups/mine?username=jade_test:0
[ 1043902ms] [LOG] Failed to load groups @ http://localhost:5173/src/App.jsx:1019
[ 1044783ms] [ERROR] Failed to load resource: net::ERR_CONNECTION_REFUSED @ http://localhost:8080/api/chat/history?user1=jade_test&user2=kai_test:0
[ 1044783ms] [LOG] Failed to load chat history @ http://localhost:5173/src/App.jsx:1066
[ 1046792ms] [ERROR] Failed to load resource: net::ERR_CONNECTION_REFUSED @ http://localhost:8080/api/chat/history?user1=jade_test&user2=kai_test:0
[ 1046792ms] [LOG] Failed to load chat history @ http://localhost:5173/src/App.jsx:1066
[ 1048787ms] [ERROR] Failed to load resource: net::ERR_CONNECTION_REFUSED @ http://localhost:8080/api/chat/history?user1=jade_test&user2=kai_test:0
[ 1048788ms] [LOG] Failed to load chat history @ http://localhost:5173/src/App.jsx:1066
[ 1048901ms] [ERROR] Failed to load resource: net::ERR_CONNECTION_REFUSED @ http://localhost:8080/api/auth/users:0
[ 1048901ms] [LOG] Failed to load contacts @ http://localhost:5173/src/App.jsx:1009
[ 1048903ms] [ERROR] Failed to load resource: net::ERR_CONNECTION_REFUSED @ http://localhost:8080/api/groups/mine?username=jade_test:0
[ 1048904ms] [LOG] Failed to load groups @ http://localhost:5173/src/App.jsx:1019
[ 1050785ms] [ERROR] Failed to load resource: net::ERR_CONNECTION_REFUSED @ http://localhost:8080/api/chat/history?user1=jade_test&user2=kai_test:0
[ 1050785ms] [LOG] Failed to load chat history @ http://localhost:5173/src/App.jsx:1066
[ 1052782ms] [ERROR] Failed to load resource: net::ERR_CONNECTION_REFUSED @ http://localhost:8080/api/chat/history?user1=jade_test&user2=kai_test:0
[ 1052782ms] [LOG] Failed to load chat history @ http://localhost:5173/src/App.jsx:1066
[ 1053905ms] [ERROR] Failed to load resource: net::ERR_CONNECTION_REFUSED @ http://localhost:8080/api/auth/users:0
[ 1053907ms] [LOG] Failed to load contacts @ http://localhost:5173/src/App.jsx:1009
[ 1053908ms] [ERROR] Failed to load resource: net::ERR_CONNECTION_REFUSED @ http://localhost:8080/api/groups/mine?username=jade_test:0
[ 1053911ms] [LOG] Failed to load groups @ http://localhost:5173/src/App.jsx:1019
[ 1054791ms] [ERROR] Failed to load resource: net::ERR_CONNECTION_REFUSED @ http://localhost:8080/api/chat/history?user1=jade_test&user2=kai_test:0
[ 1054791ms] [LOG] Failed to load chat history @ http://localhost:5173/src/App.jsx:1066
[ 1056787ms] [ERROR] Failed to load resource: net::ERR_CONNECTION_REFUSED @ http://localhost:8080/api/chat/history?user1=jade_test&user2=kai_test:0
[ 1056787ms] [LOG] Failed to load chat history @ http://localhost:5173/src/App.jsx:1066
[ 1058966ms] [ERROR] Failed to load resource: net::ERR_CONNECTION_REFUSED @ http://localhost:8080/api/chat/history?user1=jade_test&user2=kai_test:0
[ 1058966ms] [LOG] Failed to load chat history @ http://localhost:5173/src/App.jsx:1066
[ 1058974ms] [ERROR] Failed to load resource: net::ERR_CONNECTION_REFUSED @ http://localhost:8080/api/auth/users:0
[ 1058974ms] [LOG] Failed to load contacts @ http://localhost:5173/src/App.jsx:1009
[ 1058980ms] [ERROR] Failed to load resource: net::ERR_CONNECTION_REFUSED @ http://localhost:8080/api/groups/mine?username=jade_test:0
[ 1058980ms] [LOG] Failed to load groups @ http://localhost:5173/src/App.jsx:1019
[ 1060786ms] [ERROR] Failed to load resource: net::ERR_CONNECTION_REFUSED @ http://localhost:8080/api/chat/history?user1=jade_test&user2=kai_test:0
[ 1060786ms] [LOG] Failed to load chat history @ http://localhost:5173/src/App.jsx:1066
[ 1062779ms] [ERROR] Failed to load resource: net::ERR_CONNECTION_REFUSED @ http://localhost:8080/api/chat/history?user1=jade_test&user2=kai_test:0
[ 1062779ms] [LOG] Failed to load chat history @ http://localhost:5173/src/App.jsx:1066
[ 1063902ms] [ERROR] Failed to load resource: net::ERR_CONNECTION_REFUSED @ http://localhost:8080/api/auth/users:0
[ 1063902ms] [LOG] Failed to load contacts @ http://localhost:5173/src/App.jsx:1009
[ 1063906ms] [ERROR] Failed to load resource: net::ERR_CONNECTION_REFUSED @ http://localhost:8080/api/groups/mine?username=jade_test:0
[ 1063906ms] [LOG] Failed to load groups @ http://localhost:5173/src/App.jsx:1019
[ 1064784ms] [ERROR] Failed to load resource: net::ERR_CONNECTION_REFUSED @ http://localhost:8080/api/chat/history?user1=jade_test&user2=kai_test:0
[ 1064784ms] [LOG] Failed to load chat history @ http://localhost:5173/src/App.jsx:1066
[ 1066784ms] [ERROR] Failed to load resource: net::ERR_CONNECTION_REFUSED @ http://localhost:8080/api/chat/history?user1=jade_test&user2=kai_test:0
[ 1066784ms] [LOG] Failed to load chat history @ http://localhost:5173/src/App.jsx:1066
[ 1068786ms] [ERROR] Failed to load resource: net::ERR_CONNECTION_REFUSED @ http://localhost:8080/api/chat/history?user1=jade_test&user2=kai_test:0
[ 1068786ms] [LOG] Failed to load chat history @ http://localhost:5173/src/App.jsx:1066
[ 1068943ms] [ERROR] Failed to load resource: net::ERR_CONNECTION_REFUSED @ http://localhost:8080/api/auth/users:0
[ 1068943ms] [LOG] Failed to load contacts @ http://localhost:5173/src/App.jsx:1009
[ 1068956ms] [ERROR] Failed to load resource: net::ERR_CONNECTION_REFUSED @ http://localhost:8080/api/groups/mine?username=jade_test:0
[ 1068956ms] [LOG] Failed to load groups @ http://localhost:5173/src/App.jsx:1019
[ 1070780ms] [ERROR] Failed to load resource: net::ERR_CONNECTION_REFUSED @ http://localhost:8080/api/chat/history?user1=jade_test&user2=kai_test:0
[ 1070780ms] [LOG] Failed to load chat history @ http://localhost:5173/src/App.jsx:1066
[ 1072824ms] [ERROR] Failed to load resource: net::ERR_CONNECTION_REFUSED @ http://localhost:8080/api/chat/history?user1=jade_test&user2=kai_test:0
[ 1072824ms] [LOG] Failed to load chat history @ http://localhost:5173/src/App.jsx:1066
[ 1073940ms] [ERROR] Failed to load resource: net::ERR_CONNECTION_REFUSED @ http://localhost:8080/api/auth/users:0
[ 1073942ms] [LOG] Failed to load contacts @ http://localhost:5173/src/App.jsx:1009
[ 1073951ms] [ERROR] Failed to load resource: net::ERR_CONNECTION_REFUSED @ http://localhost:8080/api/groups/mine?username=jade_test:0
[ 1073954ms] [LOG] Failed to load groups @ http://localhost:5173/src/App.jsx:1019
[ 1074792ms] [ERROR] Failed to load resource: net::ERR_CONNECTION_REFUSED @ http://localhost:8080/api/chat/history?user1=jade_test&user2=kai_test:0
[ 1074792ms] [LOG] Failed to load chat history @ http://localhost:5173/src/App.jsx:1066
[ 1076790ms] [ERROR] Failed to load resource: net::ERR_CONNECTION_REFUSED @ http://localhost:8080/api/chat/history?user1=jade_test&user2=kai_test:0
[ 1076790ms] [LOG] Failed to load chat history @ http://localhost:5173/src/App.jsx:1066
[ 1078780ms] [ERROR] Failed to load resource: net::ERR_CONNECTION_REFUSED @ http://localhost:8080/api/chat/history?user1=jade_test&user2=kai_test:0
[ 1078780ms] [LOG] Failed to load chat history @ http://localhost:5173/src/App.jsx:1066
[ 1079711ms] [ERROR] Failed to load resource: net::ERR_CONNECTION_REFUSED @ http://localhost:8080/api/auth/users:0
[ 1079748ms] [LOG] Failed to load contacts @ http://localhost:5173/src/App.jsx:1009
[ 1079760ms] [ERROR] Failed to load resource: net::ERR_CONNECTION_REFUSED @ http://localhost:8080/api/groups/mine?username=jade_test:0
[ 1079763ms] [LOG] Failed to load groups @ http://localhost:5173/src/App.jsx:1019
[ 1080783ms] [ERROR] Failed to load resource: net::ERR_CONNECTION_REFUSED @ http://localhost:8080/api/chat/history?user1=jade_test&user2=kai_test:0
[ 1080783ms] [LOG] Failed to load chat history @ http://localhost:5173/src/App.jsx:1066
[ 1083069ms] [ERROR] Failed to load resource: net::ERR_CONNECTION_REFUSED @ http://localhost:8080/api/chat/history?user1=jade_test&user2=kai_test:0
[ 1083071ms] [LOG] Failed to load chat history @ http://localhost:5173/src/App.jsx:1066
[ 1083894ms] [ERROR] Failed to load resource: net::ERR_CONNECTION_REFUSED @ http://localhost:8080/api/auth/users:0
[ 1083894ms] [LOG] Failed to load contacts @ http://localhost:5173/src/App.jsx:1009
[ 1083898ms] [ERROR] Failed to load resource: net::ERR_CONNECTION_REFUSED @ http://localhost:8080/api/groups/mine?username=jade_test:0
[ 1083898ms] [LOG] Failed to load groups @ http://localhost:5173/src/App.jsx:1019
[ 1084783ms] [ERROR] Failed to load resource: net::ERR_CONNECTION_REFUSED @ http://localhost:8080/api/chat/history?user1=jade_test&user2=kai_test:0
[ 1084783ms] [LOG] Failed to load chat history @ http://localhost:5173/src/App.jsx:1066
[ 1087003ms] [ERROR] Failed to load resource: net::ERR_CONNECTION_REFUSED @ http://localhost:8080/api/chat/history?user1=jade_test&user2=kai_test:0
[ 1087003ms] [LOG] Failed to load chat history @ http://localhost:5173/src/App.jsx:1066
[ 1088778ms] [ERROR] Failed to load resource: net::ERR_CONNECTION_REFUSED @ http://localhost:8080/api/chat/history?user1=jade_test&user2=kai_test:0
[ 1088778ms] [LOG] Failed to load chat history @ http://localhost:5173/src/App.jsx:1066
[ 1088906ms] [ERROR] Failed to load resource: net::ERR_CONNECTION_REFUSED @ http://localhost:8080/api/auth/users:0
[ 1088908ms] [LOG] Failed to load contacts @ http://localhost:5173/src/App.jsx:1009
[ 1088912ms] [ERROR] Failed to load resource: net::ERR_CONNECTION_REFUSED @ http://localhost:8080/api/groups/mine?username=jade_test:0
[ 1088912ms] [LOG] Failed to load groups @ http://localhost:5173/src/App.jsx:1019
[ 1091102ms] [ERROR] Failed to load resource: net::ERR_CONNECTION_REFUSED @ http://localhost:8080/api/chat/history?user1=jade_test&user2=kai_test:0
[ 1091103ms] [LOG] Failed to load chat history @ http://localhost:5173/src/App.jsx:1066
[ 1092786ms] [ERROR] Failed to load resource: net::ERR_CONNECTION_REFUSED @ http://localhost:8080/api/chat/history?user1=jade_test&user2=kai_test:0
[ 1092795ms] [LOG] Failed to load chat history @ http://localhost:5173/src/App.jsx:1066
[ 1093899ms] [ERROR] Failed to load resource: net::ERR_CONNECTION_REFUSED @ http://localhost:8080/api/auth/users:0
[ 1093899ms] [LOG] Failed to load contacts @ http://localhost:5173/src/App.jsx:1009
[ 1093901ms] [ERROR] Failed to load resource: net::ERR_CONNECTION_REFUSED @ http://localhost:8080/api/groups/mine?username=jade_test:0
[ 1093902ms] [LOG] Failed to load groups @ http://localhost:5173/src/App.jsx:1019
[ 1094816ms] [ERROR] Failed to load resource: net::ERR_CONNECTION_REFUSED @ http://localhost:8080/api/chat/history?user1=jade_test&user2=kai_test:0
[ 1094817ms] [LOG] Failed to load chat history @ http://localhost:5173/src/App.jsx:1066
[ 1096781ms] [ERROR] Failed to load resource: net::ERR_CONNECTION_REFUSED @ http://localhost:8080/api/chat/history?user1=jade_test&user2=kai_test:0
[ 1096782ms] [LOG] Failed to load chat history @ http://localhost:5173/src/App.jsx:1066
[ 1099135ms] [ERROR] Failed to load resource: net::ERR_CONNECTION_REFUSED @ http://localhost:8080/api/chat/history?user1=jade_test&user2=kai_test:0
[ 1099138ms] [LOG] Failed to load chat history @ http://localhost:5173/src/App.jsx:1066
[ 1099142ms] [ERROR] Failed to load resource: net::ERR_CONNECTION_REFUSED @ http://localhost:8080/api/auth/users:0
[ 1099143ms] [LOG] Failed to load contacts @ http://localhost:5173/src/App.jsx:1009
[ 1099143ms] [ERROR] Failed to load resource: net::ERR_CONNECTION_REFUSED @ http://localhost:8080/api/groups/mine?username=jade_test:0
[ 1099144ms] [LOG] Failed to load groups @ http://localhost:5173/src/App.jsx:1019
[ 1101831ms] [ERROR] Failed to load resource: net::ERR_CONNECTION_REFUSED @ http://localhost:8080/api/chat/history?user1=jade_test&user2=kai_test:0
[ 1101831ms] [LOG] Failed to load chat history @ http://localhost:5173/src/App.jsx:1066
[ 1102931ms] [ERROR] Failed to load resource: net::ERR_CONNECTION_REFUSED @ http://localhost:8080/api/chat/history?user1=jade_test&user2=kai_test:0
[ 1102932ms] [LOG] Failed to load chat history @ http://localhost:5173/src/App.jsx:1066
[ 1103972ms] [ERROR] Failed to load resource: net::ERR_CONNECTION_REFUSED @ http://localhost:8080/api/auth/users:0
[ 1103972ms] [LOG] Failed to load contacts @ http://localhost:5173/src/App.jsx:1009
[ 1103972ms] [ERROR] Failed to load resource: net::ERR_CONNECTION_REFUSED @ http://localhost:8080/api/groups/mine?username=jade_test:0
[ 1103972ms] [LOG] Failed to load groups @ http://localhost:5173/src/App.jsx:1019
[ 1105109ms] [ERROR] Failed to load resource: net::ERR_CONNECTION_REFUSED @ http://localhost:8080/api/chat/history?user1=jade_test&user2=kai_test:0
[ 1105109ms] [LOG] Failed to load chat history @ http://localhost:5173/src/App.jsx:1066
[ 1110819ms] [ERROR] Failed to load resource: net::ERR_CONNECTION_REFUSED @ http://localhost:8080/api/chat/history?user1=jade_test&user2=kai_test:0
[ 1110820ms] [LOG] Failed to load chat history @ http://localhost:5173/src/App.jsx:1066
[ 1110831ms] [ERROR] Failed to load resource: net::ERR_CONNECTION_REFUSED @ http://localhost:8080/api/chat/history?user1=jade_test&user2=kai_test:0
[ 1110832ms] [LOG] Failed to load chat history @ http://localhost:5173/src/App.jsx:1066
[ 1110840ms] [ERROR] Failed to load resource: net::ERR_CONNECTION_REFUSED @ http://localhost:8080/api/auth/users:0
[ 1110840ms] [LOG] Failed to load contacts @ http://localhost:5173/src/App.jsx:1009
[ 1110843ms] [ERROR] Failed to load resource: net::ERR_CONNECTION_REFUSED @ http://localhost:8080/api/groups/mine?username=jade_test:0
[ 1110844ms] [LOG] Failed to load groups @ http://localhost:5173/src/App.jsx:1019
[ 1110845ms] [ERROR] Failed to load resource: net::ERR_CONNECTION_REFUSED @ http://localhost:8080/api/chat/history?user1=jade_test&user2=kai_test:0
[ 1110847ms] [LOG] Failed to load chat history @ http://localhost:5173/src/App.jsx:1066
[ 1114650ms] [ERROR] Failed to load resource: net::ERR_CONNECTION_REFUSED @ http://localhost:8080/api/chat/history?user1=jade_test&user2=kai_test:0
[ 1114652ms] [LOG] Failed to load chat history @ http://localhost:5173/src/App.jsx:1066
[ 1114677ms] [ERROR] Failed to load resource: net::ERR_CONNECTION_REFUSED @ http://localhost:8080/api/auth/users:0
[ 1114683ms] [LOG] Failed to load contacts @ http://localhost:5173/src/App.jsx:1009
[ 1114799ms] [ERROR] Failed to load resource: net::ERR_CONNECTION_REFUSED @ http://localhost:8080/api/groups/mine?username=jade_test:0
[ 1114799ms] [LOG] Failed to load groups @ http://localhost:5173/src/App.jsx:1019
[ 1114835ms] [ERROR] Failed to load resource: net::ERR_CONNECTION_REFUSED @ http://localhost:8080/api/chat/history?user1=jade_test&user2=kai_test:0
[ 1114842ms] [LOG] Failed to load chat history @ http://localhost:5173/src/App.jsx:1066
[ 1116783ms] [ERROR] Failed to load resource: net::ERR_CONNECTION_REFUSED @ http://localhost:8080/api/chat/history?user1=jade_test&user2=kai_test:0
[ 1116783ms] [LOG] Failed to load chat history @ http://localhost:5173/src/App.jsx:1066
[ 1119012ms] [ERROR] Failed to load resource: net::ERR_CONNECTION_REFUSED @ http://localhost:8080/api/chat/history?user1=jade_test&user2=kai_test:0
[ 1119012ms] [LOG] Failed to load chat history @ http://localhost:5173/src/App.jsx:1066
[ 1119029ms] [ERROR] Failed to load resource: net::ERR_CONNECTION_REFUSED @ http://localhost:8080/api/auth/users:0
[ 1119029ms] [LOG] Failed to load contacts @ http://localhost:5173/src/App.jsx:1009
[ 1119062ms] [ERROR] Failed to load resource: net::ERR_CONNECTION_REFUSED @ http://localhost:8080/api/groups/mine?username=jade_test:0
[ 1119062ms] [LOG] Failed to load groups @ http://localhost:5173/src/App.jsx:1019
[ 1120842ms] [ERROR] Failed to load resource: net::ERR_CONNECTION_REFUSED @ http://localhost:8080/api/chat/history?user1=jade_test&user2=kai_test:0
[ 1120843ms] [LOG] Failed to load chat history @ http://localhost:5173/src/App.jsx:1066
[ 1124990ms] [ERROR] Failed to load resource: net::ERR_CONNECTION_REFUSED @ http://localhost:8080/api/chat/history?user1=jade_test&user2=kai_test:0
[ 1124990ms] [LOG] Failed to load chat history @ http://localhost:5173/src/App.jsx:1066
[ 1124995ms] [ERROR] Failed to load resource: net::ERR_CONNECTION_REFUSED @ http://localhost:8080/api/auth/users:0
[ 1124995ms] [LOG] Failed to load contacts @ http://localhost:5173/src/App.jsx:1009
[ 1124998ms] [ERROR] Failed to load resource: net::ERR_CONNECTION_REFUSED @ http://localhost:8080/api/groups/mine?username=jade_test:0
[ 1124998ms] [LOG] Failed to load groups @ http://localhost:5173/src/App.jsx:1019
[ 1125001ms] [ERROR] Failed to load resource: net::ERR_CONNECTION_REFUSED @ http://localhost:8080/api/chat/history?user1=jade_test&user2=kai_test:0
[ 1125001ms] [LOG] Failed to load chat history @ http://localhost:5173/src/App.jsx:1066
[ 1127142ms] [ERROR] Failed to load resource: net::ERR_CONNECTION_REFUSED @ http://localhost:8080/api/chat/history?user1=jade_test&user2=kai_test:0
[ 1127143ms] [LOG] Failed to load chat history @ http://localhost:5173/src/App.jsx:1066
[ 1129608ms] [ERROR] Failed to load resource: net::ERR_CONNECTION_REFUSED @ http://localhost:8080/api/chat/history?user1=jade_test&user2=kai_test:0
[ 1129611ms] [LOG] Failed to load chat history @ http://localhost:5173/src/App.jsx:1066
[ 1129613ms] [ERROR] Failed to load resource: net::ERR_CONNECTION_REFUSED @ http://localhost:8080/api/auth/users:0
[ 1129614ms] [LOG] Failed to load contacts @ http://localhost:5173/src/App.jsx:1009
[ 1129616ms] [ERROR] Failed to load resource: net::ERR_CONNECTION_REFUSED @ http://localhost:8080/api/groups/mine?username=jade_test:0
[ 1129617ms] [LOG] Failed to load groups @ http://localhost:5173/src/App.jsx:1019
[ 1130916ms] [ERROR] Failed to load resource: net::ERR_CONNECTION_REFUSED @ http://localhost:8080/api/chat/history?user1=jade_test&user2=kai_test:0
[ 1130916ms] [LOG] Failed to load chat history @ http://localhost:5173/src/App.jsx:1066
[ 1133385ms] [ERROR] Failed to load resource: net::ERR_CONNECTION_REFUSED @ http://localhost:8080/api/chat/history?user1=jade_test&user2=kai_test:0
[ 1133385ms] [LOG] Failed to load chat history @ http://localhost:5173/src/App.jsx:1066
[ 1133907ms] [ERROR] Failed to load resource: net::ERR_CONNECTION_REFUSED @ http://localhost:8080/api/auth/users:0
[ 1133910ms] [LOG] Failed to load contacts @ http://localhost:5173/src/App.jsx:1009
[ 1133912ms] [ERROR] Failed to load resource: net::ERR_CONNECTION_REFUSED @ http://localhost:8080/api/groups/mine?username=jade_test:0
[ 1133913ms] [LOG] Failed to load groups @ http://localhost:5173/src/App.jsx:1019
[ 1136039ms] [ERROR] Failed to load resource: net::ERR_CONNECTION_REFUSED @ http://localhost:8080/api/chat/history?user1=jade_test&user2=kai_test:0
[ 1136046ms] [LOG] Failed to load chat history @ http://localhost:5173/src/App.jsx:1066
[ 1137532ms] [ERROR] Failed to load resource: net::ERR_CONNECTION_REFUSED @ http://localhost:8080/api/chat/history?user1=jade_test&user2=kai_test:0
[ 1137532ms] [LOG] Failed to load chat history @ http://localhost:5173/src/App.jsx:1066
[ 1138789ms] [ERROR] Failed to load resource: net::ERR_CONNECTION_REFUSED @ http://localhost:8080/api/chat/history?user1=jade_test&user2=kai_test:0
[ 1138789ms] [LOG] Failed to load chat history @ http://localhost:5173/src/App.jsx:1066
[ 1138900ms] [ERROR] Failed to load resource: net::ERR_CONNECTION_REFUSED @ http://localhost:8080/api/auth/users:0
[ 1138908ms] [LOG] Failed to load contacts @ http://localhost:5173/src/App.jsx:1009
[ 1138910ms] [ERROR] Failed to load resource: net::ERR_CONNECTION_REFUSED @ http://localhost:8080/api/groups/mine?username=jade_test:0
[ 1138910ms] [LOG] Failed to load groups @ http://localhost:5173/src/App.jsx:1019
[ 1140797ms] [ERROR] Failed to load resource: net::ERR_CONNECTION_REFUSED @ http://localhost:8080/api/chat/history?user1=jade_test&user2=kai_test:0
[ 1140797ms] [LOG] Failed to load chat history @ http://localhost:5173/src/App.jsx:1066
[ 1142790ms] [ERROR] Failed to load resource: net::ERR_CONNECTION_REFUSED @ http://localhost:8080/api/chat/history?user1=jade_test&user2=kai_test:0
[ 1142791ms] [LOG] Failed to load chat history @ http://localhost:5173/src/App.jsx:1066
[ 1143896ms] [ERROR] Failed to load resource: net::ERR_CONNECTION_REFUSED @ http://localhost:8080/api/auth/users:0
[ 1143896ms] [LOG] Failed to load contacts @ http://localhost:5173/src/App.jsx:1009
[ 1143898ms] [ERROR] Failed to load resource: net::ERR_CONNECTION_REFUSED @ http://localhost:8080/api/groups/mine?username=jade_test:0
[ 1143899ms] [LOG] Failed to load groups @ http://localhost:5173/src/App.jsx:1019
[ 1144792ms] [ERROR] Failed to load resource: net::ERR_CONNECTION_REFUSED @ http://localhost:8080/api/chat/history?user1=jade_test&user2=kai_test:0
[ 1144792ms] [LOG] Failed to load chat history @ http://localhost:5173/src/App.jsx:1066
[ 1146787ms] [ERROR] Failed to load resource: net::ERR_CONNECTION_REFUSED @ http://localhost:8080/api/chat/history?user1=jade_test&user2=kai_test:0
[ 1146787ms] [LOG] Failed to load chat history @ http://localhost:5173/src/App.jsx:1066
[ 1148790ms] [ERROR] Failed to load resource: net::ERR_CONNECTION_REFUSED @ http://localhost:8080/api/chat/history?user1=jade_test&user2=kai_test:0
[ 1148790ms] [LOG] Failed to load chat history @ http://localhost:5173/src/App.jsx:1066
[ 1148904ms] [ERROR] Failed to load resource: net::ERR_CONNECTION_REFUSED @ http://localhost:8080/api/auth/users:0
[ 1148908ms] [LOG] Failed to load contacts @ http://localhost:5173/src/App.jsx:1009
[ 1148910ms] [ERROR] Failed to load resource: net::ERR_CONNECTION_REFUSED @ http://localhost:8080/api/groups/mine?username=jade_test:0
[ 1148913ms] [LOG] Failed to load groups @ http://localhost:5173/src/App.jsx:1019
[ 1150793ms] [ERROR] Failed to load resource: net::ERR_CONNECTION_REFUSED @ http://localhost:8080/api/chat/history?user1=jade_test&user2=kai_test:0
[ 1150793ms] [LOG] Failed to load chat history @ http://localhost:5173/src/App.jsx:1066
[ 1152784ms] [ERROR] Failed to load resource: net::ERR_CONNECTION_REFUSED @ http://localhost:8080/api/chat/history?user1=jade_test&user2=kai_test:0
[ 1152785ms] [LOG] Failed to load chat history @ http://localhost:5173/src/App.jsx:1066
[ 1153891ms] [ERROR] Failed to load resource: net::ERR_CONNECTION_REFUSED @ http://localhost:8080/api/auth/users:0
[ 1153892ms] [LOG] Failed to load contacts @ http://localhost:5173/src/App.jsx:1009
[ 1153893ms] [ERROR] Failed to load resource: net::ERR_CONNECTION_REFUSED @ http://localhost:8080/api/groups/mine?username=jade_test:0
[ 1153895ms] [LOG] Failed to load groups @ http://localhost:5173/src/App.jsx:1019
[ 1154780ms] [ERROR] Failed to load resource: net::ERR_CONNECTION_REFUSED @ http://localhost:8080/api/chat/history?user1=jade_test&user2=kai_test:0
[ 1154781ms] [LOG] Failed to load chat history @ http://localhost:5173/src/App.jsx:1066
[ 1156789ms] [ERROR] Failed to load resource: net::ERR_CONNECTION_REFUSED @ http://localhost:8080/api/chat/history?user1=jade_test&user2=kai_test:0
[ 1156790ms] [LOG] Failed to load chat history @ http://localhost:5173/src/App.jsx:1066
[ 1158787ms] [ERROR] Failed to load resource: net::ERR_CONNECTION_REFUSED @ http://localhost:8080/api/chat/history?user1=jade_test&user2=kai_test:0
[ 1158787ms] [LOG] Failed to load chat history @ http://localhost:5173/src/App.jsx:1066
[ 1158897ms] [ERROR] Failed to load resource: net::ERR_CONNECTION_REFUSED @ http://localhost:8080/api/auth/users:0
[ 1158898ms] [LOG] Failed to load contacts @ http://localhost:5173/src/App.jsx:1009
[ 1158900ms] [ERROR] Failed to load resource: net::ERR_CONNECTION_REFUSED @ http://localhost:8080/api/groups/mine?username=jade_test:0
[ 1158900ms] [LOG] Failed to load groups @ http://localhost:5173/src/App.jsx:1019
[ 1169956ms] [ERROR] Failed to load resource: net::ERR_CONNECTION_REFUSED @ http://localhost:8080/api/chat/history?user1=jade_test&user2=kai_test:0
[ 1169956ms] [LOG] Failed to load chat history @ http://localhost:5173/src/App.jsx:1066
[ 1169990ms] [ERROR] Failed to load resource: net::ERR_CONNECTION_REFUSED @ http://localhost:8080/api/auth/users:0
[ 1169991ms] [LOG] Failed to load contacts @ http://localhost:5173/src/App.jsx:1009
[ 1169991ms] [ERROR] Failed to load resource: net::ERR_CONNECTION_REFUSED @ http://localhost:8080/api/groups/mine?username=jade_test:0
[ 1169991ms] [LOG] Failed to load groups @ http://localhost:5173/src/App.jsx:1019
[ 1169993ms] [ERROR] Failed to load resource: net::ERR_CONNECTION_REFUSED @ http://localhost:8080/api/chat/history?user1=jade_test&user2=kai_test:0
[ 1169993ms] [LOG] Failed to load chat history @ http://localhost:5173/src/App.jsx:1066
[ 1169993ms] [ERROR] Failed to load resource: net::ERR_CONNECTION_REFUSED @ http://localhost:8080/api/chat/history?user1=jade_test&user2=kai_test:0
[ 1169993ms] [LOG] Failed to load chat history @ http://localhost:5173/src/App.jsx:1066
[ 1169993ms] [ERROR] Failed to load resource: net::ERR_CONNECTION_REFUSED @ http://localhost:8080/api/auth/users:0
[ 1169993ms] [LOG] Failed to load contacts @ http://localhost:5173/src/App.jsx:1009
[ 1169994ms] [ERROR] Failed to load resource: net::ERR_CONNECTION_REFUSED @ http://localhost:8080/api/groups/mine?username=jade_test:0
[ 1169994ms] [LOG] Failed to load groups @ http://localhost:5173/src/App.jsx:1019
[ 1171954ms] [ERROR] Failed to load resource: net::ERR_CONNECTION_REFUSED @ http://localhost:8080/api/chat/history?user1=jade_test&user2=kai_test:0
[ 1171954ms] [LOG] Failed to load chat history @ http://localhost:5173/src/App.jsx:1066
[ 1172880ms] [ERROR] Failed to load resource: net::ERR_CONNECTION_REFUSED @ http://localhost:8080/api/chat/history?user1=jade_test&user2=kai_test:0
[ 1172880ms] [LOG] Failed to load chat history @ http://localhost:5173/src/App.jsx:1066
[ 1174151ms] [ERROR] Failed to load resource: net::ERR_CONNECTION_REFUSED @ http://localhost:8080/api/auth/users:0
[ 1174151ms] [LOG] Failed to load contacts @ http://localhost:5173/src/App.jsx:1009
[ 1174152ms] [ERROR] Failed to load resource: net::ERR_CONNECTION_REFUSED @ http://localhost:8080/api/groups/mine?username=jade_test:0
[ 1174152ms] [LOG] Failed to load groups @ http://localhost:5173/src/App.jsx:1019
[ 1174787ms] [ERROR] Failed to load resource: net::ERR_CONNECTION_REFUSED @ http://localhost:8080/api/chat/history?user1=jade_test&user2=kai_test:0
[ 1174787ms] [LOG] Failed to load chat history @ http://localhost:5173/src/App.jsx:1066
[ 1176787ms] [ERROR] Failed to load resource: net::ERR_CONNECTION_REFUSED @ http://localhost:8080/api/chat/history?user1=jade_test&user2=kai_test:0
[ 1176788ms] [LOG] Failed to load chat history @ http://localhost:5173/src/App.jsx:1066
[ 1178795ms] [ERROR] Failed to load resource: net::ERR_CONNECTION_REFUSED @ http://localhost:8080/api/chat/history?user1=jade_test&user2=kai_test:0
[ 1178795ms] [LOG] Failed to load chat history @ http://localhost:5173/src/App.jsx:1066
[ 1178925ms] [ERROR] Failed to load resource: net::ERR_CONNECTION_REFUSED @ http://localhost:8080/api/auth/users:0
[ 1178925ms] [LOG] Failed to load contacts @ http://localhost:5173/src/App.jsx:1009
[ 1178925ms] [ERROR] Failed to load resource: net::ERR_CONNECTION_REFUSED @ http://localhost:8080/api/groups/mine?username=jade_test:0
[ 1178925ms] [LOG] Failed to load groups @ http://localhost:5173/src/App.jsx:1019
[ 1180886ms] [ERROR] Failed to load resource: net::ERR_CONNECTION_REFUSED @ http://localhost:8080/api/chat/history?user1=jade_test&user2=kai_test:0
[ 1180887ms] [LOG] Failed to load chat history @ http://localhost:5173/src/App.jsx:1066
[ 1182781ms] [ERROR] Failed to load resource: net::ERR_CONNECTION_REFUSED @ http://localhost:8080/api/chat/history?user1=jade_test&user2=kai_test:0
[ 1182781ms] [LOG] Failed to load chat history @ http://localhost:5173/src/App.jsx:1066
[ 1183893ms] [ERROR] Failed to load resource: net::ERR_CONNECTION_REFUSED @ http://localhost:8080/api/auth/users:0
[ 1183909ms] [LOG] Failed to load contacts @ http://localhost:5173/src/App.jsx:1009
[ 1183921ms] [ERROR] Failed to load resource: net::ERR_CONNECTION_REFUSED @ http://localhost:8080/api/groups/mine?username=jade_test:0
[ 1183923ms] [LOG] Failed to load groups @ http://localhost:5173/src/App.jsx:1019
[ 1184864ms] [ERROR] Failed to load resource: net::ERR_CONNECTION_REFUSED @ http://localhost:8080/api/chat/history?user1=jade_test&user2=kai_test:0
[ 1184865ms] [LOG] Failed to load chat history @ http://localhost:5173/src/App.jsx:1066
[ 1186788ms] [ERROR] Failed to load resource: net::ERR_CONNECTION_REFUSED @ http://localhost:8080/api/chat/history?user1=jade_test&user2=kai_test:0
[ 1186788ms] [LOG] Failed to load chat history @ http://localhost:5173/src/App.jsx:1066
[ 1188787ms] [ERROR] Failed to load resource: net::ERR_CONNECTION_REFUSED @ http://localhost:8080/api/chat/history?user1=jade_test&user2=kai_test:0
[ 1188790ms] [LOG] Failed to load chat history @ http://localhost:5173/src/App.jsx:1066
[ 1188890ms] [ERROR] Failed to load resource: net::ERR_CONNECTION_REFUSED @ http://localhost:8080/api/auth/users:0
[ 1188890ms] [LOG] Failed to load contacts @ http://localhost:5173/src/App.jsx:1009
[ 1188893ms] [ERROR] Failed to load resource: net::ERR_CONNECTION_REFUSED @ http://localhost:8080/api/groups/mine?username=jade_test:0
[ 1188893ms] [LOG] Failed to load groups @ http://localhost:5173/src/App.jsx:1019
[ 1190814ms] [ERROR] Failed to load resource: net::ERR_CONNECTION_REFUSED @ http://localhost:8080/api/chat/history?user1=jade_test&user2=kai_test:0
[ 1190814ms] [LOG] Failed to load chat history @ http://localhost:5173/src/App.jsx:1066
[ 1192793ms] [ERROR] Failed to load resource: net::ERR_CONNECTION_REFUSED @ http://localhost:8080/api/chat/history?user1=jade_test&user2=kai_test:0
[ 1192794ms] [LOG] Failed to load chat history @ http://localhost:5173/src/App.jsx:1066
[ 1193899ms] [ERROR] Failed to load resource: net::ERR_CONNECTION_REFUSED @ http://localhost:8080/api/auth/users:0
[ 1193899ms] [LOG] Failed to load contacts @ http://localhost:5173/src/App.jsx:1009
[ 1193901ms] [ERROR] Failed to load resource: net::ERR_CONNECTION_REFUSED @ http://localhost:8080/api/groups/mine?username=jade_test:0
[ 1193903ms] [LOG] Failed to load groups @ http://localhost:5173/src/App.jsx:1019
[ 1194787ms] [ERROR] Failed to load resource: net::ERR_CONNECTION_REFUSED @ http://localhost:8080/api/chat/history?user1=jade_test&user2=kai_test:0
[ 1194787ms] [LOG] Failed to load chat history @ http://localhost:5173/src/App.jsx:1066
[ 1196792ms] [ERROR] Failed to load resource: net::ERR_CONNECTION_REFUSED @ http://localhost:8080/api/chat/history?user1=jade_test&user2=kai_test:0
[ 1196793ms] [LOG] Failed to load chat history @ http://localhost:5173/src/App.jsx:1066
[ 1198789ms] [ERROR] Failed to load resource: net::ERR_CONNECTION_REFUSED @ http://localhost:8080/api/chat/history?user1=jade_test&user2=kai_test:0
[ 1198789ms] [LOG] Failed to load chat history @ http://localhost:5173/src/App.jsx:1066
[ 1198896ms] [ERROR] Failed to load resource: net::ERR_CONNECTION_REFUSED @ http://localhost:8080/api/auth/users:0
[ 1198896ms] [LOG] Failed to load contacts @ http://localhost:5173/src/App.jsx:1009
[ 1198897ms] [ERROR] Failed to load resource: net::ERR_CONNECTION_REFUSED @ http://localhost:8080/api/groups/mine?username=jade_test:0
[ 1198899ms] [LOG] Failed to load groups @ http://localhost:5173/src/App.jsx:1019
[ 1200785ms] [ERROR] Failed to load resource: net::ERR_CONNECTION_REFUSED @ http://localhost:8080/api/chat/history?user1=jade_test&user2=kai_test:0
[ 1200785ms] [LOG] Failed to load chat history @ http://localhost:5173/src/App.jsx:1066
[ 1202815ms] [ERROR] Failed to load resource: net::ERR_CONNECTION_REFUSED @ http://localhost:8080/api/chat/history?user1=jade_test&user2=kai_test:0
[ 1202821ms] [LOG] Failed to load chat history @ http://localhost:5173/src/App.jsx:1066
[ 1203892ms] [ERROR] Failed to load resource: net::ERR_CONNECTION_REFUSED @ http://localhost:8080/api/auth/users:0
[ 1203892ms] [LOG] Failed to load contacts @ http://localhost:5173/src/App.jsx:1009
[ 1203894ms] [ERROR] Failed to load resource: net::ERR_CONNECTION_REFUSED @ http://localhost:8080/api/groups/mine?username=jade_test:0
[ 1203895ms] [LOG] Failed to load groups @ http://localhost:5173/src/App.jsx:1019
[ 1204787ms] [ERROR] Failed to load resource: net::ERR_CONNECTION_REFUSED @ http://localhost:8080/api/chat/history?user1=jade_test&user2=kai_test:0
[ 1204787ms] [LOG] Failed to load chat history @ http://localhost:5173/src/App.jsx:1066
[ 1206778ms] [ERROR] Failed to load resource: net::ERR_CONNECTION_REFUSED @ http://localhost:8080/api/chat/history?user1=jade_test&user2=kai_test:0
[ 1206778ms] [LOG] Failed to load chat history @ http://localhost:5173/src/App.jsx:1066
[ 1208783ms] [ERROR] Failed to load resource: net::ERR_CONNECTION_REFUSED @ http://localhost:8080/api/chat/history?user1=jade_test&user2=kai_test:0
[ 1208783ms] [LOG] Failed to load chat history @ http://localhost:5173/src/App.jsx:1066
[ 1208891ms] [ERROR] Failed to load resource: net::ERR_CONNECTION_REFUSED @ http://localhost:8080/api/auth/users:0
[ 1208894ms] [LOG] Failed to load contacts @ http://localhost:5173/src/App.jsx:1009
[ 1208898ms] [ERROR] Failed to load resource: net::ERR_CONNECTION_REFUSED @ http://localhost:8080/api/groups/mine?username=jade_test:0
[ 1208902ms] [LOG] Failed to load groups @ http://localhost:5173/src/App.jsx:1019
[ 1210783ms] [ERROR] Failed to load resource: net::ERR_CONNECTION_REFUSED @ http://localhost:8080/api/chat/history?user1=jade_test&user2=kai_test:0
[ 1210783ms] [LOG] Failed to load chat history @ http://localhost:5173/src/App.jsx:1066
[ 1212787ms] [ERROR] Failed to load resource: net::ERR_CONNECTION_REFUSED @ http://localhost:8080/api/chat/history?user1=jade_test&user2=kai_test:0
[ 1212787ms] [LOG] Failed to load chat history @ http://localhost:5173/src/App.jsx:1066
[ 1213895ms] [ERROR] Failed to load resource: net::ERR_CONNECTION_REFUSED @ http://localhost:8080/api/auth/users:0
[ 1213896ms] [LOG] Failed to load contacts @ http://localhost:5173/src/App.jsx:1009
[ 1213897ms] [ERROR] Failed to load resource: net::ERR_CONNECTION_REFUSED @ http://localhost:8080/api/groups/mine?username=jade_test:0
[ 1213897ms] [LOG] Failed to load groups @ http://localhost:5173/src/App.jsx:1019
[ 1214782ms] [ERROR] Failed to load resource: net::ERR_CONNECTION_REFUSED @ http://localhost:8080/api/chat/history?user1=jade_test&user2=kai_test:0
[ 1214782ms] [LOG] Failed to load chat history @ http://localhost:5173/src/App.jsx:1066
[ 1216786ms] [ERROR] Failed to load resource: net::ERR_CONNECTION_REFUSED @ http://localhost:8080/api/chat/history?user1=jade_test&user2=kai_test:0
[ 1216786ms] [LOG] Failed to load chat history @ http://localhost:5173/src/App.jsx:1066
[ 1218785ms] [ERROR] Failed to load resource: net::ERR_CONNECTION_REFUSED @ http://localhost:8080/api/chat/history?user1=jade_test&user2=kai_test:0
[ 1218785ms] [LOG] Failed to load chat history @ http://localhost:5173/src/App.jsx:1066
[ 1218907ms] [ERROR] Failed to load resource: net::ERR_CONNECTION_REFUSED @ http://localhost:8080/api/auth/users:0
[ 1218907ms] [LOG] Failed to load contacts @ http://localhost:5173/src/App.jsx:1009
[ 1218910ms] [ERROR] Failed to load resource: net::ERR_CONNECTION_REFUSED @ http://localhost:8080/api/groups/mine?username=jade_test:0
[ 1218913ms] [LOG] Failed to load groups @ http://localhost:5173/src/App.jsx:1019
[ 1220786ms] [ERROR] Failed to load resource: net::ERR_CONNECTION_REFUSED @ http://localhost:8080/api/chat/history?user1=jade_test&user2=kai_test:0
[ 1220787ms] [LOG] Failed to load chat history @ http://localhost:5173/src/App.jsx:1066
[ 1223367ms] [ERROR] Failed to load resource: net::ERR_CONNECTION_REFUSED @ http://localhost:8080/api/chat/history?user1=jade_test&user2=kai_test:0
[ 1223368ms] [LOG] Failed to load chat history @ http://localhost:5173/src/App.jsx:1066
[ 1225007ms] [ERROR] Failed to load resource: net::ERR_CONNECTION_REFUSED @ http://localhost:8080/api/auth/users:0
[ 1225007ms] [LOG] Failed to load contacts @ http://localhost:5173/src/App.jsx:1009
[ 1225008ms] [ERROR] Failed to load resource: net::ERR_CONNECTION_REFUSED @ http://localhost:8080/api/groups/mine?username=jade_test:0
[ 1225009ms] [LOG] Failed to load groups @ http://localhost:5173/src/App.jsx:1019
[ 1225011ms] [ERROR] Failed to load resource: net::ERR_CONNECTION_REFUSED @ http://localhost:8080/api/chat/history?user1=jade_test&user2=kai_test:0
[ 1225011ms] [LOG] Failed to load chat history @ http://localhost:5173/src/App.jsx:1066
[ 1226776ms] [ERROR] Failed to load resource: net::ERR_CONNECTION_REFUSED @ http://localhost:8080/api/chat/history?user1=jade_test&user2=kai_test:0
[ 1226776ms] [LOG] Failed to load chat history @ http://localhost:5173/src/App.jsx:1066
[ 1228777ms] [ERROR] Failed to load resource: net::ERR_CONNECTION_REFUSED @ http://localhost:8080/api/chat/history?user1=jade_test&user2=kai_test:0
[ 1228777ms] [LOG] Failed to load chat history @ http://localhost:5173/src/App.jsx:1066
[ 1228903ms] [ERROR] Failed to load resource: net::ERR_CONNECTION_REFUSED @ http://localhost:8080/api/auth/users:0
[ 1228904ms] [LOG] Failed to load contacts @ http://localhost:5173/src/App.jsx:1009
[ 1228905ms] [ERROR] Failed to load resource: net::ERR_CONNECTION_REFUSED @ http://localhost:8080/api/groups/mine?username=jade_test:0
[ 1228906ms] [LOG] Failed to load groups @ http://localhost:5173/src/App.jsx:1019
[ 1230785ms] [ERROR] Failed to load resource: net::ERR_CONNECTION_REFUSED @ http://localhost:8080/api/chat/history?user1=jade_test&user2=kai_test:0
[ 1230786ms] [LOG] Failed to load chat history @ http://localhost:5173/src/App.jsx:1066
[ 1232790ms] [ERROR] Failed to load resource: net::ERR_CONNECTION_REFUSED @ http://localhost:8080/api/chat/history?user1=jade_test&user2=kai_test:0
[ 1232790ms] [LOG] Failed to load chat history @ http://localhost:5173/src/App.jsx:1066
[ 1233901ms] [ERROR] Failed to load resource: net::ERR_CONNECTION_REFUSED @ http://localhost:8080/api/auth/users:0
[ 1233901ms] [LOG] Failed to load contacts @ http://localhost:5173/src/App.jsx:1009
[ 1233903ms] [ERROR] Failed to load resource: net::ERR_CONNECTION_REFUSED @ http://localhost:8080/api/groups/mine?username=jade_test:0
[ 1233909ms] [LOG] Failed to load groups @ http://localhost:5173/src/App.jsx:1019
[ 1234778ms] [ERROR] Failed to load resource: net::ERR_CONNECTION_REFUSED @ http://localhost:8080/api/chat/history?user1=jade_test&user2=kai_test:0
[ 1234779ms] [LOG] Failed to load chat history @ http://localhost:5173/src/App.jsx:1066
[ 1236785ms] [ERROR] Failed to load resource: net::ERR_CONNECTION_REFUSED @ http://localhost:8080/api/chat/history?user1=jade_test&user2=kai_test:0
[ 1236785ms] [LOG] Failed to load chat history @ http://localhost:5173/src/App.jsx:1066
[ 1238786ms] [ERROR] Failed to load resource: net::ERR_CONNECTION_REFUSED @ http://localhost:8080/api/chat/history?user1=jade_test&user2=kai_test:0
[ 1238788ms] [LOG] Failed to load chat history @ http://localhost:5173/src/App.jsx:1066
[ 1238898ms] [ERROR] Failed to load resource: net::ERR_CONNECTION_REFUSED @ http://localhost:8080/api/auth/users:0
[ 1238898ms] [LOG] Failed to load contacts @ http://localhost:5173/src/App.jsx:1009
[ 1238901ms] [ERROR] Failed to load resource: net::ERR_CONNECTION_REFUSED @ http://localhost:8080/api/groups/mine?username=jade_test:0
[ 1238902ms] [LOG] Failed to load groups @ http://localhost:5173/src/App.jsx:1019
[ 1240789ms] [ERROR] Failed to load resource: net::ERR_CONNECTION_REFUSED @ http://localhost:8080/api/chat/history?user1=jade_test&user2=kai_test:0
[ 1240789ms] [LOG] Failed to load chat history @ http://localhost:5173/src/App.jsx:1066
[ 1242790ms] [ERROR] Failed to load resource: net::ERR_CONNECTION_REFUSED @ http://localhost:8080/api/chat/history?user1=jade_test&user2=kai_test:0
[ 1242790ms] [LOG] Failed to load chat history @ http://localhost:5173/src/App.jsx:1066
[ 1243902ms] [ERROR] Failed to load resource: net::ERR_CONNECTION_REFUSED @ http://localhost:8080/api/auth/users:0
[ 1243902ms] [LOG] Failed to load contacts @ http://localhost:5173/src/App.jsx:1009
[ 1243902ms] [ERROR] Failed to load resource: net::ERR_CONNECTION_REFUSED @ http://localhost:8080/api/groups/mine?username=jade_test:0
[ 1243903ms] [LOG] Failed to load groups @ http://localhost:5173/src/App.jsx:1019
[ 1244775ms] [ERROR] Failed to load resource: net::ERR_CONNECTION_REFUSED @ http://localhost:8080/api/chat/history?user1=jade_test&user2=kai_test:0
[ 1244775ms] [LOG] Failed to load chat history @ http://localhost:5173/src/App.jsx:1066
[ 1246784ms] [ERROR] Failed to load resource: net::ERR_CONNECTION_REFUSED @ http://localhost:8080/api/chat/history?user1=jade_test&user2=kai_test:0
[ 1246785ms] [LOG] Failed to load chat history @ http://localhost:5173/src/App.jsx:1066
[ 1248781ms] [ERROR] Failed to load resource: net::ERR_CONNECTION_REFUSED @ http://localhost:8080/api/chat/history?user1=jade_test&user2=kai_test:0
[ 1248781ms] [LOG] Failed to load chat history @ http://localhost:5173/src/App.jsx:1066
[ 1248894ms] [ERROR] Failed to load resource: net::ERR_CONNECTION_REFUSED @ http://localhost:8080/api/auth/users:0
[ 1248894ms] [LOG] Failed to load contacts @ http://localhost:5173/src/App.jsx:1009
[ 1248894ms] [ERROR] Failed to load resource: net::ERR_CONNECTION_REFUSED @ http://localhost:8080/api/groups/mine?username=jade_test:0
[ 1248894ms] [LOG] Failed to load groups @ http://localhost:5173/src/App.jsx:1019
[ 1250775ms] [ERROR] Failed to load resource: net::ERR_CONNECTION_REFUSED @ http://localhost:8080/api/chat/history?user1=jade_test&user2=kai_test:0
[ 1250775ms] [LOG] Failed to load chat history @ http://localhost:5173/src/App.jsx:1066
[ 1252786ms] [ERROR] Failed to load resource: net::ERR_CONNECTION_REFUSED @ http://localhost:8080/api/chat/history?user1=jade_test&user2=kai_test:0
[ 1252786ms] [LOG] Failed to load chat history @ http://localhost:5173/src/App.jsx:1066
[ 1253902ms] [ERROR] Failed to load resource: net::ERR_CONNECTION_REFUSED @ http://localhost:8080/api/auth/users:0
[ 1253902ms] [LOG] Failed to load contacts @ http://localhost:5173/src/App.jsx:1009
[ 1253902ms] [ERROR] Failed to load resource: net::ERR_CONNECTION_REFUSED @ http://localhost:8080/api/groups/mine?username=jade_test:0
[ 1253903ms] [LOG] Failed to load groups @ http://localhost:5173/src/App.jsx:1019
[ 1254784ms] [ERROR] Failed to load resource: net::ERR_CONNECTION_REFUSED @ http://localhost:8080/api/chat/history?user1=jade_test&user2=kai_test:0
[ 1254785ms] [LOG] Failed to load chat history @ http://localhost:5173/src/App.jsx:1066
[ 1256775ms] [ERROR] Failed to load resource: net::ERR_CONNECTION_REFUSED @ http://localhost:8080/api/chat/history?user1=jade_test&user2=kai_test:0
[ 1256775ms] [LOG] Failed to load chat history @ http://localhost:5173/src/App.jsx:1066
[ 1258787ms] [ERROR] Failed to load resource: net::ERR_CONNECTION_REFUSED @ http://localhost:8080/api/chat/history?user1=jade_test&user2=kai_test:0
[ 1258787ms] [LOG] Failed to load chat history @ http://localhost:5173/src/App.jsx:1066
[ 1258892ms] [ERROR] Failed to load resource: net::ERR_CONNECTION_REFUSED @ http://localhost:8080/api/auth/users:0
[ 1258893ms] [LOG] Failed to load contacts @ http://localhost:5173/src/App.jsx:1009
[ 1258895ms] [ERROR] Failed to load resource: net::ERR_CONNECTION_REFUSED @ http://localhost:8080/api/groups/mine?username=jade_test:0
[ 1258895ms] [LOG] Failed to load groups @ http://localhost:5173/src/App.jsx:1019
[ 1260778ms] [ERROR] Failed to load resource: net::ERR_CONNECTION_REFUSED @ http://localhost:8080/api/chat/history?user1=jade_test&user2=kai_test:0
[ 1260778ms] [LOG] Failed to load chat history @ http://localhost:5173/src/App.jsx:1066
[ 1262784ms] [ERROR] Failed to load resource: net::ERR_CONNECTION_REFUSED @ http://localhost:8080/api/chat/history?user1=jade_test&user2=kai_test:0
[ 1262784ms] [LOG] Failed to load chat history @ http://localhost:5173/src/App.jsx:1066
[ 1263894ms] [ERROR] Failed to load resource: net::ERR_CONNECTION_REFUSED @ http://localhost:8080/api/auth/users:0
[ 1263895ms] [LOG] Failed to load contacts @ http://localhost:5173/src/App.jsx:1009
[ 1263896ms] [ERROR] Failed to load resource: net::ERR_CONNECTION_REFUSED @ http://localhost:8080/api/groups/mine?username=jade_test:0
[ 1263896ms] [LOG] Failed to load groups @ http://localhost:5173/src/App.jsx:1019
[ 1264782ms] [ERROR] Failed to load resource: net::ERR_CONNECTION_REFUSED @ http://localhost:8080/api/chat/history?user1=jade_test&user2=kai_test:0
[ 1264782ms] [LOG] Failed to load chat history @ http://localhost:5173/src/App.jsx:1066
[ 1266791ms] [ERROR] Failed to load resource: net::ERR_CONNECTION_REFUSED @ http://localhost:8080/api/chat/history?user1=jade_test&user2=kai_test:0
[ 1266791ms] [LOG] Failed to load chat history @ http://localhost:5173/src/App.jsx:1066
[ 1268780ms] [ERROR] Failed to load resource: net::ERR_CONNECTION_REFUSED @ http://localhost:8080/api/chat/history?user1=jade_test&user2=kai_test:0
[ 1268780ms] [LOG] Failed to load chat history @ http://localhost:5173/src/App.jsx:1066
[ 1268889ms] [ERROR] Failed to load resource: net::ERR_CONNECTION_REFUSED @ http://localhost:8080/api/auth/users:0
[ 1268889ms] [LOG] Failed to load contacts @ http://localhost:5173/src/App.jsx:1009
[ 1268892ms] [ERROR] Failed to load resource: net::ERR_CONNECTION_REFUSED @ http://localhost:8080/api/groups/mine?username=jade_test:0
[ 1268892ms] [LOG] Failed to load groups @ http://localhost:5173/src/App.jsx:1019
[ 1270785ms] [ERROR] Failed to load resource: net::ERR_CONNECTION_REFUSED @ http://localhost:8080/api/chat/history?user1=jade_test&user2=kai_test:0
[ 1270786ms] [LOG] Failed to load chat history @ http://localhost:5173/src/App.jsx:1066
[ 1272785ms] [ERROR] Failed to load resource: net::ERR_CONNECTION_REFUSED @ http://localhost:8080/api/chat/history?user1=jade_test&user2=kai_test:0
[ 1272785ms] [LOG] Failed to load chat history @ http://localhost:5173/src/App.jsx:1066
[ 1273902ms] [ERROR] Failed to load resource: net::ERR_CONNECTION_REFUSED @ http://localhost:8080/api/auth/users:0
[ 1273904ms] [LOG] Failed to load contacts @ http://localhost:5173/src/App.jsx:1009
[ 1273905ms] [ERROR] Failed to load resource: net::ERR_CONNECTION_REFUSED @ http://localhost:8080/api/groups/mine?username=jade_test:0
[ 1273907ms] [LOG] Failed to load groups @ http://localhost:5173/src/App.jsx:1019
[ 1274783ms] [ERROR] Failed to load resource: net::ERR_CONNECTION_REFUSED @ http://localhost:8080/api/chat/history?user1=jade_test&user2=kai_test:0
[ 1274783ms] [LOG] Failed to load chat history @ http://localhost:5173/src/App.jsx:1066
[ 1276791ms] [ERROR] Failed to load resource: net::ERR_CONNECTION_REFUSED @ http://localhost:8080/api/chat/history?user1=jade_test&user2=kai_test:0
[ 1276791ms] [LOG] Failed to load chat history @ http://localhost:5173/src/App.jsx:1066
[ 1278788ms] [ERROR] Failed to load resource: net::ERR_CONNECTION_REFUSED @ http://localhost:8080/api/chat/history?user1=jade_test&user2=kai_test:0
[ 1278788ms] [LOG] Failed to load chat history @ http://localhost:5173/src/App.jsx:1066
[ 1278903ms] [ERROR] Failed to load resource: net::ERR_CONNECTION_REFUSED @ http://localhost:8080/api/auth/users:0
[ 1278904ms] [LOG] Failed to load contacts @ http://localhost:5173/src/App.jsx:1009
[ 1278906ms] [ERROR] Failed to load resource: net::ERR_CONNECTION_REFUSED @ http://localhost:8080/api/groups/mine?username=jade_test:0
[ 1278907ms] [LOG] Failed to load groups @ http://localhost:5173/src/App.jsx:1019
[ 1280776ms] [ERROR] Failed to load resource: net::ERR_CONNECTION_REFUSED @ http://localhost:8080/api/chat/history?user1=jade_test&user2=kai_test:0
[ 1280777ms] [LOG] Failed to load chat history @ http://localhost:5173/src/App.jsx:1066
[ 1282788ms] [ERROR] Failed to load resource: net::ERR_CONNECTION_REFUSED @ http://localhost:8080/api/chat/history?user1=jade_test&user2=kai_test:0
[ 1282788ms] [LOG] Failed to load chat history @ http://localhost:5173/src/App.jsx:1066
[ 1283903ms] [ERROR] Failed to load resource: net::ERR_CONNECTION_REFUSED @ http://localhost:8080/api/auth/users:0
[ 1283903ms] [LOG] Failed to load contacts @ http://localhost:5173/src/App.jsx:1009
[ 1283912ms] [ERROR] Failed to load resource: net::ERR_CONNECTION_REFUSED @ http://localhost:8080/api/groups/mine?username=jade_test:0
[ 1283912ms] [LOG] Failed to load groups @ http://localhost:5173/src/App.jsx:1019
[ 1284777ms] [ERROR] Failed to load resource: net::ERR_CONNECTION_REFUSED @ http://localhost:8080/api/chat/history?user1=jade_test&user2=kai_test:0
[ 1284777ms] [LOG] Failed to load chat history @ http://localhost:5173/src/App.jsx:1066
[ 1286788ms] [ERROR] Failed to load resource: net::ERR_CONNECTION_REFUSED @ http://localhost:8080/api/chat/history?user1=jade_test&user2=kai_test:0
[ 1286788ms] [LOG] Failed to load chat history @ http://localhost:5173/src/App.jsx:1066
[ 1288785ms] [ERROR] Failed to load resource: net::ERR_CONNECTION_REFUSED @ http://localhost:8080/api/chat/history?user1=jade_test&user2=kai_test:0
[ 1288785ms] [LOG] Failed to load chat history @ http://localhost:5173/src/App.jsx:1066
[ 1288897ms] [ERROR] Failed to load resource: net::ERR_CONNECTION_REFUSED @ http://localhost:8080/api/auth/users:0
[ 1288897ms] [LOG] Failed to load contacts @ http://localhost:5173/src/App.jsx:1009
[ 1288899ms] [ERROR] Failed to load resource: net::ERR_CONNECTION_REFUSED @ http://localhost:8080/api/groups/mine?username=jade_test:0
[ 1288899ms] [LOG] Failed to load groups @ http://localhost:5173/src/App.jsx:1019
[ 1290785ms] [ERROR] Failed to load resource: net::ERR_CONNECTION_REFUSED @ http://localhost:8080/api/chat/history?user1=jade_test&user2=kai_test:0
[ 1290785ms] [LOG] Failed to load chat history @ http://localhost:5173/src/App.jsx:1066
[ 1292790ms] [ERROR] Failed to load resource: net::ERR_CONNECTION_REFUSED @ http://localhost:8080/api/chat/history?user1=jade_test&user2=kai_test:0
[ 1292790ms] [LOG] Failed to load chat history @ http://localhost:5173/src/App.jsx:1066
[ 1293907ms] [ERROR] Failed to load resource: net::ERR_CONNECTION_REFUSED @ http://localhost:8080/api/auth/users:0
[ 1293912ms] [LOG] Failed to load contacts @ http://localhost:5173/src/App.jsx:1009
[ 1293915ms] [ERROR] Failed to load resource: net::ERR_CONNECTION_REFUSED @ http://localhost:8080/api/groups/mine?username=jade_test:0
[ 1293917ms] [LOG] Failed to load groups @ http://localhost:5173/src/App.jsx:1019
[ 1294778ms] [ERROR] Failed to load resource: net::ERR_CONNECTION_REFUSED @ http://localhost:8080/api/chat/history?user1=jade_test&user2=kai_test:0
[ 1294780ms] [LOG] Failed to load chat history @ http://localhost:5173/src/App.jsx:1066
[ 1296789ms] [ERROR] Failed to load resource: net::ERR_CONNECTION_REFUSED @ http://localhost:8080/api/chat/history?user1=jade_test&user2=kai_test:0
[ 1296789ms] [LOG] Failed to load chat history @ http://localhost:5173/src/App.jsx:1066
[ 1298782ms] [ERROR] Failed to load resource: net::ERR_CONNECTION_REFUSED @ http://localhost:8080/api/chat/history?user1=jade_test&user2=kai_test:0
[ 1298782ms] [LOG] Failed to load chat history @ http://localhost:5173/src/App.jsx:1066
[ 1298961ms] [ERROR] Failed to load resource: net::ERR_CONNECTION_REFUSED @ http://localhost:8080/api/auth/users:0
[ 1298983ms] [LOG] Failed to load contacts @ http://localhost:5173/src/App.jsx:1009
[ 1298986ms] [ERROR] Failed to load resource: net::ERR_CONNECTION_REFUSED @ http://localhost:8080/api/groups/mine?username=jade_test:0
[ 1298986ms] [LOG] Failed to load groups @ http://localhost:5173/src/App.jsx:1019
[ 1300787ms] [ERROR] Failed to load resource: net::ERR_CONNECTION_REFUSED @ http://localhost:8080/api/chat/history?user1=jade_test&user2=kai_test:0
[ 1300787ms] [LOG] Failed to load chat history @ http://localhost:5173/src/App.jsx:1066
[ 1302781ms] [ERROR] Failed to load resource: net::ERR_CONNECTION_REFUSED @ http://localhost:8080/api/chat/history?user1=jade_test&user2=kai_test:0
[ 1302781ms] [LOG] Failed to load chat history @ http://localhost:5173/src/App.jsx:1066
[ 1303899ms] [ERROR] Failed to load resource: net::ERR_CONNECTION_REFUSED @ http://localhost:8080/api/auth/users:0
[ 1303900ms] [LOG] Failed to load contacts @ http://localhost:5173/src/App.jsx:1009
[ 1303901ms] [ERROR] Failed to load resource: net::ERR_CONNECTION_REFUSED @ http://localhost:8080/api/groups/mine?username=jade_test:0
[ 1303901ms] [LOG] Failed to load groups @ http://localhost:5173/src/App.jsx:1019
[ 1304790ms] [ERROR] Failed to load resource: net::ERR_CONNECTION_REFUSED @ http://localhost:8080/api/chat/history?user1=jade_test&user2=kai_test:0
[ 1304790ms] [LOG] Failed to load chat history @ http://localhost:5173/src/App.jsx:1066
[ 1306780ms] [ERROR] Failed to load resource: net::ERR_CONNECTION_REFUSED @ http://localhost:8080/api/chat/history?user1=jade_test&user2=kai_test:0
[ 1306780ms] [LOG] Failed to load chat history @ http://localhost:5173/src/App.jsx:1066
[ 1308784ms] [ERROR] Failed to load resource: net::ERR_CONNECTION_REFUSED @ http://localhost:8080/api/chat/history?user1=jade_test&user2=kai_test:0
[ 1308784ms] [LOG] Failed to load chat history @ http://localhost:5173/src/App.jsx:1066
[ 1308893ms] [ERROR] Failed to load resource: net::ERR_CONNECTION_REFUSED @ http://localhost:8080/api/auth/users:0
[ 1308895ms] [LOG] Failed to load contacts @ http://localhost:5173/src/App.jsx:1009
[ 1308896ms] [ERROR] Failed to load resource: net::ERR_CONNECTION_REFUSED @ http://localhost:8080/api/groups/mine?username=jade_test:0
[ 1308896ms] [LOG] Failed to load groups @ http://localhost:5173/src/App.jsx:1019
[ 1310778ms] [ERROR] Failed to load resource: net::ERR_CONNECTION_REFUSED @ http://localhost:8080/api/chat/history?user1=jade_test&user2=kai_test:0
[ 1310778ms] [LOG] Failed to load chat history @ http://localhost:5173/src/App.jsx:1066
[ 1312822ms] [ERROR] Failed to load resource: net::ERR_CONNECTION_REFUSED @ http://localhost:8080/api/chat/history?user1=jade_test&user2=kai_test:0
[ 1312823ms] [LOG] Failed to load chat history @ http://localhost:5173/src/App.jsx:1066
[ 1313907ms] [ERROR] Failed to load resource: net::ERR_CONNECTION_REFUSED @ http://localhost:8080/api/auth/users:0
[ 1313907ms] [LOG] Failed to load contacts @ http://localhost:5173/src/App.jsx:1009
[ 1313912ms] [ERROR] Failed to load resource: net::ERR_CONNECTION_REFUSED @ http://localhost:8080/api/groups/mine?username=jade_test:0
[ 1313912ms] [LOG] Failed to load groups @ http://localhost:5173/src/App.jsx:1019
[ 1314779ms] [ERROR] Failed to load resource: net::ERR_CONNECTION_REFUSED @ http://localhost:8080/api/chat/history?user1=jade_test&user2=kai_test:0
[ 1314779ms] [LOG] Failed to load chat history @ http://localhost:5173/src/App.jsx:1066
[ 1316787ms] [ERROR] Failed to load resource: net::ERR_CONNECTION_REFUSED @ http://localhost:8080/api/chat/history?user1=jade_test&user2=kai_test:0
[ 1316787ms] [LOG] Failed to load chat history @ http://localhost:5173/src/App.jsx:1066
[ 1318795ms] [ERROR] Failed to load resource: net::ERR_CONNECTION_REFUSED @ http://localhost:8080/api/chat/history?user1=jade_test&user2=kai_test:0
[ 1318795ms] [LOG] Failed to load chat history @ http://localhost:5173/src/App.jsx:1066
[ 1318904ms] [ERROR] Failed to load resource: net::ERR_CONNECTION_REFUSED @ http://localhost:8080/api/auth/users:0
[ 1318905ms] [LOG] Failed to load contacts @ http://localhost:5173/src/App.jsx:1009
[ 1318906ms] [ERROR] Failed to load resource: net::ERR_CONNECTION_REFUSED @ http://localhost:8080/api/groups/mine?username=jade_test:0
[ 1318907ms] [LOG] Failed to load groups @ http://localhost:5173/src/App.jsx:1019
[ 1320783ms] [ERROR] Failed to load resource: net::ERR_CONNECTION_REFUSED @ http://localhost:8080/api/chat/history?user1=jade_test&user2=kai_test:0
[ 1320783ms] [LOG] Failed to load chat history @ http://localhost:5173/src/App.jsx:1066
[ 1322787ms] [ERROR] Failed to load resource: net::ERR_CONNECTION_REFUSED @ http://localhost:8080/api/chat/history?user1=jade_test&user2=kai_test:0
[ 1322787ms] [LOG] Failed to load chat history @ http://localhost:5173/src/App.jsx:1066
[ 1323903ms] [ERROR] Failed to load resource: net::ERR_CONNECTION_REFUSED @ http://localhost:8080/api/auth/users:0
[ 1323904ms] [LOG] Failed to load contacts @ http://localhost:5173/src/App.jsx:1009
[ 1323907ms] [ERROR] Failed to load resource: net::ERR_CONNECTION_REFUSED @ http://localhost:8080/api/groups/mine?username=jade_test:0
[ 1323907ms] [LOG] Failed to load groups @ http://localhost:5173/src/App.jsx:1019
[ 1324777ms] [ERROR] Failed to load resource: net::ERR_CONNECTION_REFUSED @ http://localhost:8080/api/chat/history?user1=jade_test&user2=kai_test:0
[ 1324777ms] [LOG] Failed to load chat history @ http://localhost:5173/src/App.jsx:1066
[ 1326789ms] [ERROR] Failed to load resource: net::ERR_CONNECTION_REFUSED @ http://localhost:8080/api/chat/history?user1=jade_test&user2=kai_test:0
[ 1326791ms] [LOG] Failed to load chat history @ http://localhost:5173/src/App.jsx:1066
[ 1328777ms] [ERROR] Failed to load resource: net::ERR_CONNECTION_REFUSED @ http://localhost:8080/api/chat/history?user1=jade_test&user2=kai_test:0
[ 1328777ms] [LOG] Failed to load chat history @ http://localhost:5173/src/App.jsx:1066
[ 1328888ms] [ERROR] Failed to load resource: net::ERR_CONNECTION_REFUSED @ http://localhost:8080/api/auth/users:0
[ 1328888ms] [LOG] Failed to load contacts @ http://localhost:5173/src/App.jsx:1009
[ 1328894ms] [ERROR] Failed to load resource: net::ERR_CONNECTION_REFUSED @ http://localhost:8080/api/groups/mine?username=jade_test:0
[ 1328895ms] [LOG] Failed to load groups @ http://localhost:5173/src/App.jsx:1019
[ 1330777ms] [ERROR] Failed to load resource: net::ERR_CONNECTION_REFUSED @ http://localhost:8080/api/chat/history?user1=jade_test&user2=kai_test:0
[ 1330777ms] [LOG] Failed to load chat history @ http://localhost:5173/src/App.jsx:1066
[ 1332779ms] [ERROR] Failed to load resource: net::ERR_CONNECTION_REFUSED @ http://localhost:8080/api/chat/history?user1=jade_test&user2=kai_test:0
[ 1332779ms] [LOG] Failed to load chat history @ http://localhost:5173/src/App.jsx:1066
[ 1333900ms] [ERROR] Failed to load resource: net::ERR_CONNECTION_REFUSED @ http://localhost:8080/api/auth/users:0
[ 1333900ms] [LOG] Failed to load contacts @ http://localhost:5173/src/App.jsx:1009
[ 1333903ms] [ERROR] Failed to load resource: net::ERR_CONNECTION_REFUSED @ http://localhost:8080/api/groups/mine?username=jade_test:0
[ 1333903ms] [LOG] Failed to load groups @ http://localhost:5173/src/App.jsx:1019
[ 1334787ms] [ERROR] Failed to load resource: net::ERR_CONNECTION_REFUSED @ http://localhost:8080/api/chat/history?user1=jade_test&user2=kai_test:0
[ 1334788ms] [LOG] Failed to load chat history @ http://localhost:5173/src/App.jsx:1066
[ 1336787ms] [ERROR] Failed to load resource: net::ERR_CONNECTION_REFUSED @ http://localhost:8080/api/chat/history?user1=jade_test&user2=kai_test:0
[ 1336787ms] [LOG] Failed to load chat history @ http://localhost:5173/src/App.jsx:1066
[ 1338786ms] [ERROR] Failed to load resource: net::ERR_CONNECTION_REFUSED @ http://localhost:8080/api/chat/history?user1=jade_test&user2=kai_test:0
[ 1338786ms] [LOG] Failed to load chat history @ http://localhost:5173/src/App.jsx:1066
[ 1338898ms] [ERROR] Failed to load resource: net::ERR_CONNECTION_REFUSED @ http://localhost:8080/api/auth/users:0
[ 1338898ms] [LOG] Failed to load contacts @ http://localhost:5173/src/App.jsx:1009
[ 1338898ms] [ERROR] Failed to load resource: net::ERR_CONNECTION_REFUSED @ http://localhost:8080/api/groups/mine?username=jade_test:0
[ 1338899ms] [LOG] Failed to load groups @ http://localhost:5173/src/App.jsx:1019
[ 1340777ms] [ERROR] Failed to load resource: net::ERR_CONNECTION_REFUSED @ http://localhost:8080/api/chat/history?user1=jade_test&user2=kai_test:0
[ 1340777ms] [LOG] Failed to load chat history @ http://localhost:5173/src/App.jsx:1066
[ 1342787ms] [ERROR] Failed to load resource: net::ERR_CONNECTION_REFUSED @ http://localhost:8080/api/chat/history?user1=jade_test&user2=kai_test:0
[ 1342787ms] [LOG] Failed to load chat history @ http://localhost:5173/src/App.jsx:1066
[ 1343894ms] [ERROR] Failed to load resource: net::ERR_CONNECTION_REFUSED @ http://localhost:8080/api/auth/users:0
[ 1343898ms] [LOG] Failed to load contacts @ http://localhost:5173/src/App.jsx:1009
[ 1343900ms] [ERROR] Failed to load resource: net::ERR_CONNECTION_REFUSED @ http://localhost:8080/api/groups/mine?username=jade_test:0
[ 1343900ms] [LOG] Failed to load groups @ http://localhost:5173/src/App.jsx:1019
[ 1344783ms] [ERROR] Failed to load resource: net::ERR_CONNECTION_REFUSED @ http://localhost:8080/api/chat/history?user1=jade_test&user2=kai_test:0
[ 1344783ms] [LOG] Failed to load chat history @ http://localhost:5173/src/App.jsx:1066
[ 1346788ms] [ERROR] Failed to load resource: net::ERR_CONNECTION_REFUSED @ http://localhost:8080/api/chat/history?user1=jade_test&user2=kai_test:0
[ 1346788ms] [LOG] Failed to load chat history @ http://localhost:5173/src/App.jsx:1066
[ 1348779ms] [ERROR] Failed to load resource: net::ERR_CONNECTION_REFUSED @ http://localhost:8080/api/chat/history?user1=jade_test&user2=kai_test:0
[ 1348779ms] [LOG] Failed to load chat history @ http://localhost:5173/src/App.jsx:1066
[ 1348896ms] [ERROR] Failed to load resource: net::ERR_CONNECTION_REFUSED @ http://localhost:8080/api/auth/users:0
[ 1348898ms] [LOG] Failed to load contacts @ http://localhost:5173/src/App.jsx:1009
[ 1348899ms] [ERROR] Failed to load resource: net::ERR_CONNECTION_REFUSED @ http://localhost:8080/api/groups/mine?username=jade_test:0
[ 1348901ms] [LOG] Failed to load groups @ http://localhost:5173/src/App.jsx:1019
[ 1350777ms] [ERROR] Failed to load resource: net::ERR_CONNECTION_REFUSED @ http://localhost:8080/api/chat/history?user1=jade_test&user2=kai_test:0
[ 1350778ms] [LOG] Failed to load chat history @ http://localhost:5173/src/App.jsx:1066
[ 1352780ms] [ERROR] Failed to load resource: net::ERR_CONNECTION_REFUSED @ http://localhost:8080/api/chat/history?user1=jade_test&user2=kai_test:0
[ 1352786ms] [LOG] Failed to load chat history @ http://localhost:5173/src/App.jsx:1066
[ 1353891ms] [ERROR] Failed to load resource: net::ERR_CONNECTION_REFUSED @ http://localhost:8080/api/auth/users:0
[ 1353892ms] [LOG] Failed to load contacts @ http://localhost:5173/src/App.jsx:1009
[ 1353894ms] [ERROR] Failed to load resource: net::ERR_CONNECTION_REFUSED @ http://localhost:8080/api/groups/mine?username=jade_test:0
[ 1353895ms] [LOG] Failed to load groups @ http://localhost:5173/src/App.jsx:1019
[ 1354784ms] [ERROR] Failed to load resource: net::ERR_CONNECTION_REFUSED @ http://localhost:8080/api/chat/history?user1=jade_test&user2=kai_test:0
[ 1354784ms] [LOG] Failed to load chat history @ http://localhost:5173/src/App.jsx:1066
[ 1356778ms] [ERROR] Failed to load resource: net::ERR_CONNECTION_REFUSED @ http://localhost:8080/api/chat/history?user1=jade_test&user2=kai_test:0
[ 1356778ms] [LOG] Failed to load chat history @ http://localhost:5173/src/App.jsx:1066
[ 1358787ms] [ERROR] Failed to load resource: net::ERR_CONNECTION_REFUSED @ http://localhost:8080/api/chat/history?user1=jade_test&user2=kai_test:0
[ 1358787ms] [LOG] Failed to load chat history @ http://localhost:5173/src/App.jsx:1066
[ 1358897ms] [ERROR] Failed to load resource: net::ERR_CONNECTION_REFUSED @ http://localhost:8080/api/auth/users:0
[ 1358897ms] [LOG] Failed to load contacts @ http://localhost:5173/src/App.jsx:1009
[ 1358898ms] [ERROR] Failed to load resource: net::ERR_CONNECTION_REFUSED @ http://localhost:8080/api/groups/mine?username=jade_test:0
[ 1358899ms] [LOG] Failed to load groups @ http://localhost:5173/src/App.jsx:1019
[ 1360783ms] [ERROR] Failed to load resource: net::ERR_CONNECTION_REFUSED @ http://localhost:8080/api/chat/history?user1=jade_test&user2=kai_test:0
[ 1360784ms] [LOG] Failed to load chat history @ http://localhost:5173/src/App.jsx:1066
[ 1362779ms] [ERROR] Failed to load resource: net::ERR_CONNECTION_REFUSED @ http://localhost:8080/api/chat/history?user1=jade_test&user2=kai_test:0
[ 1362779ms] [LOG] Failed to load chat history @ http://localhost:5173/src/App.jsx:1066
[ 1363897ms] [ERROR] Failed to load resource: net::ERR_CONNECTION_REFUSED @ http://localhost:8080/api/auth/users:0
[ 1363898ms] [LOG] Failed to load contacts @ http://localhost:5173/src/App.jsx:1009
[ 1363899ms] [ERROR] Failed to load resource: net::ERR_CONNECTION_REFUSED @ http://localhost:8080/api/groups/mine?username=jade_test:0
[ 1363900ms] [LOG] Failed to load groups @ http://localhost:5173/src/App.jsx:1019
[ 1364789ms] [ERROR] Failed to load resource: net::ERR_CONNECTION_REFUSED @ http://localhost:8080/api/chat/history?user1=jade_test&user2=kai_test:0
[ 1364789ms] [LOG] Failed to load chat history @ http://localhost:5173/src/App.jsx:1066
[ 1366788ms] [ERROR] Failed to load resource: net::ERR_CONNECTION_REFUSED @ http://localhost:8080/api/chat/history?user1=jade_test&user2=kai_test:0
[ 1366789ms] [LOG] Failed to load chat history @ http://localhost:5173/src/App.jsx:1066
[ 1368789ms] [ERROR] Failed to load resource: net::ERR_CONNECTION_REFUSED @ http://localhost:8080/api/chat/history?user1=jade_test&user2=kai_test:0
[ 1368789ms] [LOG] Failed to load chat history @ http://localhost:5173/src/App.jsx:1066
[ 1368899ms] [ERROR] Failed to load resource: net::ERR_CONNECTION_REFUSED @ http://localhost:8080/api/auth/users:0
[ 1368900ms] [LOG] Failed to load contacts @ http://localhost:5173/src/App.jsx:1009
[ 1368901ms] [ERROR] Failed to load resource: net::ERR_CONNECTION_REFUSED @ http://localhost:8080/api/groups/mine?username=jade_test:0
[ 1368902ms] [LOG] Failed to load groups @ http://localhost:5173/src/App.jsx:1019
[ 1370783ms] [ERROR] Failed to load resource: net::ERR_CONNECTION_REFUSED @ http://localhost:8080/api/chat/history?user1=jade_test&user2=kai_test:0
[ 1370783ms] [LOG] Failed to load chat history @ http://localhost:5173/src/App.jsx:1066
[ 1372777ms] [ERROR] Failed to load resource: net::ERR_CONNECTION_REFUSED @ http://localhost:8080/api/chat/history?user1=jade_test&user2=kai_test:0
[ 1372777ms] [LOG] Failed to load chat history @ http://localhost:5173/src/App.jsx:1066
[ 1373896ms] [ERROR] Failed to load resource: net::ERR_CONNECTION_REFUSED @ http://localhost:8080/api/auth/users:0
[ 1373896ms] [LOG] Failed to load contacts @ http://localhost:5173/src/App.jsx:1009
[ 1373897ms] [ERROR] Failed to load resource: net::ERR_CONNECTION_REFUSED @ http://localhost:8080/api/groups/mine?username=jade_test:0
[ 1373898ms] [LOG] Failed to load groups @ http://localhost:5173/src/App.jsx:1019
[ 1374790ms] [ERROR] Failed to load resource: net::ERR_CONNECTION_REFUSED @ http://localhost:8080/api/chat/history?user1=jade_test&user2=kai_test:0
[ 1374790ms] [LOG] Failed to load chat history @ http://localhost:5173/src/App.jsx:1066
[ 1376781ms] [ERROR] Failed to load resource: net::ERR_CONNECTION_REFUSED @ http://localhost:8080/api/chat/history?user1=jade_test&user2=kai_test:0
[ 1376781ms] [LOG] Failed to load chat history @ http://localhost:5173/src/App.jsx:1066
[ 1378799ms] [ERROR] Failed to load resource: net::ERR_CONNECTION_REFUSED @ http://localhost:8080/api/chat/history?user1=jade_test&user2=kai_test:0
[ 1378799ms] [LOG] Failed to load chat history @ http://localhost:5173/src/App.jsx:1066
[ 1378907ms] [ERROR] Failed to load resource: net::ERR_CONNECTION_REFUSED @ http://localhost:8080/api/auth/users:0
[ 1378907ms] [LOG] Failed to load contacts @ http://localhost:5173/src/App.jsx:1009
[ 1378914ms] [ERROR] Failed to load resource: net::ERR_CONNECTION_REFUSED @ http://localhost:8080/api/groups/mine?username=jade_test:0
[ 1378914ms] [LOG] Failed to load groups @ http://localhost:5173/src/App.jsx:1019
[ 1380780ms] [ERROR] Failed to load resource: net::ERR_CONNECTION_REFUSED @ http://localhost:8080/api/chat/history?user1=jade_test&user2=kai_test:0
[ 1380780ms] [LOG] Failed to load chat history @ http://localhost:5173/src/App.jsx:1066
[ 1382781ms] [ERROR] Failed to load resource: net::ERR_CONNECTION_REFUSED @ http://localhost:8080/api/chat/history?user1=jade_test&user2=kai_test:0
[ 1382781ms] [LOG] Failed to load chat history @ http://localhost:5173/src/App.jsx:1066
[ 1383898ms] [ERROR] Failed to load resource: net::ERR_CONNECTION_REFUSED @ http://localhost:8080/api/auth/users:0
[ 1383898ms] [LOG] Failed to load contacts @ http://localhost:5173/src/App.jsx:1009
[ 1383900ms] [ERROR] Failed to load resource: net::ERR_CONNECTION_REFUSED @ http://localhost:8080/api/groups/mine?username=jade_test:0
[ 1383900ms] [LOG] Failed to load groups @ http://localhost:5173/src/App.jsx:1019
[ 1384779ms] [ERROR] Failed to load resource: net::ERR_CONNECTION_REFUSED @ http://localhost:8080/api/chat/history?user1=jade_test&user2=kai_test:0
[ 1384779ms] [LOG] Failed to load chat history @ http://localhost:5173/src/App.jsx:1066
[ 1386779ms] [ERROR] Failed to load resource: net::ERR_CONNECTION_REFUSED @ http://localhost:8080/api/chat/history?user1=jade_test&user2=kai_test:0
[ 1386781ms] [LOG] Failed to load chat history @ http://localhost:5173/src/App.jsx:1066
[ 1388810ms] [ERROR] Failed to load resource: net::ERR_CONNECTION_REFUSED @ http://localhost:8080/api/chat/history?user1=jade_test&user2=kai_test:0
[ 1388810ms] [LOG] Failed to load chat history @ http://localhost:5173/src/App.jsx:1066
[ 1388900ms] [ERROR] Failed to load resource: net::ERR_CONNECTION_REFUSED @ http://localhost:8080/api/auth/users:0
[ 1388901ms] [LOG] Failed to load contacts @ http://localhost:5173/src/App.jsx:1009
[ 1388902ms] [ERROR] Failed to load resource: net::ERR_CONNECTION_REFUSED @ http://localhost:8080/api/groups/mine?username=jade_test:0
[ 1388903ms] [LOG] Failed to load groups @ http://localhost:5173/src/App.jsx:1019
[ 1390787ms] [ERROR] Failed to load resource: net::ERR_CONNECTION_REFUSED @ http://localhost:8080/api/chat/history?user1=jade_test&user2=kai_test:0
[ 1390787ms] [LOG] Failed to load chat history @ http://localhost:5173/src/App.jsx:1066
[ 1392776ms] [ERROR] Failed to load resource: net::ERR_CONNECTION_REFUSED @ http://localhost:8080/api/chat/history?user1=jade_test&user2=kai_test:0
[ 1392777ms] [LOG] Failed to load chat history @ http://localhost:5173/src/App.jsx:1066
[ 1393903ms] [ERROR] Failed to load resource: net::ERR_CONNECTION_REFUSED @ http://localhost:8080/api/auth/users:0
[ 1393906ms] [LOG] Failed to load contacts @ http://localhost:5173/src/App.jsx:1009
[ 1393908ms] [ERROR] Failed to load resource: net::ERR_CONNECTION_REFUSED @ http://localhost:8080/api/groups/mine?username=jade_test:0
[ 1393909ms] [LOG] Failed to load groups @ http://localhost:5173/src/App.jsx:1019
[ 1394783ms] [ERROR] Failed to load resource: net::ERR_CONNECTION_REFUSED @ http://localhost:8080/api/chat/history?user1=jade_test&user2=kai_test:0
[ 1394783ms] [LOG] Failed to load chat history @ http://localhost:5173/src/App.jsx:1066
[ 1396796ms] [ERROR] Failed to load resource: net::ERR_CONNECTION_REFUSED @ http://localhost:8080/api/chat/history?user1=jade_test&user2=kai_test:0
[ 1396796ms] [LOG] Failed to load chat history @ http://localhost:5173/src/App.jsx:1066
[ 1398782ms] [ERROR] Failed to load resource: net::ERR_CONNECTION_REFUSED @ http://localhost:8080/api/chat/history?user1=jade_test&user2=kai_test:0
[ 1398782ms] [LOG] Failed to load chat history @ http://localhost:5173/src/App.jsx:1066
[ 1398895ms] [ERROR] Failed to load resource: net::ERR_CONNECTION_REFUSED @ http://localhost:8080/api/auth/users:0
[ 1398895ms] [LOG] Failed to load contacts @ http://localhost:5173/src/App.jsx:1009
[ 1398898ms] [ERROR] Failed to load resource: net::ERR_CONNECTION_REFUSED @ http://localhost:8080/api/groups/mine?username=jade_test:0
[ 1398898ms] [LOG] Failed to load groups @ http://localhost:5173/src/App.jsx:1019
[ 1400781ms] [ERROR] Failed to load resource: net::ERR_CONNECTION_REFUSED @ http://localhost:8080/api/chat/history?user1=jade_test&user2=kai_test:0
[ 1400781ms] [LOG] Failed to load chat history @ http://localhost:5173/src/App.jsx:1066
[ 1402785ms] [ERROR] Failed to load resource: net::ERR_CONNECTION_REFUSED @ http://localhost:8080/api/chat/history?user1=jade_test&user2=kai_test:0
[ 1402785ms] [LOG] Failed to load chat history @ http://localhost:5173/src/App.jsx:1066
[ 1403903ms] [ERROR] Failed to load resource: net::ERR_CONNECTION_REFUSED @ http://localhost:8080/api/auth/users:0
[ 1403903ms] [LOG] Failed to load contacts @ http://localhost:5173/src/App.jsx:1009
[ 1403903ms] [ERROR] Failed to load resource: net::ERR_CONNECTION_REFUSED @ http://localhost:8080/api/groups/mine?username=jade_test:0
[ 1403903ms] [LOG] Failed to load groups @ http://localhost:5173/src/App.jsx:1019
[ 1404784ms] [ERROR] Failed to load resource: net::ERR_CONNECTION_REFUSED @ http://localhost:8080/api/chat/history?user1=jade_test&user2=kai_test:0
[ 1404784ms] [LOG] Failed to load chat history @ http://localhost:5173/src/App.jsx:1066
[ 1406799ms] [ERROR] Failed to load resource: net::ERR_CONNECTION_REFUSED @ http://localhost:8080/api/chat/history?user1=jade_test&user2=kai_test:0
[ 1406799ms] [LOG] Failed to load chat history @ http://localhost:5173/src/App.jsx:1066
[ 1408785ms] [ERROR] Failed to load resource: net::ERR_CONNECTION_REFUSED @ http://localhost:8080/api/chat/history?user1=jade_test&user2=kai_test:0
[ 1408785ms] [LOG] Failed to load chat history @ http://localhost:5173/src/App.jsx:1066
[ 1408895ms] [ERROR] Failed to load resource: net::ERR_CONNECTION_REFUSED @ http://localhost:8080/api/auth/users:0
[ 1408896ms] [LOG] Failed to load contacts @ http://localhost:5173/src/App.jsx:1009
[ 1408897ms] [ERROR] Failed to load resource: net::ERR_CONNECTION_REFUSED @ http://localhost:8080/api/groups/mine?username=jade_test:0
[ 1408897ms] [LOG] Failed to load groups @ http://localhost:5173/src/App.jsx:1019
[ 1410777ms] [ERROR] Failed to load resource: net::ERR_CONNECTION_REFUSED @ http://localhost:8080/api/chat/history?user1=jade_test&user2=kai_test:0
[ 1410777ms] [LOG] Failed to load chat history @ http://localhost:5173/src/App.jsx:1066
[ 1412790ms] [ERROR] Failed to load resource: net::ERR_CONNECTION_REFUSED @ http://localhost:8080/api/chat/history?user1=jade_test&user2=kai_test:0
[ 1412790ms] [LOG] Failed to load chat history @ http://localhost:5173/src/App.jsx:1066
[ 1413890ms] [ERROR] Failed to load resource: net::ERR_CONNECTION_REFUSED @ http://localhost:8080/api/auth/users:0
[ 1413892ms] [LOG] Failed to load contacts @ http://localhost:5173/src/App.jsx:1009
[ 1413894ms] [ERROR] Failed to load resource: net::ERR_CONNECTION_REFUSED @ http://localhost:8080/api/groups/mine?username=jade_test:0
[ 1413895ms] [LOG] Failed to load groups @ http://localhost:5173/src/App.jsx:1019
[ 1414783ms] [ERROR] Failed to load resource: net::ERR_CONNECTION_REFUSED @ http://localhost:8080/api/chat/history?user1=jade_test&user2=kai_test:0
[ 1414783ms] [LOG] Failed to load chat history @ http://localhost:5173/src/App.jsx:1066
[ 1416780ms] [ERROR] Failed to load resource: net::ERR_CONNECTION_REFUSED @ http://localhost:8080/api/chat/history?user1=jade_test&user2=kai_test:0
[ 1416785ms] [LOG] Failed to load chat history @ http://localhost:5173/src/App.jsx:1066
[ 1418777ms] [ERROR] Failed to load resource: net::ERR_CONNECTION_REFUSED @ http://localhost:8080/api/chat/history?user1=jade_test&user2=kai_test:0
[ 1418777ms] [LOG] Failed to load chat history @ http://localhost:5173/src/App.jsx:1066
[ 1418902ms] [ERROR] Failed to load resource: net::ERR_CONNECTION_REFUSED @ http://localhost:8080/api/auth/users:0
[ 1418903ms] [LOG] Failed to load contacts @ http://localhost:5173/src/App.jsx:1009
[ 1418904ms] [ERROR] Failed to load resource: net::ERR_CONNECTION_REFUSED @ http://localhost:8080/api/groups/mine?username=jade_test:0
[ 1418905ms] [LOG] Failed to load groups @ http://localhost:5173/src/App.jsx:1019
[ 1420793ms] [ERROR] Failed to load resource: net::ERR_CONNECTION_REFUSED @ http://localhost:8080/api/chat/history?user1=jade_test&user2=kai_test:0
[ 1420793ms] [LOG] Failed to load chat history @ http://localhost:5173/src/App.jsx:1066
[ 1422776ms] [ERROR] Failed to load resource: net::ERR_CONNECTION_REFUSED @ http://localhost:8080/api/chat/history?user1=jade_test&user2=kai_test:0
[ 1422776ms] [LOG] Failed to load chat history @ http://localhost:5173/src/App.jsx:1066
[ 1423889ms] [ERROR] Failed to load resource: net::ERR_CONNECTION_REFUSED @ http://localhost:8080/api/auth/users:0
[ 1423889ms] [LOG] Failed to load contacts @ http://localhost:5173/src/App.jsx:1009
[ 1423890ms] [ERROR] Failed to load resource: net::ERR_CONNECTION_REFUSED @ http://localhost:8080/api/groups/mine?username=jade_test:0
[ 1423891ms] [LOG] Failed to load groups @ http://localhost:5173/src/App.jsx:1019
[ 1424777ms] [ERROR] Failed to load resource: net::ERR_CONNECTION_REFUSED @ http://localhost:8080/api/chat/history?user1=jade_test&user2=kai_test:0
[ 1424777ms] [LOG] Failed to load chat history @ http://localhost:5173/src/App.jsx:1066
[ 1426787ms] [ERROR] Failed to load resource: net::ERR_CONNECTION_REFUSED @ http://localhost:8080/api/chat/history?user1=jade_test&user2=kai_test:0
[ 1426787ms] [LOG] Failed to load chat history @ http://localhost:5173/src/App.jsx:1066
[ 1428790ms] [ERROR] Failed to load resource: net::ERR_CONNECTION_REFUSED @ http://localhost:8080/api/chat/history?user1=jade_test&user2=kai_test:0
[ 1428790ms] [LOG] Failed to load chat history @ http://localhost:5173/src/App.jsx:1066
[ 1428900ms] [ERROR] Failed to load resource: net::ERR_CONNECTION_REFUSED @ http://localhost:8080/api/auth/users:0
[ 1428900ms] [LOG] Failed to load contacts @ http://localhost:5173/src/App.jsx:1009
[ 1428902ms] [ERROR] Failed to load resource: net::ERR_CONNECTION_REFUSED @ http://localhost:8080/api/groups/mine?username=jade_test:0
[ 1428902ms] [LOG] Failed to load groups @ http://localhost:5173/src/App.jsx:1019
[ 1430791ms] [ERROR] Failed to load resource: net::ERR_CONNECTION_REFUSED @ http://localhost:8080/api/chat/history?user1=jade_test&user2=kai_test:0
[ 1430791ms] [LOG] Failed to load chat history @ http://localhost:5173/src/App.jsx:1066
[ 1432784ms] [ERROR] Failed to load resource: net::ERR_CONNECTION_REFUSED @ http://localhost:8080/api/chat/history?user1=jade_test&user2=kai_test:0
[ 1432784ms] [LOG] Failed to load chat history @ http://localhost:5173/src/App.jsx:1066
[ 1433898ms] [ERROR] Failed to load resource: net::ERR_CONNECTION_REFUSED @ http://localhost:8080/api/auth/users:0
[ 1433898ms] [LOG] Failed to load contacts @ http://localhost:5173/src/App.jsx:1009
[ 1433899ms] [ERROR] Failed to load resource: net::ERR_CONNECTION_REFUSED @ http://localhost:8080/api/groups/mine?username=jade_test:0
[ 1433899ms] [LOG] Failed to load groups @ http://localhost:5173/src/App.jsx:1019
[ 1434778ms] [ERROR] Failed to load resource: net::ERR_CONNECTION_REFUSED @ http://localhost:8080/api/chat/history?user1=jade_test&user2=kai_test:0
[ 1434781ms] [LOG] Failed to load chat history @ http://localhost:5173/src/App.jsx:1066
[ 1436790ms] [ERROR] Failed to load resource: net::ERR_CONNECTION_REFUSED @ http://localhost:8080/api/chat/history?user1=jade_test&user2=kai_test:0
[ 1436790ms] [LOG] Failed to load chat history @ http://localhost:5173/src/App.jsx:1066
[ 1438785ms] [ERROR] Failed to load resource: net::ERR_CONNECTION_REFUSED @ http://localhost:8080/api/chat/history?user1=jade_test&user2=kai_test:0
[ 1438785ms] [LOG] Failed to load chat history @ http://localhost:5173/src/App.jsx:1066
[ 1438895ms] [ERROR] Failed to load resource: net::ERR_CONNECTION_REFUSED @ http://localhost:8080/api/auth/users:0
[ 1438896ms] [LOG] Failed to load contacts @ http://localhost:5173/src/App.jsx:1009
[ 1438897ms] [ERROR] Failed to load resource: net::ERR_CONNECTION_REFUSED @ http://localhost:8080/api/groups/mine?username=jade_test:0
[ 1438897ms] [LOG] Failed to load groups @ http://localhost:5173/src/App.jsx:1019
[ 1440776ms] [ERROR] Failed to load resource: net::ERR_CONNECTION_REFUSED @ http://localhost:8080/api/chat/history?user1=jade_test&user2=kai_test:0
[ 1440776ms] [LOG] Failed to load chat history @ http://localhost:5173/src/App.jsx:1066
[ 1442781ms] [ERROR] Failed to load resource: net::ERR_CONNECTION_REFUSED @ http://localhost:8080/api/chat/history?user1=jade_test&user2=kai_test:0
[ 1442782ms] [LOG] Failed to load chat history @ http://localhost:5173/src/App.jsx:1066
[ 1443896ms] [ERROR] Failed to load resource: net::ERR_CONNECTION_REFUSED @ http://localhost:8080/api/auth/users:0
[ 1443896ms] [LOG] Failed to load contacts @ http://localhost:5173/src/App.jsx:1009
[ 1443901ms] [ERROR] Failed to load resource: net::ERR_CONNECTION_REFUSED @ http://localhost:8080/api/groups/mine?username=jade_test:0
[ 1443903ms] [LOG] Failed to load groups @ http://localhost:5173/src/App.jsx:1019
[ 1444782ms] [ERROR] Failed to load resource: net::ERR_CONNECTION_REFUSED @ http://localhost:8080/api/chat/history?user1=jade_test&user2=kai_test:0
[ 1444782ms] [LOG] Failed to load chat history @ http://localhost:5173/src/App.jsx:1066
[ 1446787ms] [ERROR] Failed to load resource: net::ERR_CONNECTION_REFUSED @ http://localhost:8080/api/chat/history?user1=jade_test&user2=kai_test:0
[ 1446788ms] [LOG] Failed to load chat history @ http://localhost:5173/src/App.jsx:1066
[ 1448777ms] [ERROR] Failed to load resource: net::ERR_CONNECTION_REFUSED @ http://localhost:8080/api/chat/history?user1=jade_test&user2=kai_test:0
[ 1448777ms] [LOG] Failed to load chat history @ http://localhost:5173/src/App.jsx:1066
[ 1448900ms] [ERROR] Failed to load resource: net::ERR_CONNECTION_REFUSED @ http://localhost:8080/api/auth/users:0
[ 1448903ms] [LOG] Failed to load contacts @ http://localhost:5173/src/App.jsx:1009
[ 1448906ms] [ERROR] Failed to load resource: net::ERR_CONNECTION_REFUSED @ http://localhost:8080/api/groups/mine?username=jade_test:0
[ 1448909ms] [LOG] Failed to load groups @ http://localhost:5173/src/App.jsx:1019
[ 1450788ms] [ERROR] Failed to load resource: net::ERR_CONNECTION_REFUSED @ http://localhost:8080/api/chat/history?user1=jade_test&user2=kai_test:0
[ 1450788ms] [LOG] Failed to load chat history @ http://localhost:5173/src/App.jsx:1066
[ 1452787ms] [ERROR] Failed to load resource: net::ERR_CONNECTION_REFUSED @ http://localhost:8080/api/chat/history?user1=jade_test&user2=kai_test:0
[ 1452796ms] [LOG] Failed to load chat history @ http://localhost:5173/src/App.jsx:1066
[ 1453909ms] [ERROR] Failed to load resource: net::ERR_CONNECTION_REFUSED @ http://localhost:8080/api/auth/users:0
[ 1453914ms] [LOG] Failed to load contacts @ http://localhost:5173/src/App.jsx:1009
[ 1453918ms] [ERROR] Failed to load resource: net::ERR_CONNECTION_REFUSED @ http://localhost:8080/api/groups/mine?username=jade_test:0
[ 1453920ms] [LOG] Failed to load groups @ http://localhost:5173/src/App.jsx:1019
[ 1454790ms] [ERROR] Failed to load resource: net::ERR_CONNECTION_REFUSED @ http://localhost:8080/api/chat/history?user1=jade_test&user2=kai_test:0
[ 1454791ms] [LOG] Failed to load chat history @ http://localhost:5173/src/App.jsx:1066
[ 1456790ms] [ERROR] Failed to load resource: net::ERR_CONNECTION_REFUSED @ http://localhost:8080/api/chat/history?user1=jade_test&user2=kai_test:0
[ 1456790ms] [LOG] Failed to load chat history @ http://localhost:5173/src/App.jsx:1066
[ 1458791ms] [ERROR] Failed to load resource: net::ERR_CONNECTION_REFUSED @ http://localhost:8080/api/chat/history?user1=jade_test&user2=kai_test:0
[ 1458792ms] [LOG] Failed to load chat history @ http://localhost:5173/src/App.jsx:1066
[ 1458901ms] [ERROR] Failed to load resource: net::ERR_CONNECTION_REFUSED @ http://localhost:8080/api/auth/users:0
[ 1458901ms] [LOG] Failed to load contacts @ http://localhost:5173/src/App.jsx:1009
[ 1458902ms] [ERROR] Failed to load resource: net::ERR_CONNECTION_REFUSED @ http://localhost:8080/api/groups/mine?username=jade_test:0
[ 1458903ms] [LOG] Failed to load groups @ http://localhost:5173/src/App.jsx:1019
[ 1460787ms] [ERROR] Failed to load resource: net::ERR_CONNECTION_REFUSED @ http://localhost:8080/api/chat/history?user1=jade_test&user2=kai_test:0
[ 1460787ms] [LOG] Failed to load chat history @ http://localhost:5173/src/App.jsx:1066
[ 1462778ms] [ERROR] Failed to load resource: net::ERR_CONNECTION_REFUSED @ http://localhost:8080/api/chat/history?user1=jade_test&user2=kai_test:0
[ 1462778ms] [LOG] Failed to load chat history @ http://localhost:5173/src/App.jsx:1066
[ 1463891ms] [ERROR] Failed to load resource: net::ERR_CONNECTION_REFUSED @ http://localhost:8080/api/auth/users:0
[ 1463892ms] [LOG] Failed to load contacts @ http://localhost:5173/src/App.jsx:1009
[ 1463894ms] [ERROR] Failed to load resource: net::ERR_CONNECTION_REFUSED @ http://localhost:8080/api/groups/mine?username=jade_test:0
[ 1463894ms] [LOG] Failed to load groups @ http://localhost:5173/src/App.jsx:1019
[ 1464784ms] [ERROR] Failed to load resource: net::ERR_CONNECTION_REFUSED @ http://localhost:8080/api/chat/history?user1=jade_test&user2=kai_test:0
[ 1464784ms] [LOG] Failed to load chat history @ http://localhost:5173/src/App.jsx:1066
[ 1466790ms] [ERROR] Failed to load resource: net::ERR_CONNECTION_REFUSED @ http://localhost:8080/api/chat/history?user1=jade_test&user2=kai_test:0
[ 1466790ms] [LOG] Failed to load chat history @ http://localhost:5173/src/App.jsx:1066
[ 1468784ms] [ERROR] Failed to load resource: net::ERR_CONNECTION_REFUSED @ http://localhost:8080/api/chat/history?user1=jade_test&user2=kai_test:0
[ 1468784ms] [LOG] Failed to load chat history @ http://localhost:5173/src/App.jsx:1066
[ 1468894ms] [ERROR] Failed to load resource: net::ERR_CONNECTION_REFUSED @ http://localhost:8080/api/auth/users:0
[ 1468895ms] [LOG] Failed to load contacts @ http://localhost:5173/src/App.jsx:1009
[ 1468896ms] [ERROR] Failed to load resource: net::ERR_CONNECTION_REFUSED @ http://localhost:8080/api/groups/mine?username=jade_test:0
[ 1468896ms] [LOG] Failed to load groups @ http://localhost:5173/src/App.jsx:1019
[ 1470779ms] [ERROR] Failed to load resource: net::ERR_CONNECTION_REFUSED @ http://localhost:8080/api/chat/history?user1=jade_test&user2=kai_test:0
[ 1470779ms] [LOG] Failed to load chat history @ http://localhost:5173/src/App.jsx:1066
[ 1472784ms] [ERROR] Failed to load resource: net::ERR_CONNECTION_REFUSED @ http://localhost:8080/api/chat/history?user1=jade_test&user2=kai_test:0
[ 1472784ms] [LOG] Failed to load chat history @ http://localhost:5173/src/App.jsx:1066
[ 1473902ms] [ERROR] Failed to load resource: net::ERR_CONNECTION_REFUSED @ http://localhost:8080/api/auth/users:0
[ 1473902ms] [LOG] Failed to load contacts @ http://localhost:5173/src/App.jsx:1009
[ 1473904ms] [ERROR] Failed to load resource: net::ERR_CONNECTION_REFUSED @ http://localhost:8080/api/groups/mine?username=jade_test:0
[ 1473904ms] [LOG] Failed to load groups @ http://localhost:5173/src/App.jsx:1019
[ 1474780ms] [ERROR] Failed to load resource: net::ERR_CONNECTION_REFUSED @ http://localhost:8080/api/chat/history?user1=jade_test&user2=kai_test:0
[ 1474780ms] [LOG] Failed to load chat history @ http://localhost:5173/src/App.jsx:1066
[ 1476780ms] [ERROR] Failed to load resource: net::ERR_CONNECTION_REFUSED @ http://localhost:8080/api/chat/history?user1=jade_test&user2=kai_test:0
[ 1476781ms] [LOG] Failed to load chat history @ http://localhost:5173/src/App.jsx:1066
[ 1478786ms] [ERROR] Failed to load resource: net::ERR_CONNECTION_REFUSED @ http://localhost:8080/api/chat/history?user1=jade_test&user2=kai_test:0
[ 1478786ms] [LOG] Failed to load chat history @ http://localhost:5173/src/App.jsx:1066
[ 1478895ms] [ERROR] Failed to load resource: net::ERR_CONNECTION_REFUSED @ http://localhost:8080/api/auth/users:0
[ 1478895ms] [LOG] Failed to load contacts @ http://localhost:5173/src/App.jsx:1009
[ 1478896ms] [ERROR] Failed to load resource: net::ERR_CONNECTION_REFUSED @ http://localhost:8080/api/groups/mine?username=jade_test:0
[ 1478897ms] [LOG] Failed to load groups @ http://localhost:5173/src/App.jsx:1019
[ 1480783ms] [ERROR] Failed to load resource: net::ERR_CONNECTION_REFUSED @ http://localhost:8080/api/chat/history?user1=jade_test&user2=kai_test:0
[ 1480783ms] [LOG] Failed to load chat history @ http://localhost:5173/src/App.jsx:1066
[ 1482785ms] [ERROR] Failed to load resource: net::ERR_CONNECTION_REFUSED @ http://localhost:8080/api/chat/history?user1=jade_test&user2=kai_test:0
[ 1482785ms] [LOG] Failed to load chat history @ http://localhost:5173/src/App.jsx:1066
[ 1483899ms] [ERROR] Failed to load resource: net::ERR_CONNECTION_REFUSED @ http://localhost:8080/api/auth/users:0
[ 1483902ms] [LOG] Failed to load contacts @ http://localhost:5173/src/App.jsx:1009
[ 1483904ms] [ERROR] Failed to load resource: net::ERR_CONNECTION_REFUSED @ http://localhost:8080/api/groups/mine?username=jade_test:0
[ 1483905ms] [LOG] Failed to load groups @ http://localhost:5173/src/App.jsx:1019
[ 1484776ms] [ERROR] Failed to load resource: net::ERR_CONNECTION_REFUSED @ http://localhost:8080/api/chat/history?user1=jade_test&user2=kai_test:0
[ 1484776ms] [LOG] Failed to load chat history @ http://localhost:5173/src/App.jsx:1066
[ 1486783ms] [ERROR] Failed to load resource: net::ERR_CONNECTION_REFUSED @ http://localhost:8080/api/chat/history?user1=jade_test&user2=kai_test:0
[ 1486784ms] [LOG] Failed to load chat history @ http://localhost:5173/src/App.jsx:1066
[ 1488790ms] [ERROR] Failed to load resource: net::ERR_CONNECTION_REFUSED @ http://localhost:8080/api/chat/history?user1=jade_test&user2=kai_test:0
[ 1488790ms] [LOG] Failed to load chat history @ http://localhost:5173/src/App.jsx:1066
[ 1488900ms] [ERROR] Failed to load resource: net::ERR_CONNECTION_REFUSED @ http://localhost:8080/api/auth/users:0
[ 1488900ms] [LOG] Failed to load contacts @ http://localhost:5173/src/App.jsx:1009
[ 1488901ms] [ERROR] Failed to load resource: net::ERR_CONNECTION_REFUSED @ http://localhost:8080/api/groups/mine?username=jade_test:0
[ 1488902ms] [LOG] Failed to load groups @ http://localhost:5173/src/App.jsx:1019
[ 1490781ms] [ERROR] Failed to load resource: net::ERR_CONNECTION_REFUSED @ http://localhost:8080/api/chat/history?user1=jade_test&user2=kai_test:0
[ 1490781ms] [LOG] Failed to load chat history @ http://localhost:5173/src/App.jsx:1066
[ 1492788ms] [ERROR] Failed to load resource: net::ERR_CONNECTION_REFUSED @ http://localhost:8080/api/chat/history?user1=jade_test&user2=kai_test:0
[ 1492788ms] [LOG] Failed to load chat history @ http://localhost:5173/src/App.jsx:1066
[ 1493895ms] [ERROR] Failed to load resource: net::ERR_CONNECTION_REFUSED @ http://localhost:8080/api/auth/users:0
[ 1493895ms] [LOG] Failed to load contacts @ http://localhost:5173/src/App.jsx:1009
[ 1493896ms] [ERROR] Failed to load resource: net::ERR_CONNECTION_REFUSED @ http://localhost:8080/api/groups/mine?username=jade_test:0
[ 1493897ms] [LOG] Failed to load groups @ http://localhost:5173/src/App.jsx:1019
[ 1494791ms] [ERROR] Failed to load resource: net::ERR_CONNECTION_REFUSED @ http://localhost:8080/api/chat/history?user1=jade_test&user2=kai_test:0
[ 1494795ms] [LOG] Failed to load chat history @ http://localhost:5173/src/App.jsx:1066
[ 1496782ms] [ERROR] Failed to load resource: net::ERR_CONNECTION_REFUSED @ http://localhost:8080/api/chat/history?user1=jade_test&user2=kai_test:0
[ 1496782ms] [LOG] Failed to load chat history @ http://localhost:5173/src/App.jsx:1066
[ 1498849ms] [ERROR] Failed to load resource: net::ERR_CONNECTION_REFUSED @ http://localhost:8080/api/chat/history?user1=jade_test&user2=kai_test:0
[ 1498850ms] [LOG] Failed to load chat history @ http://localhost:5173/src/App.jsx:1066
[ 1498903ms] [ERROR] Failed to load resource: net::ERR_CONNECTION_REFUSED @ http://localhost:8080/api/auth/users:0
[ 1498905ms] [LOG] Failed to load contacts @ http://localhost:5173/src/App.jsx:1009
[ 1498909ms] [ERROR] Failed to load resource: net::ERR_CONNECTION_REFUSED @ http://localhost:8080/api/groups/mine?username=jade_test:0
[ 1498912ms] [LOG] Failed to load groups @ http://localhost:5173/src/App.jsx:1019
[ 1500776ms] [ERROR] Failed to load resource: net::ERR_CONNECTION_REFUSED @ http://localhost:8080/api/chat/history?user1=jade_test&user2=kai_test:0
[ 1500776ms] [LOG] Failed to load chat history @ http://localhost:5173/src/App.jsx:1066
[ 1502779ms] [ERROR] Failed to load resource: net::ERR_CONNECTION_REFUSED @ http://localhost:8080/api/chat/history?user1=jade_test&user2=kai_test:0
[ 1502779ms] [LOG] Failed to load chat history @ http://localhost:5173/src/App.jsx:1066
[ 1503896ms] [ERROR] Failed to load resource: net::ERR_CONNECTION_REFUSED @ http://localhost:8080/api/auth/users:0
[ 1503896ms] [LOG] Failed to load contacts @ http://localhost:5173/src/App.jsx:1009
[ 1503898ms] [ERROR] Failed to load resource: net::ERR_CONNECTION_REFUSED @ http://localhost:8080/api/groups/mine?username=jade_test:0
[ 1503898ms] [LOG] Failed to load groups @ http://localhost:5173/src/App.jsx:1019
[ 1504789ms] [ERROR] Failed to load resource: net::ERR_CONNECTION_REFUSED @ http://localhost:8080/api/chat/history?user1=jade_test&user2=kai_test:0
[ 1504789ms] [LOG] Failed to load chat history @ http://localhost:5173/src/App.jsx:1066
[ 1506780ms] [ERROR] Failed to load resource: net::ERR_CONNECTION_REFUSED @ http://localhost:8080/api/chat/history?user1=jade_test&user2=kai_test:0
[ 1506780ms] [LOG] Failed to load chat history @ http://localhost:5173/src/App.jsx:1066
[ 1508776ms] [ERROR] Failed to load resource: net::ERR_CONNECTION_REFUSED @ http://localhost:8080/api/chat/history?user1=jade_test&user2=kai_test:0
[ 1508776ms] [LOG] Failed to load chat history @ http://localhost:5173/src/App.jsx:1066
[ 1508901ms] [ERROR] Failed to load resource: net::ERR_CONNECTION_REFUSED @ http://localhost:8080/api/auth/users:0
[ 1508901ms] [LOG] Failed to load contacts @ http://localhost:5173/src/App.jsx:1009
[ 1508901ms] [ERROR] Failed to load resource: net::ERR_CONNECTION_REFUSED @ http://localhost:8080/api/groups/mine?username=jade_test:0
[ 1508902ms] [LOG] Failed to load groups @ http://localhost:5173/src/App.jsx:1019
[ 1510782ms] [ERROR] Failed to load resource: net::ERR_CONNECTION_REFUSED @ http://localhost:8080/api/chat/history?user1=jade_test&user2=kai_test:0
[ 1510782ms] [LOG] Failed to load chat history @ http://localhost:5173/src/App.jsx:1066
[ 1512784ms] [ERROR] Failed to load resource: net::ERR_CONNECTION_REFUSED @ http://localhost:8080/api/chat/history?user1=jade_test&user2=kai_test:0
[ 1512784ms] [LOG] Failed to load chat history @ http://localhost:5173/src/App.jsx:1066
[ 1513892ms] [ERROR] Failed to load resource: net::ERR_CONNECTION_REFUSED @ http://localhost:8080/api/auth/users:0
[ 1513893ms] [LOG] Failed to load contacts @ http://localhost:5173/src/App.jsx:1009
[ 1513893ms] [ERROR] Failed to load resource: net::ERR_CONNECTION_REFUSED @ http://localhost:8080/api/groups/mine?username=jade_test:0
[ 1513894ms] [LOG] Failed to load groups @ http://localhost:5173/src/App.jsx:1019
[ 1514780ms] [ERROR] Failed to load resource: net::ERR_CONNECTION_REFUSED @ http://localhost:8080/api/chat/history?user1=jade_test&user2=kai_test:0
[ 1514780ms] [LOG] Failed to load chat history @ http://localhost:5173/src/App.jsx:1066
[ 1516776ms] [ERROR] Failed to load resource: net::ERR_CONNECTION_REFUSED @ http://localhost:8080/api/chat/history?user1=jade_test&user2=kai_test:0
[ 1516776ms] [LOG] Failed to load chat history @ http://localhost:5173/src/App.jsx:1066
[ 1518782ms] [ERROR] Failed to load resource: net::ERR_CONNECTION_REFUSED @ http://localhost:8080/api/chat/history?user1=jade_test&user2=kai_test:0
[ 1518782ms] [LOG] Failed to load chat history @ http://localhost:5173/src/App.jsx:1066
[ 1518891ms] [ERROR] Failed to load resource: net::ERR_CONNECTION_REFUSED @ http://localhost:8080/api/auth/users:0
[ 1518891ms] [LOG] Failed to load contacts @ http://localhost:5173/src/App.jsx:1009
[ 1518892ms] [ERROR] Failed to load resource: net::ERR_CONNECTION_REFUSED @ http://localhost:8080/api/groups/mine?username=jade_test:0
[ 1518893ms] [LOG] Failed to load groups @ http://localhost:5173/src/App.jsx:1019
[ 1520786ms] [ERROR] Failed to load resource: net::ERR_CONNECTION_REFUSED @ http://localhost:8080/api/chat/history?user1=jade_test&user2=kai_test:0
[ 1520786ms] [LOG] Failed to load chat history @ http://localhost:5173/src/App.jsx:1066
[ 1522790ms] [ERROR] Failed to load resource: net::ERR_CONNECTION_REFUSED @ http://localhost:8080/api/chat/history?user1=jade_test&user2=kai_test:0
[ 1522790ms] [LOG] Failed to load chat history @ http://localhost:5173/src/App.jsx:1066
[ 1523892ms] [ERROR] Failed to load resource: net::ERR_CONNECTION_REFUSED @ http://localhost:8080/api/auth/users:0
[ 1523893ms] [LOG] Failed to load contacts @ http://localhost:5173/src/App.jsx:1009
[ 1523894ms] [ERROR] Failed to load resource: net::ERR_CONNECTION_REFUSED @ http://localhost:8080/api/groups/mine?username=jade_test:0
[ 1523895ms] [LOG] Failed to load groups @ http://localhost:5173/src/App.jsx:1019
[ 1524786ms] [ERROR] Failed to load resource: net::ERR_CONNECTION_REFUSED @ http://localhost:8080/api/chat/history?user1=jade_test&user2=kai_test:0
[ 1524787ms] [LOG] Failed to load chat history @ http://localhost:5173/src/App.jsx:1066
[ 1526777ms] [ERROR] Failed to load resource: net::ERR_CONNECTION_REFUSED @ http://localhost:8080/api/chat/history?user1=jade_test&user2=kai_test:0
[ 1526777ms] [LOG] Failed to load chat history @ http://localhost:5173/src/App.jsx:1066
[ 1528784ms] [ERROR] Failed to load resource: net::ERR_CONNECTION_REFUSED @ http://localhost:8080/api/chat/history?user1=jade_test&user2=kai_test:0
[ 1528784ms] [LOG] Failed to load chat history @ http://localhost:5173/src/App.jsx:1066
[ 1528894ms] [ERROR] Failed to load resource: net::ERR_CONNECTION_REFUSED @ http://localhost:8080/api/auth/users:0
[ 1528895ms] [LOG] Failed to load contacts @ http://localhost:5173/src/App.jsx:1009
[ 1528896ms] [ERROR] Failed to load resource: net::ERR_CONNECTION_REFUSED @ http://localhost:8080/api/groups/mine?username=jade_test:0
[ 1528897ms] [LOG] Failed to load groups @ http://localhost:5173/src/App.jsx:1019
[ 1530786ms] [ERROR] Failed to load resource: net::ERR_CONNECTION_REFUSED @ http://localhost:8080/api/chat/history?user1=jade_test&user2=kai_test:0
[ 1530786ms] [LOG] Failed to load chat history @ http://localhost:5173/src/App.jsx:1066
[ 1532781ms] [ERROR] Failed to load resource: net::ERR_CONNECTION_REFUSED @ http://localhost:8080/api/chat/history?user1=jade_test&user2=kai_test:0
[ 1532781ms] [LOG] Failed to load chat history @ http://localhost:5173/src/App.jsx:1066
[ 1533896ms] [ERROR] Failed to load resource: net::ERR_CONNECTION_REFUSED @ http://localhost:8080/api/auth/users:0
[ 1533896ms] [LOG] Failed to load contacts @ http://localhost:5173/src/App.jsx:1009
[ 1533896ms] [ERROR] Failed to load resource: net::ERR_CONNECTION_REFUSED @ http://localhost:8080/api/groups/mine?username=jade_test:0
[ 1533897ms] [LOG] Failed to load groups @ http://localhost:5173/src/App.jsx:1019
[ 1534792ms] [ERROR] Failed to load resource: net::ERR_CONNECTION_REFUSED @ http://localhost:8080/api/chat/history?user1=jade_test&user2=kai_test:0
[ 1534792ms] [LOG] Failed to load chat history @ http://localhost:5173/src/App.jsx:1066
[ 1536789ms] [ERROR] Failed to load resource: net::ERR_CONNECTION_REFUSED @ http://localhost:8080/api/chat/history?user1=jade_test&user2=kai_test:0
[ 1536789ms] [LOG] Failed to load chat history @ http://localhost:5173/src/App.jsx:1066
[ 1538786ms] [ERROR] Failed to load resource: net::ERR_CONNECTION_REFUSED @ http://localhost:8080/api/chat/history?user1=jade_test&user2=kai_test:0
[ 1538787ms] [LOG] Failed to load chat history @ http://localhost:5173/src/App.jsx:1066
[ 1538895ms] [ERROR] Failed to load resource: net::ERR_CONNECTION_REFUSED @ http://localhost:8080/api/auth/users:0
[ 1538896ms] [LOG] Failed to load contacts @ http://localhost:5173/src/App.jsx:1009
[ 1538897ms] [ERROR] Failed to load resource: net::ERR_CONNECTION_REFUSED @ http://localhost:8080/api/groups/mine?username=jade_test:0
[ 1538897ms] [LOG] Failed to load groups @ http://localhost:5173/src/App.jsx:1019
[ 1540792ms] [ERROR] Failed to load resource: net::ERR_CONNECTION_REFUSED @ http://localhost:8080/api/chat/history?user1=jade_test&user2=kai_test:0
[ 1540795ms] [LOG] Failed to load chat history @ http://localhost:5173/src/App.jsx:1066
[ 1542786ms] [ERROR] Failed to load resource: net::ERR_CONNECTION_REFUSED @ http://localhost:8080/api/chat/history?user1=jade_test&user2=kai_test:0
[ 1542787ms] [LOG] Failed to load chat history @ http://localhost:5173/src/App.jsx:1066
[ 1543895ms] [ERROR] Failed to load resource: net::ERR_CONNECTION_REFUSED @ http://localhost:8080/api/auth/users:0
[ 1543895ms] [LOG] Failed to load contacts @ http://localhost:5173/src/App.jsx:1009
[ 1543898ms] [ERROR] Failed to load resource: net::ERR_CONNECTION_REFUSED @ http://localhost:8080/api/groups/mine?username=jade_test:0
[ 1543898ms] [LOG] Failed to load groups @ http://localhost:5173/src/App.jsx:1019
[ 1544784ms] [ERROR] Failed to load resource: net::ERR_CONNECTION_REFUSED @ http://localhost:8080/api/chat/history?user1=jade_test&user2=kai_test:0
[ 1544785ms] [LOG] Failed to load chat history @ http://localhost:5173/src/App.jsx:1066
[ 1546786ms] [ERROR] Failed to load resource: net::ERR_CONNECTION_REFUSED @ http://localhost:8080/api/chat/history?user1=jade_test&user2=kai_test:0
[ 1546787ms] [LOG] Failed to load chat history @ http://localhost:5173/src/App.jsx:1066
[ 1548790ms] [ERROR] Failed to load resource: net::ERR_CONNECTION_REFUSED @ http://localhost:8080/api/chat/history?user1=jade_test&user2=kai_test:0
[ 1548791ms] [LOG] Failed to load chat history @ http://localhost:5173/src/App.jsx:1066
[ 1548899ms] [ERROR] Failed to load resource: net::ERR_CONNECTION_REFUSED @ http://localhost:8080/api/auth/users:0
[ 1548899ms] [LOG] Failed to load contacts @ http://localhost:5173/src/App.jsx:1009
[ 1548900ms] [ERROR] Failed to load resource: net::ERR_CONNECTION_REFUSED @ http://localhost:8080/api/groups/mine?username=jade_test:0
[ 1548900ms] [LOG] Failed to load groups @ http://localhost:5173/src/App.jsx:1019
[ 1550783ms] [ERROR] Failed to load resource: net::ERR_CONNECTION_REFUSED @ http://localhost:8080/api/chat/history?user1=jade_test&user2=kai_test:0
[ 1550783ms] [LOG] Failed to load chat history @ http://localhost:5173/src/App.jsx:1066
[ 1552780ms] [ERROR] Failed to load resource: net::ERR_CONNECTION_REFUSED @ http://localhost:8080/api/chat/history?user1=jade_test&user2=kai_test:0
[ 1552781ms] [LOG] Failed to load chat history @ http://localhost:5173/src/App.jsx:1066
[ 1553898ms] [ERROR] Failed to load resource: net::ERR_CONNECTION_REFUSED @ http://localhost:8080/api/auth/users:0
[ 1553898ms] [LOG] Failed to load contacts @ http://localhost:5173/src/App.jsx:1009
[ 1553900ms] [ERROR] Failed to load resource: net::ERR_CONNECTION_REFUSED @ http://localhost:8080/api/groups/mine?username=jade_test:0
[ 1553902ms] [LOG] Failed to load groups @ http://localhost:5173/src/App.jsx:1019
[ 1554786ms] [ERROR] Failed to load resource: net::ERR_CONNECTION_REFUSED @ http://localhost:8080/api/chat/history?user1=jade_test&user2=kai_test:0
[ 1554786ms] [LOG] Failed to load chat history @ http://localhost:5173/src/App.jsx:1066
[ 1556777ms] [ERROR] Failed to load resource: net::ERR_CONNECTION_REFUSED @ http://localhost:8080/api/chat/history?user1=jade_test&user2=kai_test:0
[ 1556777ms] [LOG] Failed to load chat history @ http://localhost:5173/src/App.jsx:1066
[ 1558785ms] [ERROR] Failed to load resource: net::ERR_CONNECTION_REFUSED @ http://localhost:8080/api/chat/history?user1=jade_test&user2=kai_test:0
[ 1558785ms] [LOG] Failed to load chat history @ http://localhost:5173/src/App.jsx:1066
[ 1558892ms] [ERROR] Failed to load resource: net::ERR_CONNECTION_REFUSED @ http://localhost:8080/api/auth/users:0
[ 1558893ms] [LOG] Failed to load contacts @ http://localhost:5173/src/App.jsx:1009
[ 1558893ms] [ERROR] Failed to load resource: net::ERR_CONNECTION_REFUSED @ http://localhost:8080/api/groups/mine?username=jade_test:0
[ 1558893ms] [LOG] Failed to load groups @ http://localhost:5173/src/App.jsx:1019
[ 1560787ms] [ERROR] Failed to load resource: net::ERR_CONNECTION_REFUSED @ http://localhost:8080/api/chat/history?user1=jade_test&user2=kai_test:0
[ 1560787ms] [LOG] Failed to load chat history @ http://localhost:5173/src/App.jsx:1066
[ 1562789ms] [ERROR] Failed to load resource: net::ERR_CONNECTION_REFUSED @ http://localhost:8080/api/chat/history?user1=jade_test&user2=kai_test:0
[ 1562789ms] [LOG] Failed to load chat history @ http://localhost:5173/src/App.jsx:1066
[ 1563903ms] [ERROR] Failed to load resource: net::ERR_CONNECTION_REFUSED @ http://localhost:8080/api/auth/users:0
[ 1563917ms] [LOG] Failed to load contacts @ http://localhost:5173/src/App.jsx:1009
[ 1563919ms] [ERROR] Failed to load resource: net::ERR_CONNECTION_REFUSED @ http://localhost:8080/api/groups/mine?username=jade_test:0
[ 1563919ms] [LOG] Failed to load groups @ http://localhost:5173/src/App.jsx:1019
[ 1564780ms] [ERROR] Failed to load resource: net::ERR_CONNECTION_REFUSED @ http://localhost:8080/api/chat/history?user1=jade_test&user2=kai_test:0
[ 1564781ms] [LOG] Failed to load chat history @ http://localhost:5173/src/App.jsx:1066
[ 1566786ms] [ERROR] Failed to load resource: net::ERR_CONNECTION_REFUSED @ http://localhost:8080/api/chat/history?user1=jade_test&user2=kai_test:0
[ 1566786ms] [LOG] Failed to load chat history @ http://localhost:5173/src/App.jsx:1066
[ 1568777ms] [ERROR] Failed to load resource: net::ERR_CONNECTION_REFUSED @ http://localhost:8080/api/chat/history?user1=jade_test&user2=kai_test:0
[ 1568778ms] [LOG] Failed to load chat history @ http://localhost:5173/src/App.jsx:1066
[ 1568893ms] [ERROR] Failed to load resource: net::ERR_CONNECTION_REFUSED @ http://localhost:8080/api/auth/users:0
[ 1568893ms] [LOG] Failed to load contacts @ http://localhost:5173/src/App.jsx:1009
[ 1568894ms] [ERROR] Failed to load resource: net::ERR_CONNECTION_REFUSED @ http://localhost:8080/api/groups/mine?username=jade_test:0
[ 1568896ms] [LOG] Failed to load groups @ http://localhost:5173/src/App.jsx:1019
[ 1570775ms] [ERROR] Failed to load resource: net::ERR_CONNECTION_REFUSED @ http://localhost:8080/api/chat/history?user1=jade_test&user2=kai_test:0
[ 1570775ms] [LOG] Failed to load chat history @ http://localhost:5173/src/App.jsx:1066
[ 1572792ms] [ERROR] Failed to load resource: net::ERR_CONNECTION_REFUSED @ http://localhost:8080/api/chat/history?user1=jade_test&user2=kai_test:0
[ 1572792ms] [LOG] Failed to load chat history @ http://localhost:5173/src/App.jsx:1066
[ 1573899ms] [ERROR] Failed to load resource: net::ERR_CONNECTION_REFUSED @ http://localhost:8080/api/auth/users:0
[ 1573899ms] [LOG] Failed to load contacts @ http://localhost:5173/src/App.jsx:1009
[ 1573901ms] [ERROR] Failed to load resource: net::ERR_CONNECTION_REFUSED @ http://localhost:8080/api/groups/mine?username=jade_test:0
[ 1573901ms] [LOG] Failed to load groups @ http://localhost:5173/src/App.jsx:1019
[ 1574789ms] [ERROR] Failed to load resource: net::ERR_CONNECTION_REFUSED @ http://localhost:8080/api/chat/history?user1=jade_test&user2=kai_test:0
[ 1574789ms] [LOG] Failed to load chat history @ http://localhost:5173/src/App.jsx:1066
[ 1576782ms] [ERROR] Failed to load resource: net::ERR_CONNECTION_REFUSED @ http://localhost:8080/api/chat/history?user1=jade_test&user2=kai_test:0
[ 1576783ms] [LOG] Failed to load chat history @ http://localhost:5173/src/App.jsx:1066
[ 1578787ms] [ERROR] Failed to load resource: net::ERR_CONNECTION_REFUSED @ http://localhost:8080/api/chat/history?user1=jade_test&user2=kai_test:0
[ 1578787ms] [LOG] Failed to load chat history @ http://localhost:5173/src/App.jsx:1066
[ 1578897ms] [ERROR] Failed to load resource: net::ERR_CONNECTION_REFUSED @ http://localhost:8080/api/auth/users:0
[ 1578898ms] [LOG] Failed to load contacts @ http://localhost:5173/src/App.jsx:1009
[ 1578899ms] [ERROR] Failed to load resource: net::ERR_CONNECTION_REFUSED @ http://localhost:8080/api/groups/mine?username=jade_test:0
[ 1578900ms] [LOG] Failed to load groups @ http://localhost:5173/src/App.jsx:1019
[ 1580787ms] [ERROR] Failed to load resource: net::ERR_CONNECTION_REFUSED @ http://localhost:8080/api/chat/history?user1=jade_test&user2=kai_test:0
[ 1580787ms] [LOG] Failed to load chat history @ http://localhost:5173/src/App.jsx:1066
[ 1582788ms] [ERROR] Failed to load resource: net::ERR_CONNECTION_REFUSED @ http://localhost:8080/api/chat/history?user1=jade_test&user2=kai_test:0
[ 1582788ms] [LOG] Failed to load chat history @ http://localhost:5173/src/App.jsx:1066
[ 1583889ms] [ERROR] Failed to load resource: net::ERR_CONNECTION_REFUSED @ http://localhost:8080/api/auth/users:0
[ 1583890ms] [LOG] Failed to load contacts @ http://localhost:5173/src/App.jsx:1009
[ 1583890ms] [ERROR] Failed to load resource: net::ERR_CONNECTION_REFUSED @ http://localhost:8080/api/groups/mine?username=jade_test:0
[ 1583890ms] [LOG] Failed to load groups @ http://localhost:5173/src/App.jsx:1019
[ 1584782ms] [ERROR] Failed to load resource: net::ERR_CONNECTION_REFUSED @ http://localhost:8080/api/chat/history?user1=jade_test&user2=kai_test:0
[ 1584782ms] [LOG] Failed to load chat history @ http://localhost:5173/src/App.jsx:1066
[ 1586796ms] [ERROR] Failed to load resource: net::ERR_CONNECTION_REFUSED @ http://localhost:8080/api/chat/history?user1=jade_test&user2=kai_test:0
[ 1586796ms] [LOG] Failed to load chat history @ http://localhost:5173/src/App.jsx:1066
[ 1588791ms] [ERROR] Failed to load resource: net::ERR_CONNECTION_REFUSED @ http://localhost:8080/api/chat/history?user1=jade_test&user2=kai_test:0
[ 1588791ms] [LOG] Failed to load chat history @ http://localhost:5173/src/App.jsx:1066
[ 1588901ms] [ERROR] Failed to load resource: net::ERR_CONNECTION_REFUSED @ http://localhost:8080/api/auth/users:0
[ 1588902ms] [LOG] Failed to load contacts @ http://localhost:5173/src/App.jsx:1009
[ 1588905ms] [ERROR] Failed to load resource: net::ERR_CONNECTION_REFUSED @ http://localhost:8080/api/groups/mine?username=jade_test:0
[ 1588905ms] [LOG] Failed to load groups @ http://localhost:5173/src/App.jsx:1019
[ 1590788ms] [ERROR] Failed to load resource: net::ERR_CONNECTION_REFUSED @ http://localhost:8080/api/chat/history?user1=jade_test&user2=kai_test:0
[ 1590788ms] [LOG] Failed to load chat history @ http://localhost:5173/src/App.jsx:1066
[ 1592788ms] [ERROR] Failed to load resource: net::ERR_CONNECTION_REFUSED @ http://localhost:8080/api/chat/history?user1=jade_test&user2=kai_test:0
[ 1592788ms] [LOG] Failed to load chat history @ http://localhost:5173/src/App.jsx:1066
[ 1593899ms] [ERROR] Failed to load resource: net::ERR_CONNECTION_REFUSED @ http://localhost:8080/api/auth/users:0
[ 1593899ms] [LOG] Failed to load contacts @ http://localhost:5173/src/App.jsx:1009
[ 1593901ms] [ERROR] Failed to load resource: net::ERR_CONNECTION_REFUSED @ http://localhost:8080/api/groups/mine?username=jade_test:0
[ 1593901ms] [LOG] Failed to load groups @ http://localhost:5173/src/App.jsx:1019
[ 1594775ms] [ERROR] Failed to load resource: net::ERR_CONNECTION_REFUSED @ http://localhost:8080/api/chat/history?user1=jade_test&user2=kai_test:0
[ 1594776ms] [LOG] Failed to load chat history @ http://localhost:5173/src/App.jsx:1066
[ 1596777ms] [ERROR] Failed to load resource: net::ERR_CONNECTION_REFUSED @ http://localhost:8080/api/chat/history?user1=jade_test&user2=kai_test:0
[ 1596777ms] [LOG] Failed to load chat history @ http://localhost:5173/src/App.jsx:1066
[ 1598780ms] [ERROR] Failed to load resource: net::ERR_CONNECTION_REFUSED @ http://localhost:8080/api/chat/history?user1=jade_test&user2=kai_test:0
[ 1598780ms] [LOG] Failed to load chat history @ http://localhost:5173/src/App.jsx:1066
[ 1598888ms] [ERROR] Failed to load resource: net::ERR_CONNECTION_REFUSED @ http://localhost:8080/api/auth/users:0
[ 1598888ms] [LOG] Failed to load contacts @ http://localhost:5173/src/App.jsx:1009
[ 1598890ms] [ERROR] Failed to load resource: net::ERR_CONNECTION_REFUSED @ http://localhost:8080/api/groups/mine?username=jade_test:0
[ 1598890ms] [LOG] Failed to load groups @ http://localhost:5173/src/App.jsx:1019
[ 1600991ms] [ERROR] Failed to load resource: net::ERR_CONNECTION_REFUSED @ http://localhost:8080/api/chat/history?user1=jade_test&user2=kai_test:0
[ 1600996ms] [LOG] Failed to load chat history @ http://localhost:5173/src/App.jsx:1066
[ 1602777ms] [ERROR] Failed to load resource: net::ERR_CONNECTION_REFUSED @ http://localhost:8080/api/chat/history?user1=jade_test&user2=kai_test:0
[ 1602777ms] [LOG] Failed to load chat history @ http://localhost:5173/src/App.jsx:1066
[ 1603896ms] [ERROR] Failed to load resource: net::ERR_CONNECTION_REFUSED @ http://localhost:8080/api/auth/users:0
[ 1603897ms] [LOG] Failed to load contacts @ http://localhost:5173/src/App.jsx:1009
[ 1603898ms] [ERROR] Failed to load resource: net::ERR_CONNECTION_REFUSED @ http://localhost:8080/api/groups/mine?username=jade_test:0
[ 1603899ms] [LOG] Failed to load groups @ http://localhost:5173/src/App.jsx:1019
[ 1604775ms] [ERROR] Failed to load resource: net::ERR_CONNECTION_REFUSED @ http://localhost:8080/api/chat/history?user1=jade_test&user2=kai_test:0
[ 1604775ms] [LOG] Failed to load chat history @ http://localhost:5173/src/App.jsx:1066
[ 1606780ms] [ERROR] Failed to load resource: net::ERR_CONNECTION_REFUSED @ http://localhost:8080/api/chat/history?user1=jade_test&user2=kai_test:0
[ 1606780ms] [LOG] Failed to load chat history @ http://localhost:5173/src/App.jsx:1066
[ 1608778ms] [ERROR] Failed to load resource: net::ERR_CONNECTION_REFUSED @ http://localhost:8080/api/chat/history?user1=jade_test&user2=kai_test:0
[ 1608778ms] [LOG] Failed to load chat history @ http://localhost:5173/src/App.jsx:1066
[ 1608889ms] [ERROR] Failed to load resource: net::ERR_CONNECTION_REFUSED @ http://localhost:8080/api/auth/users:0
[ 1608889ms] [LOG] Failed to load contacts @ http://localhost:5173/src/App.jsx:1009
[ 1608890ms] [ERROR] Failed to load resource: net::ERR_CONNECTION_REFUSED @ http://localhost:8080/api/groups/mine?username=jade_test:0
[ 1608890ms] [LOG] Failed to load groups @ http://localhost:5173/src/App.jsx:1019
[ 1610789ms] [ERROR] Failed to load resource: net::ERR_CONNECTION_REFUSED @ http://localhost:8080/api/chat/history?user1=jade_test&user2=kai_test:0
[ 1610789ms] [LOG] Failed to load chat history @ http://localhost:5173/src/App.jsx:1066
[ 1612782ms] [ERROR] Failed to load resource: net::ERR_CONNECTION_REFUSED @ http://localhost:8080/api/chat/history?user1=jade_test&user2=kai_test:0
[ 1612782ms] [LOG] Failed to load chat history @ http://localhost:5173/src/App.jsx:1066
[ 1613899ms] [ERROR] Failed to load resource: net::ERR_CONNECTION_REFUSED @ http://localhost:8080/api/auth/users:0
[ 1613900ms] [LOG] Failed to load contacts @ http://localhost:5173/src/App.jsx:1009
[ 1613904ms] [ERROR] Failed to load resource: net::ERR_CONNECTION_REFUSED @ http://localhost:8080/api/groups/mine?username=jade_test:0
[ 1613904ms] [LOG] Failed to load groups @ http://localhost:5173/src/App.jsx:1019
[ 1615095ms] [ERROR] Failed to load resource: net::ERR_CONNECTION_REFUSED @ http://localhost:8080/api/chat/history?user1=jade_test&user2=kai_test:0
[ 1615096ms] [LOG] Failed to load chat history @ http://localhost:5173/src/App.jsx:1066
[ 1616787ms] [ERROR] Failed to load resource: net::ERR_CONNECTION_REFUSED @ http://localhost:8080/api/chat/history?user1=jade_test&user2=kai_test:0
[ 1616787ms] [LOG] Failed to load chat history @ http://localhost:5173/src/App.jsx:1066
[ 1618787ms] [ERROR] Failed to load resource: net::ERR_CONNECTION_REFUSED @ http://localhost:8080/api/chat/history?user1=jade_test&user2=kai_test:0
[ 1618787ms] [LOG] Failed to load chat history @ http://localhost:5173/src/App.jsx:1066
[ 1618899ms] [ERROR] Failed to load resource: net::ERR_CONNECTION_REFUSED @ http://localhost:8080/api/auth/users:0
[ 1618900ms] [LOG] Failed to load contacts @ http://localhost:5173/src/App.jsx:1009
[ 1618902ms] [ERROR] Failed to load resource: net::ERR_CONNECTION_REFUSED @ http://localhost:8080/api/groups/mine?username=jade_test:0
[ 1618903ms] [LOG] Failed to load groups @ http://localhost:5173/src/App.jsx:1019
[ 1620784ms] [ERROR] Failed to load resource: net::ERR_CONNECTION_REFUSED @ http://localhost:8080/api/chat/history?user1=jade_test&user2=kai_test:0
[ 1620784ms] [LOG] Failed to load chat history @ http://localhost:5173/src/App.jsx:1066
[ 1622787ms] [ERROR] Failed to load resource: net::ERR_CONNECTION_REFUSED @ http://localhost:8080/api/chat/history?user1=jade_test&user2=kai_test:0
[ 1622787ms] [LOG] Failed to load chat history @ http://localhost:5173/src/App.jsx:1066
[ 1623899ms] [ERROR] Failed to load resource: net::ERR_CONNECTION_REFUSED @ http://localhost:8080/api/auth/users:0
[ 1623905ms] [LOG] Failed to load contacts @ http://localhost:5173/src/App.jsx:1009
[ 1623908ms] [ERROR] Failed to load resource: net::ERR_CONNECTION_REFUSED @ http://localhost:8080/api/groups/mine?username=jade_test:0
[ 1623910ms] [LOG] Failed to load groups @ http://localhost:5173/src/App.jsx:1019
[ 1624786ms] [ERROR] Failed to load resource: net::ERR_CONNECTION_REFUSED @ http://localhost:8080/api/chat/history?user1=jade_test&user2=kai_test:0
[ 1624786ms] [LOG] Failed to load chat history @ http://localhost:5173/src/App.jsx:1066
[ 1626788ms] [ERROR] Failed to load resource: net::ERR_CONNECTION_REFUSED @ http://localhost:8080/api/chat/history?user1=jade_test&user2=kai_test:0
[ 1626788ms] [LOG] Failed to load chat history @ http://localhost:5173/src/App.jsx:1066
[ 1628787ms] [ERROR] Failed to load resource: net::ERR_CONNECTION_REFUSED @ http://localhost:8080/api/chat/history?user1=jade_test&user2=kai_test:0
[ 1628787ms] [LOG] Failed to load chat history @ http://localhost:5173/src/App.jsx:1066
[ 1628899ms] [ERROR] Failed to load resource: net::ERR_CONNECTION_REFUSED @ http://localhost:8080/api/auth/users:0
[ 1628900ms] [LOG] Failed to load contacts @ http://localhost:5173/src/App.jsx:1009
[ 1628901ms] [ERROR] Failed to load resource: net::ERR_CONNECTION_REFUSED @ http://localhost:8080/api/groups/mine?username=jade_test:0
[ 1628901ms] [LOG] Failed to load groups @ http://localhost:5173/src/App.jsx:1019
[ 1630775ms] [ERROR] Failed to load resource: net::ERR_CONNECTION_REFUSED @ http://localhost:8080/api/chat/history?user1=jade_test&user2=kai_test:0
[ 1630776ms] [LOG] Failed to load chat history @ http://localhost:5173/src/App.jsx:1066
[ 1632781ms] [ERROR] Failed to load resource: net::ERR_CONNECTION_REFUSED @ http://localhost:8080/api/chat/history?user1=jade_test&user2=kai_test:0
[ 1632782ms] [LOG] Failed to load chat history @ http://localhost:5173/src/App.jsx:1066
[ 1633893ms] [ERROR] Failed to load resource: net::ERR_CONNECTION_REFUSED @ http://localhost:8080/api/auth/users:0
[ 1633894ms] [LOG] Failed to load contacts @ http://localhost:5173/src/App.jsx:1009
[ 1633895ms] [ERROR] Failed to load resource: net::ERR_CONNECTION_REFUSED @ http://localhost:8080/api/groups/mine?username=jade_test:0
[ 1633895ms] [LOG] Failed to load groups @ http://localhost:5173/src/App.jsx:1019
[ 1634791ms] [ERROR] Failed to load resource: net::ERR_CONNECTION_REFUSED @ http://localhost:8080/api/chat/history?user1=jade_test&user2=kai_test:0
[ 1634791ms] [LOG] Failed to load chat history @ http://localhost:5173/src/App.jsx:1066
[ 1636782ms] [ERROR] Failed to load resource: net::ERR_CONNECTION_REFUSED @ http://localhost:8080/api/chat/history?user1=jade_test&user2=kai_test:0
[ 1636782ms] [LOG] Failed to load chat history @ http://localhost:5173/src/App.jsx:1066
[ 1638791ms] [ERROR] Failed to load resource: net::ERR_CONNECTION_REFUSED @ http://localhost:8080/api/chat/history?user1=jade_test&user2=kai_test:0
[ 1638791ms] [LOG] Failed to load chat history @ http://localhost:5173/src/App.jsx:1066
[ 1638900ms] [ERROR] Failed to load resource: net::ERR_CONNECTION_REFUSED @ http://localhost:8080/api/auth/users:0
[ 1638900ms] [LOG] Failed to load contacts @ http://localhost:5173/src/App.jsx:1009
[ 1638901ms] [ERROR] Failed to load resource: net::ERR_CONNECTION_REFUSED @ http://localhost:8080/api/groups/mine?username=jade_test:0
[ 1638901ms] [LOG] Failed to load groups @ http://localhost:5173/src/App.jsx:1019
[ 1640779ms] [ERROR] Failed to load resource: net::ERR_CONNECTION_REFUSED @ http://localhost:8080/api/chat/history?user1=jade_test&user2=kai_test:0
[ 1640779ms] [LOG] Failed to load chat history @ http://localhost:5173/src/App.jsx:1066
[ 1642788ms] [ERROR] Failed to load resource: net::ERR_CONNECTION_REFUSED @ http://localhost:8080/api/chat/history?user1=jade_test&user2=kai_test:0
[ 1642793ms] [LOG] Failed to load chat history @ http://localhost:5173/src/App.jsx:1066
[ 1643900ms] [ERROR] Failed to load resource: net::ERR_CONNECTION_REFUSED @ http://localhost:8080/api/auth/users:0
[ 1643900ms] [LOG] Failed to load contacts @ http://localhost:5173/src/App.jsx:1009
[ 1643901ms] [ERROR] Failed to load resource: net::ERR_CONNECTION_REFUSED @ http://localhost:8080/api/groups/mine?username=jade_test:0
[ 1643901ms] [LOG] Failed to load groups @ http://localhost:5173/src/App.jsx:1019
[ 1644789ms] [ERROR] Failed to load resource: net::ERR_CONNECTION_REFUSED @ http://localhost:8080/api/chat/history?user1=jade_test&user2=kai_test:0
[ 1644789ms] [LOG] Failed to load chat history @ http://localhost:5173/src/App.jsx:1066
[ 1646792ms] [ERROR] Failed to load resource: net::ERR_CONNECTION_REFUSED @ http://localhost:8080/api/chat/history?user1=jade_test&user2=kai_test:0
[ 1646793ms] [LOG] Failed to load chat history @ http://localhost:5173/src/App.jsx:1066
[ 1648778ms] [ERROR] Failed to load resource: net::ERR_CONNECTION_REFUSED @ http://localhost:8080/api/chat/history?user1=jade_test&user2=kai_test:0
[ 1648778ms] [LOG] Failed to load chat history @ http://localhost:5173/src/App.jsx:1066
[ 1648903ms] [ERROR] Failed to load resource: net::ERR_CONNECTION_REFUSED @ http://localhost:8080/api/auth/users:0
[ 1648903ms] [LOG] Failed to load contacts @ http://localhost:5173/src/App.jsx:1009
[ 1648906ms] [ERROR] Failed to load resource: net::ERR_CONNECTION_REFUSED @ http://localhost:8080/api/groups/mine?username=jade_test:0
[ 1648906ms] [LOG] Failed to load groups @ http://localhost:5173/src/App.jsx:1019
[ 1650784ms] [ERROR] Failed to load resource: net::ERR_CONNECTION_REFUSED @ http://localhost:8080/api/chat/history?user1=jade_test&user2=kai_test:0
[ 1650784ms] [LOG] Failed to load chat history @ http://localhost:5173/src/App.jsx:1066
[ 1652775ms] [ERROR] Failed to load resource: net::ERR_CONNECTION_REFUSED @ http://localhost:8080/api/chat/history?user1=jade_test&user2=kai_test:0
[ 1652775ms] [LOG] Failed to load chat history @ http://localhost:5173/src/App.jsx:1066
[ 1653888ms] [ERROR] Failed to load resource: net::ERR_CONNECTION_REFUSED @ http://localhost:8080/api/auth/users:0
[ 1653889ms] [LOG] Failed to load contacts @ http://localhost:5173/src/App.jsx:1009
[ 1653890ms] [ERROR] Failed to load resource: net::ERR_CONNECTION_REFUSED @ http://localhost:8080/api/groups/mine?username=jade_test:0
[ 1653891ms] [LOG] Failed to load groups @ http://localhost:5173/src/App.jsx:1019
[ 1654783ms] [ERROR] Failed to load resource: net::ERR_CONNECTION_REFUSED @ http://localhost:8080/api/chat/history?user1=jade_test&user2=kai_test:0
[ 1654783ms] [LOG] Failed to load chat history @ http://localhost:5173/src/App.jsx:1066
[ 1656777ms] [ERROR] Failed to load resource: net::ERR_CONNECTION_REFUSED @ http://localhost:8080/api/chat/history?user1=jade_test&user2=kai_test:0
[ 1656777ms] [LOG] Failed to load chat history @ http://localhost:5173/src/App.jsx:1066
[ 1658779ms] [ERROR] Failed to load resource: net::ERR_CONNECTION_REFUSED @ http://localhost:8080/api/chat/history?user1=jade_test&user2=kai_test:0
[ 1658779ms] [LOG] Failed to load chat history @ http://localhost:5173/src/App.jsx:1066
[ 1658888ms] [ERROR] Failed to load resource: net::ERR_CONNECTION_REFUSED @ http://localhost:8080/api/auth/users:0
[ 1658888ms] [LOG] Failed to load contacts @ http://localhost:5173/src/App.jsx:1009
[ 1658890ms] [ERROR] Failed to load resource: net::ERR_CONNECTION_REFUSED @ http://localhost:8080/api/groups/mine?username=jade_test:0
[ 1658890ms] [LOG] Failed to load groups @ http://localhost:5173/src/App.jsx:1019
[ 1660791ms] [ERROR] Failed to load resource: net::ERR_CONNECTION_REFUSED @ http://localhost:8080/api/chat/history?user1=jade_test&user2=kai_test:0
[ 1660791ms] [LOG] Failed to load chat history @ http://localhost:5173/src/App.jsx:1066
[ 1662777ms] [ERROR] Failed to load resource: net::ERR_CONNECTION_REFUSED @ http://localhost:8080/api/chat/history?user1=jade_test&user2=kai_test:0
[ 1662778ms] [LOG] Failed to load chat history @ http://localhost:5173/src/App.jsx:1066
[ 1663904ms] [ERROR] Failed to load resource: net::ERR_CONNECTION_REFUSED @ http://localhost:8080/api/auth/users:0
[ 1663905ms] [LOG] Failed to load contacts @ http://localhost:5173/src/App.jsx:1009
[ 1663906ms] [ERROR] Failed to load resource: net::ERR_CONNECTION_REFUSED @ http://localhost:8080/api/groups/mine?username=jade_test:0
[ 1663907ms] [LOG] Failed to load groups @ http://localhost:5173/src/App.jsx:1019
[ 1664780ms] [ERROR] Failed to load resource: net::ERR_CONNECTION_REFUSED @ http://localhost:8080/api/chat/history?user1=jade_test&user2=kai_test:0
[ 1664780ms] [LOG] Failed to load chat history @ http://localhost:5173/src/App.jsx:1066
[ 1666790ms] [ERROR] Failed to load resource: net::ERR_CONNECTION_REFUSED @ http://localhost:8080/api/chat/history?user1=jade_test&user2=kai_test:0
[ 1666790ms] [LOG] Failed to load chat history @ http://localhost:5173/src/App.jsx:1066
[ 1668784ms] [ERROR] Failed to load resource: net::ERR_CONNECTION_REFUSED @ http://localhost:8080/api/chat/history?user1=jade_test&user2=kai_test:0
[ 1668784ms] [LOG] Failed to load chat history @ http://localhost:5173/src/App.jsx:1066
[ 1668908ms] [ERROR] Failed to load resource: net::ERR_CONNECTION_REFUSED @ http://localhost:8080/api/auth/users:0
[ 1668909ms] [LOG] Failed to load contacts @ http://localhost:5173/src/App.jsx:1009
[ 1668910ms] [ERROR] Failed to load resource: net::ERR_CONNECTION_REFUSED @ http://localhost:8080/api/groups/mine?username=jade_test:0
[ 1668910ms] [LOG] Failed to load groups @ http://localhost:5173/src/App.jsx:1019
[ 1670777ms] [ERROR] Failed to load resource: net::ERR_CONNECTION_REFUSED @ http://localhost:8080/api/chat/history?user1=jade_test&user2=kai_test:0
[ 1670777ms] [LOG] Failed to load chat history @ http://localhost:5173/src/App.jsx:1066
[ 1672784ms] [ERROR] Failed to load resource: net::ERR_CONNECTION_REFUSED @ http://localhost:8080/api/chat/history?user1=jade_test&user2=kai_test:0
[ 1672784ms] [LOG] Failed to load chat history @ http://localhost:5173/src/App.jsx:1066
[ 1673899ms] [ERROR] Failed to load resource: net::ERR_CONNECTION_REFUSED @ http://localhost:8080/api/auth/users:0
[ 1673899ms] [LOG] Failed to load contacts @ http://localhost:5173/src/App.jsx:1009
[ 1673900ms] [ERROR] Failed to load resource: net::ERR_CONNECTION_REFUSED @ http://localhost:8080/api/groups/mine?username=jade_test:0
[ 1673901ms] [LOG] Failed to load groups @ http://localhost:5173/src/App.jsx:1019
[ 1674784ms] [ERROR] Failed to load resource: net::ERR_CONNECTION_REFUSED @ http://localhost:8080/api/chat/history?user1=jade_test&user2=kai_test:0
[ 1674784ms] [LOG] Failed to load chat history @ http://localhost:5173/src/App.jsx:1066
[ 1676783ms] [ERROR] Failed to load resource: net::ERR_CONNECTION_REFUSED @ http://localhost:8080/api/chat/history?user1=jade_test&user2=kai_test:0
[ 1676783ms] [LOG] Failed to load chat history @ http://localhost:5173/src/App.jsx:1066
[ 1678786ms] [ERROR] Failed to load resource: net::ERR_CONNECTION_REFUSED @ http://localhost:8080/api/chat/history?user1=jade_test&user2=kai_test:0
[ 1678786ms] [LOG] Failed to load chat history @ http://localhost:5173/src/App.jsx:1066
[ 1678896ms] [ERROR] Failed to load resource: net::ERR_CONNECTION_REFUSED @ http://localhost:8080/api/auth/users:0
[ 1678897ms] [LOG] Failed to load contacts @ http://localhost:5173/src/App.jsx:1009
[ 1678898ms] [ERROR] Failed to load resource: net::ERR_CONNECTION_REFUSED @ http://localhost:8080/api/groups/mine?username=jade_test:0
[ 1678899ms] [LOG] Failed to load groups @ http://localhost:5173/src/App.jsx:1019
[ 1680778ms] [ERROR] Failed to load resource: net::ERR_CONNECTION_REFUSED @ http://localhost:8080/api/chat/history?user1=jade_test&user2=kai_test:0
[ 1680778ms] [LOG] Failed to load chat history @ http://localhost:5173/src/App.jsx:1066
[ 1682777ms] [ERROR] Failed to load resource: net::ERR_CONNECTION_REFUSED @ http://localhost:8080/api/chat/history?user1=jade_test&user2=kai_test:0
[ 1682777ms] [LOG] Failed to load chat history @ http://localhost:5173/src/App.jsx:1066
[ 1683888ms] [ERROR] Failed to load resource: net::ERR_CONNECTION_REFUSED @ http://localhost:8080/api/auth/users:0
[ 1683888ms] [LOG] Failed to load contacts @ http://localhost:5173/src/App.jsx:1009
[ 1683889ms] [ERROR] Failed to load resource: net::ERR_CONNECTION_REFUSED @ http://localhost:8080/api/groups/mine?username=jade_test:0
[ 1683890ms] [LOG] Failed to load groups @ http://localhost:5173/src/App.jsx:1019
[ 1684784ms] [ERROR] Failed to load resource: net::ERR_CONNECTION_REFUSED @ http://localhost:8080/api/chat/history?user1=jade_test&user2=kai_test:0
[ 1684784ms] [LOG] Failed to load chat history @ http://localhost:5173/src/App.jsx:1066
[ 1686794ms] [ERROR] Failed to load resource: net::ERR_CONNECTION_REFUSED @ http://localhost:8080/api/chat/history?user1=jade_test&user2=kai_test:0
[ 1686795ms] [LOG] Failed to load chat history @ http://localhost:5173/src/App.jsx:1066
[ 1688793ms] [ERROR] Failed to load resource: net::ERR_CONNECTION_REFUSED @ http://localhost:8080/api/chat/history?user1=jade_test&user2=kai_test:0
[ 1688793ms] [LOG] Failed to load chat history @ http://localhost:5173/src/App.jsx:1066
[ 1688899ms] [ERROR] Failed to load resource: net::ERR_CONNECTION_REFUSED @ http://localhost:8080/api/auth/users:0
[ 1688900ms] [LOG] Failed to load contacts @ http://localhost:5173/src/App.jsx:1009
[ 1688901ms] [ERROR] Failed to load resource: net::ERR_CONNECTION_REFUSED @ http://localhost:8080/api/groups/mine?username=jade_test:0
[ 1688901ms] [LOG] Failed to load groups @ http://localhost:5173/src/App.jsx:1019
[ 1690784ms] [ERROR] Failed to load resource: net::ERR_CONNECTION_REFUSED @ http://localhost:8080/api/chat/history?user1=jade_test&user2=kai_test:0
[ 1690786ms] [LOG] Failed to load chat history @ http://localhost:5173/src/App.jsx:1066
[ 1692779ms] [ERROR] Failed to load resource: net::ERR_CONNECTION_REFUSED @ http://localhost:8080/api/chat/history?user1=jade_test&user2=kai_test:0
[ 1692779ms] [LOG] Failed to load chat history @ http://localhost:5173/src/App.jsx:1066
[ 1693893ms] [ERROR] Failed to load resource: net::ERR_CONNECTION_REFUSED @ http://localhost:8080/api/auth/users:0
[ 1693893ms] [LOG] Failed to load contacts @ http://localhost:5173/src/App.jsx:1009
[ 1693895ms] [ERROR] Failed to load resource: net::ERR_CONNECTION_REFUSED @ http://localhost:8080/api/groups/mine?username=jade_test:0
[ 1693895ms] [LOG] Failed to load groups @ http://localhost:5173/src/App.jsx:1019
[ 1694786ms] [ERROR] Failed to load resource: net::ERR_CONNECTION_REFUSED @ http://localhost:8080/api/chat/history?user1=jade_test&user2=kai_test:0
[ 1694786ms] [LOG] Failed to load chat history @ http://localhost:5173/src/App.jsx:1066
[ 1696777ms] [ERROR] Failed to load resource: net::ERR_CONNECTION_REFUSED @ http://localhost:8080/api/chat/history?user1=jade_test&user2=kai_test:0
[ 1696777ms] [LOG] Failed to load chat history @ http://localhost:5173/src/App.jsx:1066
[ 1698786ms] [ERROR] Failed to load resource: net::ERR_CONNECTION_REFUSED @ http://localhost:8080/api/chat/history?user1=jade_test&user2=kai_test:0
[ 1698786ms] [LOG] Failed to load chat history @ http://localhost:5173/src/App.jsx:1066
[ 1698898ms] [ERROR] Failed to load resource: net::ERR_CONNECTION_REFUSED @ http://localhost:8080/api/auth/users:0
[ 1698899ms] [LOG] Failed to load contacts @ http://localhost:5173/src/App.jsx:1009
[ 1698900ms] [ERROR] Failed to load resource: net::ERR_CONNECTION_REFUSED @ http://localhost:8080/api/groups/mine?username=jade_test:0
[ 1698900ms] [LOG] Failed to load groups @ http://localhost:5173/src/App.jsx:1019
[ 1700787ms] [ERROR] Failed to load resource: net::ERR_CONNECTION_REFUSED @ http://localhost:8080/api/chat/history?user1=jade_test&user2=kai_test:0
[ 1700787ms] [LOG] Failed to load chat history @ http://localhost:5173/src/App.jsx:1066
[ 1702782ms] [ERROR] Failed to load resource: net::ERR_CONNECTION_REFUSED @ http://localhost:8080/api/chat/history?user1=jade_test&user2=kai_test:0
[ 1702783ms] [LOG] Failed to load chat history @ http://localhost:5173/src/App.jsx:1066
[ 1703899ms] [ERROR] Failed to load resource: net::ERR_CONNECTION_REFUSED @ http://localhost:8080/api/auth/users:0
[ 1703900ms] [LOG] Failed to load contacts @ http://localhost:5173/src/App.jsx:1009
[ 1703901ms] [ERROR] Failed to load resource: net::ERR_CONNECTION_REFUSED @ http://localhost:8080/api/groups/mine?username=jade_test:0
[ 1703901ms] [LOG] Failed to load groups @ http://localhost:5173/src/App.jsx:1019
[ 1704796ms] [ERROR] Failed to load resource: net::ERR_CONNECTION_REFUSED @ http://localhost:8080/api/chat/history?user1=jade_test&user2=kai_test:0
[ 1704797ms] [LOG] Failed to load chat history @ http://localhost:5173/src/App.jsx:1066
[ 1706782ms] [ERROR] Failed to load resource: net::ERR_CONNECTION_REFUSED @ http://localhost:8080/api/chat/history?user1=jade_test&user2=kai_test:0
[ 1706782ms] [LOG] Failed to load chat history @ http://localhost:5173/src/App.jsx:1066
[ 1708778ms] [ERROR] Failed to load resource: net::ERR_CONNECTION_REFUSED @ http://localhost:8080/api/chat/history?user1=jade_test&user2=kai_test:0
[ 1708778ms] [LOG] Failed to load chat history @ http://localhost:5173/src/App.jsx:1066
[ 1708889ms] [ERROR] Failed to load resource: net::ERR_CONNECTION_REFUSED @ http://localhost:8080/api/auth/users:0
[ 1708889ms] [LOG] Failed to load contacts @ http://localhost:5173/src/App.jsx:1009
[ 1708889ms] [ERROR] Failed to load resource: net::ERR_CONNECTION_REFUSED @ http://localhost:8080/api/groups/mine?username=jade_test:0
[ 1708890ms] [LOG] Failed to load groups @ http://localhost:5173/src/App.jsx:1019
[ 1710798ms] [ERROR] Failed to load resource: net::ERR_CONNECTION_REFUSED @ http://localhost:8080/api/chat/history?user1=jade_test&user2=kai_test:0
[ 1710798ms] [LOG] Failed to load chat history @ http://localhost:5173/src/App.jsx:1066
[ 1712776ms] [ERROR] Failed to load resource: net::ERR_CONNECTION_REFUSED @ http://localhost:8080/api/chat/history?user1=jade_test&user2=kai_test:0
[ 1712776ms] [LOG] Failed to load chat history @ http://localhost:5173/src/App.jsx:1066
[ 1713900ms] [ERROR] Failed to load resource: net::ERR_CONNECTION_REFUSED @ http://localhost:8080/api/auth/users:0
[ 1713901ms] [LOG] Failed to load contacts @ http://localhost:5173/src/App.jsx:1009
[ 1713903ms] [ERROR] Failed to load resource: net::ERR_CONNECTION_REFUSED @ http://localhost:8080/api/groups/mine?username=jade_test:0
[ 1713903ms] [LOG] Failed to load groups @ http://localhost:5173/src/App.jsx:1019
[ 1714777ms] [ERROR] Failed to load resource: net::ERR_CONNECTION_REFUSED @ http://localhost:8080/api/chat/history?user1=jade_test&user2=kai_test:0
[ 1714777ms] [LOG] Failed to load chat history @ http://localhost:5173/src/App.jsx:1066
[ 1716871ms] [ERROR] Failed to load resource: net::ERR_CONNECTION_REFUSED @ http://localhost:8080/api/chat/history?user1=jade_test&user2=kai_test:0
[ 1716872ms] [LOG] Failed to load chat history @ http://localhost:5173/src/App.jsx:1066
[ 1718779ms] [ERROR] Failed to load resource: net::ERR_CONNECTION_REFUSED @ http://localhost:8080/api/chat/history?user1=jade_test&user2=kai_test:0
[ 1718779ms] [LOG] Failed to load chat history @ http://localhost:5173/src/App.jsx:1066
[ 1718897ms] [ERROR] Failed to load resource: net::ERR_CONNECTION_REFUSED @ http://localhost:8080/api/auth/users:0
[ 1718897ms] [LOG] Failed to load contacts @ http://localhost:5173/src/App.jsx:1009
[ 1718897ms] [ERROR] Failed to load resource: net::ERR_CONNECTION_REFUSED @ http://localhost:8080/api/groups/mine?username=jade_test:0
[ 1718897ms] [LOG] Failed to load groups @ http://localhost:5173/src/App.jsx:1019
[ 1720779ms] [ERROR] Failed to load resource: net::ERR_CONNECTION_REFUSED @ http://localhost:8080/api/chat/history?user1=jade_test&user2=kai_test:0
[ 1720779ms] [LOG] Failed to load chat history @ http://localhost:5173/src/App.jsx:1066
[ 1722779ms] [ERROR] Failed to load resource: net::ERR_CONNECTION_REFUSED @ http://localhost:8080/api/chat/history?user1=jade_test&user2=kai_test:0
[ 1722781ms] [LOG] Failed to load chat history @ http://localhost:5173/src/App.jsx:1066
[ 1723907ms] [ERROR] Failed to load resource: net::ERR_CONNECTION_REFUSED @ http://localhost:8080/api/auth/users:0
[ 1723911ms] [LOG] Failed to load contacts @ http://localhost:5173/src/App.jsx:1009
[ 1723914ms] [ERROR] Failed to load resource: net::ERR_CONNECTION_REFUSED @ http://localhost:8080/api/groups/mine?username=jade_test:0
[ 1723915ms] [LOG] Failed to load groups @ http://localhost:5173/src/App.jsx:1019
[ 1724789ms] [ERROR] Failed to load resource: net::ERR_CONNECTION_REFUSED @ http://localhost:8080/api/chat/history?user1=jade_test&user2=kai_test:0
[ 1724789ms] [LOG] Failed to load chat history @ http://localhost:5173/src/App.jsx:1066
[ 1726790ms] [ERROR] Failed to load resource: net::ERR_CONNECTION_REFUSED @ http://localhost:8080/api/chat/history?user1=jade_test&user2=kai_test:0
[ 1726790ms] [LOG] Failed to load chat history @ http://localhost:5173/src/App.jsx:1066
[ 1728779ms] [ERROR] Failed to load resource: net::ERR_CONNECTION_REFUSED @ http://localhost:8080/api/chat/history?user1=jade_test&user2=kai_test:0
[ 1728779ms] [LOG] Failed to load chat history @ http://localhost:5173/src/App.jsx:1066
[ 1728888ms] [ERROR] Failed to load resource: net::ERR_CONNECTION_REFUSED @ http://localhost:8080/api/auth/users:0
[ 1728888ms] [LOG] Failed to load contacts @ http://localhost:5173/src/App.jsx:1009
[ 1728890ms] [ERROR] Failed to load resource: net::ERR_CONNECTION_REFUSED @ http://localhost:8080/api/groups/mine?username=jade_test:0
[ 1728890ms] [LOG] Failed to load groups @ http://localhost:5173/src/App.jsx:1019
[ 1730783ms] [ERROR] Failed to load resource: net::ERR_CONNECTION_REFUSED @ http://localhost:8080/api/chat/history?user1=jade_test&user2=kai_test:0
[ 1730783ms] [LOG] Failed to load chat history @ http://localhost:5173/src/App.jsx:1066
[ 1732784ms] [ERROR] Failed to load resource: net::ERR_CONNECTION_REFUSED @ http://localhost:8080/api/chat/history?user1=jade_test&user2=kai_test:0
[ 1732784ms] [LOG] Failed to load chat history @ http://localhost:5173/src/App.jsx:1066
[ 1733898ms] [ERROR] Failed to load resource: net::ERR_CONNECTION_REFUSED @ http://localhost:8080/api/auth/users:0
[ 1733899ms] [LOG] Failed to load contacts @ http://localhost:5173/src/App.jsx:1009
[ 1733901ms] [ERROR] Failed to load resource: net::ERR_CONNECTION_REFUSED @ http://localhost:8080/api/groups/mine?username=jade_test:0
[ 1733901ms] [LOG] Failed to load groups @ http://localhost:5173/src/App.jsx:1019
[ 1734776ms] [ERROR] Failed to load resource: net::ERR_CONNECTION_REFUSED @ http://localhost:8080/api/chat/history?user1=jade_test&user2=kai_test:0
[ 1734777ms] [LOG] Failed to load chat history @ http://localhost:5173/src/App.jsx:1066
[ 1736789ms] [ERROR] Failed to load resource: net::ERR_CONNECTION_REFUSED @ http://localhost:8080/api/chat/history?user1=jade_test&user2=kai_test:0
[ 1736791ms] [LOG] Failed to load chat history @ http://localhost:5173/src/App.jsx:1066
[ 1738791ms] [ERROR] Failed to load resource: net::ERR_CONNECTION_REFUSED @ http://localhost:8080/api/chat/history?user1=jade_test&user2=kai_test:0
[ 1738791ms] [LOG] Failed to load chat history @ http://localhost:5173/src/App.jsx:1066
[ 1738899ms] [ERROR] Failed to load resource: net::ERR_CONNECTION_REFUSED @ http://localhost:8080/api/auth/users:0
[ 1738899ms] [LOG] Failed to load contacts @ http://localhost:5173/src/App.jsx:1009
[ 1738901ms] [ERROR] Failed to load resource: net::ERR_CONNECTION_REFUSED @ http://localhost:8080/api/groups/mine?username=jade_test:0
[ 1738901ms] [LOG] Failed to load groups @ http://localhost:5173/src/App.jsx:1019
[ 1740791ms] [ERROR] Failed to load resource: net::ERR_CONNECTION_REFUSED @ http://localhost:8080/api/chat/history?user1=jade_test&user2=kai_test:0
[ 1740791ms] [LOG] Failed to load chat history @ http://localhost:5173/src/App.jsx:1066
[ 1742779ms] [ERROR] Failed to load resource: net::ERR_CONNECTION_REFUSED @ http://localhost:8080/api/chat/history?user1=jade_test&user2=kai_test:0
[ 1742779ms] [LOG] Failed to load chat history @ http://localhost:5173/src/App.jsx:1066
[ 1743890ms] [ERROR] Failed to load resource: net::ERR_CONNECTION_REFUSED @ http://localhost:8080/api/auth/users:0
[ 1743891ms] [LOG] Failed to load contacts @ http://localhost:5173/src/App.jsx:1009
[ 1743893ms] [ERROR] Failed to load resource: net::ERR_CONNECTION_REFUSED @ http://localhost:8080/api/groups/mine?username=jade_test:0
[ 1743893ms] [LOG] Failed to load groups @ http://localhost:5173/src/App.jsx:1019
[ 1744787ms] [ERROR] Failed to load resource: net::ERR_CONNECTION_REFUSED @ http://localhost:8080/api/chat/history?user1=jade_test&user2=kai_test:0
[ 1744787ms] [LOG] Failed to load chat history @ http://localhost:5173/src/App.jsx:1066
[ 1746779ms] [ERROR] Failed to load resource: net::ERR_CONNECTION_REFUSED @ http://localhost:8080/api/chat/history?user1=jade_test&user2=kai_test:0
[ 1746780ms] [LOG] Failed to load chat history @ http://localhost:5173/src/App.jsx:1066
[ 1748785ms] [ERROR] Failed to load resource: net::ERR_CONNECTION_REFUSED @ http://localhost:8080/api/chat/history?user1=jade_test&user2=kai_test:0
[ 1748785ms] [LOG] Failed to load chat history @ http://localhost:5173/src/App.jsx:1066
[ 1748893ms] [ERROR] Failed to load resource: net::ERR_CONNECTION_REFUSED @ http://localhost:8080/api/auth/users:0
[ 1748895ms] [LOG] Failed to load contacts @ http://localhost:5173/src/App.jsx:1009
[ 1748896ms] [ERROR] Failed to load resource: net::ERR_CONNECTION_REFUSED @ http://localhost:8080/api/groups/mine?username=jade_test:0
[ 1748896ms] [LOG] Failed to load groups @ http://localhost:5173/src/App.jsx:1019
[ 1750786ms] [ERROR] Failed to load resource: net::ERR_CONNECTION_REFUSED @ http://localhost:8080/api/chat/history?user1=jade_test&user2=kai_test:0
[ 1750787ms] [LOG] Failed to load chat history @ http://localhost:5173/src/App.jsx:1066
[ 1752788ms] [ERROR] Failed to load resource: net::ERR_CONNECTION_REFUSED @ http://localhost:8080/api/chat/history?user1=jade_test&user2=kai_test:0
[ 1752790ms] [LOG] Failed to load chat history @ http://localhost:5173/src/App.jsx:1066
[ 1753897ms] [ERROR] Failed to load resource: net::ERR_CONNECTION_REFUSED @ http://localhost:8080/api/auth/users:0
[ 1753897ms] [LOG] Failed to load contacts @ http://localhost:5173/src/App.jsx:1009
[ 1753899ms] [ERROR] Failed to load resource: net::ERR_CONNECTION_REFUSED @ http://localhost:8080/api/groups/mine?username=jade_test:0
[ 1753900ms] [LOG] Failed to load groups @ http://localhost:5173/src/App.jsx:1019
[ 1754792ms] [ERROR] Failed to load resource: net::ERR_CONNECTION_REFUSED @ http://localhost:8080/api/chat/history?user1=jade_test&user2=kai_test:0
[ 1754796ms] [LOG] Failed to load chat history @ http://localhost:5173/src/App.jsx:1066
[ 1756779ms] [ERROR] Failed to load resource: net::ERR_CONNECTION_REFUSED @ http://localhost:8080/api/chat/history?user1=jade_test&user2=kai_test:0
[ 1756780ms] [LOG] Failed to load chat history @ http://localhost:5173/src/App.jsx:1066
[ 1758784ms] [ERROR] Failed to load resource: net::ERR_CONNECTION_REFUSED @ http://localhost:8080/api/chat/history?user1=jade_test&user2=kai_test:0
[ 1758786ms] [LOG] Failed to load chat history @ http://localhost:5173/src/App.jsx:1066
[ 1758896ms] [ERROR] Failed to load resource: net::ERR_CONNECTION_REFUSED @ http://localhost:8080/api/auth/users:0
[ 1758896ms] [LOG] Failed to load contacts @ http://localhost:5173/src/App.jsx:1009
[ 1758897ms] [ERROR] Failed to load resource: net::ERR_CONNECTION_REFUSED @ http://localhost:8080/api/groups/mine?username=jade_test:0
[ 1758897ms] [LOG] Failed to load groups @ http://localhost:5173/src/App.jsx:1019
[ 1760784ms] [ERROR] Failed to load resource: net::ERR_CONNECTION_REFUSED @ http://localhost:8080/api/chat/history?user1=jade_test&user2=kai_test:0
[ 1760784ms] [LOG] Failed to load chat history @ http://localhost:5173/src/App.jsx:1066
[ 1762783ms] [ERROR] Failed to load resource: net::ERR_CONNECTION_REFUSED @ http://localhost:8080/api/chat/history?user1=jade_test&user2=kai_test:0
[ 1762783ms] [LOG] Failed to load chat history @ http://localhost:5173/src/App.jsx:1066
[ 1763897ms] [ERROR] Failed to load resource: net::ERR_CONNECTION_REFUSED @ http://localhost:8080/api/auth/users:0
[ 1763898ms] [LOG] Failed to load contacts @ http://localhost:5173/src/App.jsx:1009
[ 1763900ms] [ERROR] Failed to load resource: net::ERR_CONNECTION_REFUSED @ http://localhost:8080/api/groups/mine?username=jade_test:0
[ 1763901ms] [LOG] Failed to load groups @ http://localhost:5173/src/App.jsx:1019
[ 1764787ms] [ERROR] Failed to load resource: net::ERR_CONNECTION_REFUSED @ http://localhost:8080/api/chat/history?user1=jade_test&user2=kai_test:0
[ 1764787ms] [LOG] Failed to load chat history @ http://localhost:5173/src/App.jsx:1066
[ 1766786ms] [ERROR] Failed to load resource: net::ERR_CONNECTION_REFUSED @ http://localhost:8080/api/chat/history?user1=jade_test&user2=kai_test:0
[ 1766786ms] [LOG] Failed to load chat history @ http://localhost:5173/src/App.jsx:1066
[ 1768784ms] [ERROR] Failed to load resource: net::ERR_CONNECTION_REFUSED @ http://localhost:8080/api/chat/history?user1=jade_test&user2=kai_test:0
[ 1768784ms] [LOG] Failed to load chat history @ http://localhost:5173/src/App.jsx:1066
[ 1768895ms] [ERROR] Failed to load resource: net::ERR_CONNECTION_REFUSED @ http://localhost:8080/api/auth/users:0
[ 1768896ms] [LOG] Failed to load contacts @ http://localhost:5173/src/App.jsx:1009
[ 1768897ms] [ERROR] Failed to load resource: net::ERR_CONNECTION_REFUSED @ http://localhost:8080/api/groups/mine?username=jade_test:0
[ 1768898ms] [LOG] Failed to load groups @ http://localhost:5173/src/App.jsx:1019
[ 1770783ms] [ERROR] Failed to load resource: net::ERR_CONNECTION_REFUSED @ http://localhost:8080/api/chat/history?user1=jade_test&user2=kai_test:0
[ 1770783ms] [LOG] Failed to load chat history @ http://localhost:5173/src/App.jsx:1066
[ 1772786ms] [ERROR] Failed to load resource: net::ERR_CONNECTION_REFUSED @ http://localhost:8080/api/chat/history?user1=jade_test&user2=kai_test:0
[ 1772786ms] [LOG] Failed to load chat history @ http://localhost:5173/src/App.jsx:1066
[ 1773926ms] [ERROR] Failed to load resource: net::ERR_CONNECTION_REFUSED @ http://localhost:8080/api/auth/users:0
[ 1773941ms] [LOG] Failed to load contacts @ http://localhost:5173/src/App.jsx:1009
[ 1773943ms] [ERROR] Failed to load resource: net::ERR_CONNECTION_REFUSED @ http://localhost:8080/api/groups/mine?username=jade_test:0
[ 1773943ms] [LOG] Failed to load groups @ http://localhost:5173/src/App.jsx:1019
[ 1774786ms] [ERROR] Failed to load resource: net::ERR_CONNECTION_REFUSED @ http://localhost:8080/api/chat/history?user1=jade_test&user2=kai_test:0
[ 1774786ms] [LOG] Failed to load chat history @ http://localhost:5173/src/App.jsx:1066
[ 1776785ms] [ERROR] Failed to load resource: net::ERR_CONNECTION_REFUSED @ http://localhost:8080/api/chat/history?user1=jade_test&user2=kai_test:0
[ 1776785ms] [LOG] Failed to load chat history @ http://localhost:5173/src/App.jsx:1066
[ 1778786ms] [ERROR] Failed to load resource: net::ERR_CONNECTION_REFUSED @ http://localhost:8080/api/chat/history?user1=jade_test&user2=kai_test:0
[ 1778786ms] [LOG] Failed to load chat history @ http://localhost:5173/src/App.jsx:1066
[ 1778898ms] [ERROR] Failed to load resource: net::ERR_CONNECTION_REFUSED @ http://localhost:8080/api/auth/users:0
[ 1778898ms] [LOG] Failed to load contacts @ http://localhost:5173/src/App.jsx:1009
[ 1778898ms] [ERROR] Failed to load resource: net::ERR_CONNECTION_REFUSED @ http://localhost:8080/api/groups/mine?username=jade_test:0
[ 1778898ms] [LOG] Failed to load groups @ http://localhost:5173/src/App.jsx:1019
[ 1780784ms] [ERROR] Failed to load resource: net::ERR_CONNECTION_REFUSED @ http://localhost:8080/api/chat/history?user1=jade_test&user2=kai_test:0
[ 1780784ms] [LOG] Failed to load chat history @ http://localhost:5173/src/App.jsx:1066
[ 1782783ms] [ERROR] Failed to load resource: net::ERR_CONNECTION_REFUSED @ http://localhost:8080/api/chat/history?user1=jade_test&user2=kai_test:0
[ 1782783ms] [LOG] Failed to load chat history @ http://localhost:5173/src/App.jsx:1066
[ 1783890ms] [ERROR] Failed to load resource: net::ERR_CONNECTION_REFUSED @ http://localhost:8080/api/auth/users:0
[ 1783890ms] [LOG] Failed to load contacts @ http://localhost:5173/src/App.jsx:1009
[ 1783891ms] [ERROR] Failed to load resource: net::ERR_CONNECTION_REFUSED @ http://localhost:8080/api/groups/mine?username=jade_test:0
[ 1783891ms] [LOG] Failed to load groups @ http://localhost:5173/src/App.jsx:1019
[ 1784778ms] [ERROR] Failed to load resource: net::ERR_CONNECTION_REFUSED @ http://localhost:8080/api/chat/history?user1=jade_test&user2=kai_test:0
[ 1784778ms] [LOG] Failed to load chat history @ http://localhost:5173/src/App.jsx:1066
[ 1786784ms] [ERROR] Failed to load resource: net::ERR_CONNECTION_REFUSED @ http://localhost:8080/api/chat/history?user1=jade_test&user2=kai_test:0
[ 1786784ms] [LOG] Failed to load chat history @ http://localhost:5173/src/App.jsx:1066
[ 1788784ms] [ERROR] Failed to load resource: net::ERR_CONNECTION_REFUSED @ http://localhost:8080/api/chat/history?user1=jade_test&user2=kai_test:0
[ 1788784ms] [LOG] Failed to load chat history @ http://localhost:5173/src/App.jsx:1066
[ 1788900ms] [ERROR] Failed to load resource: net::ERR_CONNECTION_REFUSED @ http://localhost:8080/api/auth/users:0
[ 1788900ms] [LOG] Failed to load contacts @ http://localhost:5173/src/App.jsx:1009
[ 1788900ms] [ERROR] Failed to load resource: net::ERR_CONNECTION_REFUSED @ http://localhost:8080/api/groups/mine?username=jade_test:0
[ 1788900ms] [LOG] Failed to load groups @ http://localhost:5173/src/App.jsx:1019
[ 1790786ms] [ERROR] Failed to load resource: net::ERR_CONNECTION_REFUSED @ http://localhost:8080/api/chat/history?user1=jade_test&user2=kai_test:0
[ 1790786ms] [LOG] Failed to load chat history @ http://localhost:5173/src/App.jsx:1066
[ 1792781ms] [ERROR] Failed to load resource: net::ERR_CONNECTION_REFUSED @ http://localhost:8080/api/chat/history?user1=jade_test&user2=kai_test:0
[ 1792781ms] [LOG] Failed to load chat history @ http://localhost:5173/src/App.jsx:1066
[ 1793894ms] [ERROR] Failed to load resource: net::ERR_CONNECTION_REFUSED @ http://localhost:8080/api/auth/users:0
[ 1793894ms] [LOG] Failed to load contacts @ http://localhost:5173/src/App.jsx:1009
[ 1793895ms] [ERROR] Failed to load resource: net::ERR_CONNECTION_REFUSED @ http://localhost:8080/api/groups/mine?username=jade_test:0
[ 1793895ms] [LOG] Failed to load groups @ http://localhost:5173/src/App.jsx:1019
[ 1794794ms] [ERROR] Failed to load resource: net::ERR_CONNECTION_REFUSED @ http://localhost:8080/api/chat/history?user1=jade_test&user2=kai_test:0
[ 1794794ms] [LOG] Failed to load chat history @ http://localhost:5173/src/App.jsx:1066
[ 1796781ms] [ERROR] Failed to load resource: net::ERR_CONNECTION_REFUSED @ http://localhost:8080/api/chat/history?user1=jade_test&user2=kai_test:0
[ 1796781ms] [LOG] Failed to load chat history @ http://localhost:5173/src/App.jsx:1066
[ 1798792ms] [ERROR] Failed to load resource: net::ERR_CONNECTION_REFUSED @ http://localhost:8080/api/chat/history?user1=jade_test&user2=kai_test:0
[ 1798792ms] [LOG] Failed to load chat history @ http://localhost:5173/src/App.jsx:1066
[ 1798888ms] [ERROR] Failed to load resource: net::ERR_CONNECTION_REFUSED @ http://localhost:8080/api/auth/users:0
[ 1798889ms] [LOG] Failed to load contacts @ http://localhost:5173/src/App.jsx:1009
[ 1798890ms] [ERROR] Failed to load resource: net::ERR_CONNECTION_REFUSED @ http://localhost:8080/api/groups/mine?username=jade_test:0
[ 1798890ms] [LOG] Failed to load groups @ http://localhost:5173/src/App.jsx:1019
[ 1800777ms] [ERROR] Failed to load resource: net::ERR_CONNECTION_REFUSED @ http://localhost:8080/api/chat/history?user1=jade_test&user2=kai_test:0
[ 1800777ms] [LOG] Failed to load chat history @ http://localhost:5173/src/App.jsx:1066
